# Blender 4.4.0
# www.blender.org
mtllib titleFont.mtl
o テキスト
v -7.200654 -2.258538 -0.759998
v -7.811082 -2.258538 -0.759998
v -7.811082 -1.968595 -0.759998
v -7.200654 -1.968595 -0.759998
v -7.200654 -1.520230 -0.759998
v -7.200654 -1.795228 -0.759998
v -7.811082 -1.795228 -0.759998
v -7.811082 -1.520230 -0.759998
v -7.992913 -2.434895 -0.759998
v -7.200654 -2.434895 -0.759998
v -7.200654 -2.587340 -0.759998
v -7.024018 -2.587340 -0.759998
v -7.024018 -1.343873 -0.759998
v -7.992913 -1.343873 -0.759998
v -6.642175 -0.946322 -0.759999
v -7.208446 -0.946322 -0.759998
v -7.208446 -0.680292 -0.759999
v -6.642175 -0.680292 -0.759999
v -6.642175 -0.264807 -0.759999
v -6.642175 -0.515892 -0.759999
v -7.208446 -0.515892 -0.759999
v -7.208446 -0.264807 -0.759999
v -7.811082 -0.949311 -0.759998
v -8.395537 -0.949311 -0.759998
v -8.395537 -0.680292 -0.759998
v -7.811082 -0.680292 -0.759998
v -7.811082 -0.264807 -0.759998
v -7.811082 -0.515892 -0.759998
v -8.395537 -0.515892 -0.759998
v -8.395537 -0.264807 -0.759998
v -8.592954 -2.416961 -0.759998
v -8.592341 -2.451358 -0.759998
v -8.590440 -2.482901 -0.759998
v -8.587150 -2.511725 -0.759998
v -8.582370 -2.537964 -0.759998
v -8.576003 -2.561754 -0.759998
v -8.567952 -2.583230 -0.759998
v -8.558112 -2.602525 -0.759998
v -8.546390 -2.619777 -0.759998
v -8.532681 -2.635118 -0.759998
v -8.516891 -2.648685 -0.759998
v -8.498918 -2.660613 -0.759998
v -8.478660 -2.671034 -0.759998
v -8.456677 -2.680021 -0.759998
v -8.432252 -2.687627 -0.759998
v -8.405318 -2.693967 -0.759998
v -8.375813 -2.699154 -0.759998
v -8.343677 -2.703304 -0.759998
v -8.308843 -2.706530 -0.759998
v -8.271249 -2.708947 -0.759998
v -8.230830 -2.710668 -0.759998
v -8.187528 -2.711808 -0.759998
v -8.141274 -2.712481 -0.759998
v -8.092010 -2.712801 -0.759998
v -8.039670 -2.712882 -0.759998
v -8.036704 -2.696366 -0.759998
v -8.033044 -2.678397 -0.759998
v -8.028752 -2.659265 -0.759998
v -8.023892 -2.639262 -0.759998
v -8.018527 -2.618677 -0.759998
v -8.012721 -2.597802 -0.759998
v -8.006536 -2.576926 -0.759998
v -8.000033 -2.556342 -0.759998
v -7.993279 -2.536338 -0.759998
v -7.986337 -2.517207 -0.759998
v -7.979266 -2.499237 -0.759998
v -7.972133 -2.482721 -0.759998
v -8.011682 -2.484035 -0.759998
v -8.050841 -2.485018 -0.759998
v -8.089227 -2.485710 -0.759998
v -8.126447 -2.486152 -0.759998
v -8.162118 -2.486388 -0.759998
v -8.195849 -2.486457 -0.759998
v -8.227252 -2.486402 -0.759998
v -8.255942 -2.486263 -0.759998
v -8.281528 -2.486083 -0.759998
v -8.303624 -2.485904 -0.759998
v -8.321841 -2.485765 -0.759998
v -8.335793 -2.485710 -0.759998
v -8.346244 -2.484698 -0.759998
v -8.355552 -2.483095 -0.759998
v -8.363757 -2.480807 -0.759998
v -8.370908 -2.477740 -0.759998
v -8.377049 -2.473801 -0.759998
v -8.382226 -2.468897 -0.759998
v -8.386481 -2.462934 -0.759998
v -8.389861 -2.455819 -0.759998
v -8.392413 -2.447459 -0.759998
v -8.394179 -2.437760 -0.759998
v -8.395205 -2.426629 -0.759998
v -8.395537 -2.413972 -0.759998
v -8.395537 -1.122679 -0.759998
v -7.626657 -1.122679 -0.759998
v -7.626657 -0.091439 -0.759998
v -8.494246 -0.091439 -0.759998
v -8.592954 -0.091439 -0.759998
v -7.390277 -1.116701 -0.759998
v -6.642175 -1.116701 -0.759999
v -6.642175 -2.715871 -0.759998
v -6.447357 -2.715871 -0.759998
v -6.447357 -0.091439 -0.759999
v -7.390277 -0.091439 -0.759999
v -4.050229 -1.613041 -0.759999
v -4.058898 -1.694290 -0.759999
v -4.072564 -1.767111 -0.759999
v -4.090586 -1.831650 -0.759999
v -4.112324 -1.888052 -0.759999
v -4.137137 -1.936462 -0.759999
v -4.164386 -1.977026 -0.759999
v -4.193430 -2.009889 -0.759999
v -4.223629 -2.035196 -0.759999
v -4.254341 -2.053093 -0.759999
v -4.284928 -2.063724 -0.759999
v -4.314748 -2.067236 -0.759999
v -4.345582 -2.063003 -0.759999
v -4.376993 -2.050062 -0.759999
v -4.408910 -2.028051 -0.759999
v -4.441259 -1.996604 -0.759999
v -4.473969 -1.955361 -0.759999
v -4.506969 -1.903956 -0.759999
v -4.540184 -1.842027 -0.759999
v -4.573544 -1.769211 -0.759999
v -4.606976 -1.685145 -0.759999
v -4.640407 -1.589464 -0.759999
v -4.673767 -1.481806 -0.759999
v -4.706982 -1.361808 -0.759999
v -4.722939 -1.299062 -0.759999
v -4.738321 -1.234978 -0.759999
v -4.753089 -1.169711 -0.759999
v -4.767207 -1.103416 -0.759999
v -4.780640 -1.036250 -0.759999
v -4.793350 -0.968367 -0.759999
v -4.805305 -0.899924 -0.759999
v -4.816464 -0.831076 -0.759999
v -4.826795 -0.761979 -0.759999
v -4.836259 -0.692788 -0.759999
v -4.844821 -0.623660 -0.759999
v -4.852445 -0.554750 -0.759999
v -4.731833 -0.581112 -0.759999
v -4.619627 -0.623167 -0.759999
v -4.516223 -0.679171 -0.759999
v -4.422018 -0.747381 -0.759999
v -4.337411 -0.826052 -0.759999
v -4.262796 -0.913442 -0.759999
v -4.198572 -1.007806 -0.759999
v -4.145136 -1.107402 -0.759999
v -4.102883 -1.210484 -0.759999
v -4.072211 -1.315310 -0.759999
v -4.053516 -1.420137 -0.759999
v -4.047197 -1.523219 -0.759999
v -4.871609 -1.560265 -0.759999
v -4.829116 -1.695286 -0.759999
v -4.784747 -1.817646 -0.759999
v -4.738538 -1.927301 -0.759999
v -4.690525 -2.024212 -0.759999
v -4.640744 -2.108336 -0.759999
v -4.589231 -2.179631 -0.759999
v -4.536022 -2.238057 -0.759999
v -4.481153 -2.283572 -0.759999
v -4.424663 -2.316134 -0.759999
v -4.366584 -2.335701 -0.759999
v -4.306954 -2.342233 -0.759999
v -4.249290 -2.335948 -0.759999
v -4.192430 -2.317365 -0.759999
v -4.137177 -2.286888 -0.759999
v -4.084331 -2.244921 -0.759999
v -4.034696 -2.191870 -0.759999
v -3.989075 -2.128139 -0.759999
v -3.948270 -2.054132 -0.759999
v -3.913084 -1.970256 -0.759999
v -3.884320 -1.876914 -0.759999
v -3.862781 -1.774511 -0.759999
v -3.849268 -1.663453 -0.759999
v -3.844586 -1.544143 -0.759999
v -3.854817 -1.383947 -0.759999
v -3.884657 -1.228806 -0.759999
v -3.932823 -1.080412 -0.759999
v -3.998036 -0.940455 -0.759999
v -4.079015 -0.810628 -0.759999
v -4.174479 -0.692622 -0.759999
v -4.283147 -0.588130 -0.759999
v -4.403739 -0.498843 -0.759999
v -4.534973 -0.426452 -0.759999
v -4.675570 -0.372650 -0.759999
v -4.824248 -0.339128 -0.759999
v -4.979727 -0.327578 -0.759999
v -5.126989 -0.337634 -0.759999
v -5.264473 -0.366921 -0.759999
v -5.391604 -0.414122 -0.759999
v -5.507804 -0.477919 -0.759999
v -5.612494 -0.556993 -0.759999
v -5.705099 -0.650027 -0.759999
v -5.785041 -0.755703 -0.759999
v -5.851742 -0.872702 -0.759999
v -5.904626 -0.999706 -0.759999
v -5.943114 -1.135397 -0.759999
v -5.966631 -1.278457 -0.759999
v -5.974598 -1.427568 -0.759999
v -5.967190 -1.580069 -0.759999
v -5.945195 -1.723447 -0.759999
v -5.908970 -1.857298 -0.759999
v -5.858862 -1.981216 -0.759999
v -5.795226 -2.094797 -0.759999
v -5.718412 -2.197635 -0.759999
v -5.628774 -2.289327 -0.759999
v -5.526661 -2.369467 -0.759999
v -5.412427 -2.437651 -0.759999
v -5.286422 -2.493473 -0.759999
v -5.148998 -2.536530 -0.759999
v -5.000507 -2.566416 -0.759999
v -4.878422 -2.345222 -0.759999
v -4.899137 -2.342859 -0.759999
v -4.919683 -2.340268 -0.759999
v -4.939992 -2.337469 -0.759999
v -4.960005 -2.334484 -0.759999
v -4.979656 -2.331332 -0.759999
v -4.998883 -2.328035 -0.759999
v -5.017624 -2.324614 -0.759999
v -5.035814 -2.321088 -0.759999
v -5.053391 -2.317480 -0.759999
v -5.070292 -2.313809 -0.759999
v -5.086453 -2.310097 -0.759999
v -5.101812 -2.306364 -0.759999
v -5.184639 -2.280562 -0.759999
v -5.266131 -2.246416 -0.759999
v -5.345172 -2.203800 -0.759999
v -5.420640 -2.152591 -0.759999
v -5.491418 -2.092664 -0.759999
v -5.556388 -2.023894 -0.759999
v -5.614430 -1.946156 -0.759999
v -5.664428 -1.859327 -0.759999
v -5.705261 -1.763281 -0.759999
v -5.735813 -1.657895 -0.759999
v -5.754965 -1.543043 -0.759999
v -5.761598 -1.418601 -0.759999
v -5.756383 -1.307526 -0.759999
v -5.740888 -1.200562 -0.759999
v -5.715326 -1.098580 -0.759999
v -5.679916 -1.002451 -0.759999
v -5.634874 -0.913048 -0.759999
v -5.580416 -0.831242 -0.759999
v -5.516757 -0.757905 -0.759999
v -5.444116 -0.693909 -0.759999
v -5.362707 -0.640126 -0.759999
v -5.272747 -0.597428 -0.759999
v -5.174454 -0.566686 -0.759999
v -5.068045 -0.548772 -0.759999
v -5.059273 -0.619484 -0.759999
v -5.049824 -0.691017 -0.759999
v -5.039673 -0.763193 -0.759999
v -5.028791 -0.835836 -0.759999
v -5.017152 -0.908770 -0.759999
v -5.004727 -0.981818 -0.759999
v -4.991491 -1.054804 -0.759999
v -4.977417 -1.127551 -0.759999
v -4.962477 -1.199882 -0.759999
v -4.946644 -1.271622 -0.759999
v -4.929890 -1.342595 -0.759999
v -4.912189 -1.412622 -0.759999
v -2.010698 -0.447142 -0.759999
v -1.215841 -0.447142 -0.759999
v -1.215841 -0.246872 -0.759999
v -2.010698 -0.246872 -0.759999
v -1.145007 -1.987663 -0.759999
v -1.154607 -1.980649 -0.759999
v -1.164134 -1.971538 -0.759999
v -1.173607 -1.960403 -0.759999
v -1.183044 -1.947317 -0.759999
v -1.192464 -1.932353 -0.759999
v -1.201883 -1.915582 -0.759999
v -1.211321 -1.897078 -0.759999
v -1.220794 -1.876914 -0.759999
v -1.230321 -1.855162 -0.759999
v -1.239921 -1.831894 -0.759999
v -1.249610 -1.807184 -0.759999
v -1.260045 -1.781958 -0.759999
v -1.272916 -1.748606 -0.759999
v -1.287843 -1.707843 -0.759999
v -1.304447 -1.660386 -0.759999
v -1.322351 -1.606950 -0.759999
v -1.341174 -1.548253 -0.759999
v -1.360538 -1.485009 -0.759999
v -1.380065 -1.417936 -0.759999
v -1.399375 -1.347749 -0.759999
v -1.418091 -1.275165 -0.759999
v -1.435832 -1.200899 -0.759999
v -1.452220 -1.125669 -0.759999
v -1.122328 -1.125669 -0.759999
v -1.122328 -0.922409 -0.759999
v -2.075639 -0.922409 -0.759999
v -2.075639 -1.125669 -0.759999
v -1.644442 -1.125669 -0.759999
v -1.627078 -1.193255 -0.759999
v -1.608796 -1.261340 -0.759999
v -1.589648 -1.329674 -0.759999
v -1.569688 -1.398009 -0.759999
v -1.548971 -1.466094 -0.759999
v -1.527550 -1.533681 -0.759999
v -1.505479 -1.600521 -0.759999
v -1.482814 -1.666364 -0.759999
v -1.459607 -1.730962 -0.759999
v -1.435913 -1.794065 -0.759999
v -1.411786 -1.855425 -0.759999
v -1.387281 -1.914792 -0.759999
v -1.854844 -1.822129 -0.759999
v -1.843699 -1.789201 -0.759999
v -1.832356 -1.756231 -0.759999
v -1.820832 -1.723302 -0.759999
v -1.809146 -1.690498 -0.759999
v -1.797316 -1.657902 -0.759999
v -1.785359 -1.625596 -0.759999
v -1.773293 -1.593664 -0.759999
v -1.761139 -1.562188 -0.759999
v -1.748912 -1.531252 -0.759999
v -1.736630 -1.500939 -0.759999
v -1.724314 -1.471332 -0.759999
v -1.711978 -1.442513 -0.759999
v -1.862637 -1.382731 -0.759999
v -1.889827 -1.444653 -0.759999
v -1.916707 -1.508952 -0.759999
v -1.943083 -1.575015 -0.759999
v -1.968754 -1.642230 -0.759999
v -1.993524 -1.709984 -0.759999
v -2.017194 -1.777666 -0.759999
v -2.039565 -1.844663 -0.759999
v -2.060438 -1.910363 -0.759999
v -2.079617 -1.974153 -0.759999
v -2.096901 -2.035421 -0.759999
v -2.112092 -2.093555 -0.759999
v -2.124992 -2.147942 -0.759999
v -1.963943 -2.213702 -0.759999
v -1.960589 -2.197822 -0.759999
v -1.957028 -2.181569 -0.759999
v -1.953269 -2.164942 -0.759999
v -1.949320 -2.147942 -0.759999
v -1.945190 -2.130567 -0.759999
v -1.940890 -2.112820 -0.759999
v -1.936427 -2.094698 -0.759999
v -1.931811 -2.076203 -0.759999
v -1.927050 -2.057334 -0.759999
v -1.922153 -2.038092 -0.759999
v -1.917130 -2.018476 -0.759999
v -1.911990 -1.998486 -0.759999
v -1.776594 -2.029881 -0.759999
v -1.660277 -2.057092 -0.759999
v -1.561439 -2.080547 -0.759999
v -1.478483 -2.100669 -0.759999
v -1.409815 -2.117886 -0.759999
v -1.353836 -2.132622 -0.759999
v -1.308951 -2.145303 -0.759999
v -1.273563 -2.156355 -0.759999
v -1.246078 -2.166203 -0.759999
v -1.224895 -2.175272 -0.759999
v -1.208422 -2.183989 -0.759999
v -1.195060 -2.192778 -0.759999
v -1.192643 -2.180446 -0.759999
v -1.189371 -2.166111 -0.759999
v -1.185359 -2.150137 -0.759999
v -1.180724 -2.132885 -0.759999
v -1.175585 -2.114721 -0.759999
v -1.170058 -2.096006 -0.759999
v -1.164261 -2.077104 -0.759999
v -1.158309 -2.058379 -0.759999
v -1.152322 -2.040194 -0.759999
v -1.146416 -2.022911 -0.759999
v -1.140708 -2.006895 -0.759999
v -1.135316 -1.992508 -0.759999
v -2.882132 -2.103986 -0.759999
v -2.888473 -2.100683 -0.759999
v -2.894724 -2.096240 -0.759999
v -2.900895 -2.090706 -0.759999
v -2.906994 -2.084134 -0.759999
v -2.913030 -2.076577 -0.759999
v -2.919011 -2.068085 -0.759999
v -2.924948 -2.058712 -0.759999
v -2.930848 -2.048507 -0.759999
v -2.936722 -2.037525 -0.759999
v -2.942577 -2.025815 -0.759999
v -2.948423 -2.013432 -0.759999
v -2.955994 -1.996214 -0.759999
v -2.965477 -1.973328 -0.759999
v -2.976510 -1.945337 -0.759999
v -2.988734 -1.912799 -0.759999
v -3.001788 -1.876276 -0.759999
v -3.015311 -1.836328 -0.759999
v -3.028942 -1.793515 -0.759999
v -3.042320 -1.748398 -0.759999
v -3.055086 -1.701538 -0.759999
v -3.066877 -1.653494 -0.759999
v -3.077334 -1.604828 -0.759999
v -3.086095 -1.556099 -0.759999
v -3.226363 -1.609903 -0.759999
v -3.216151 -1.650296 -0.759999
v -3.205054 -1.690678 -0.759999
v -3.193164 -1.730915 -0.759999
v -3.180570 -1.770872 -0.759999
v -3.167362 -1.810414 -0.759999
v -3.153632 -1.849405 -0.759999
v -3.139468 -1.887712 -0.759999
v -3.124962 -1.925198 -0.759999
v -3.110203 -1.961730 -0.759999
v -3.095283 -1.997172 -0.759999
v -3.080289 -2.031389 -0.759999
v -3.065314 -2.064247 -0.759999
v -3.270523 -2.028378 -0.759999
v -3.263977 -2.009640 -0.759999
v -3.257330 -1.990820 -0.759999
v -3.250595 -1.971958 -0.759999
v -3.243777 -1.953096 -0.759999
v -3.236888 -1.934276 -0.759999
v -3.229936 -1.915539 -0.759999
v -3.222929 -1.896926 -0.759999
v -3.215878 -1.878480 -0.759999
v -3.208790 -1.860241 -0.759999
v -3.201675 -1.842251 -0.759999
v -3.194542 -1.824551 -0.759999
v -3.187400 -1.807184 -0.759999
v -3.296498 -1.765337 -0.759999
v -3.312757 -1.802879 -0.759999
v -3.328955 -1.841988 -0.759999
v -3.344918 -1.882238 -0.759999
v -3.360476 -1.923205 -0.759999
v -3.375455 -1.964463 -0.759999
v -3.389686 -2.005585 -0.759999
v -3.402997 -2.046148 -0.759999
v -3.415217 -2.085724 -0.759999
v -3.426174 -2.123888 -0.759999
v -3.435697 -2.160216 -0.759999
v -3.443614 -2.194281 -0.759999
v -3.449755 -2.225658 -0.759999
v -3.369231 -2.264517 -0.759999
v -3.379434 -2.271175 -0.759999
v -3.390457 -2.277677 -0.759999
v -3.402147 -2.283993 -0.759999
v -3.414351 -2.290090 -0.759999
v -3.426917 -2.295939 -0.759999
v -3.439690 -2.301507 -0.759999
v -3.452517 -2.306764 -0.759999
v -3.465245 -2.311678 -0.759999
v -3.477720 -2.316219 -0.759999
v -3.489790 -2.320355 -0.759999
v -3.501300 -2.324055 -0.759999
v -3.512097 -2.327288 -0.759999
v -3.506310 -2.389073 -0.759999
v -3.499134 -2.443198 -0.759999
v -3.490261 -2.490100 -0.759999
v -3.479387 -2.530214 -0.759999
v -3.466204 -2.563977 -0.759999
v -3.450405 -2.591823 -0.759999
v -3.431684 -2.614190 -0.759999
v -3.409734 -2.631512 -0.759999
v -3.384248 -2.644226 -0.759999
v -3.354920 -2.652768 -0.759999
v -3.321444 -2.657573 -0.759999
v -3.283511 -2.659078 -0.759999
v -3.268775 -2.659078 -0.759999
v -3.246364 -2.659078 -0.759999
v -3.217801 -2.659078 -0.759999
v -3.184611 -2.659078 -0.759999
v -3.148318 -2.659078 -0.759999
v -3.110447 -2.659078 -0.759999
v -3.072522 -2.659078 -0.759999
v -3.036067 -2.659078 -0.759999
v -3.002606 -2.659078 -0.759999
v -2.973665 -2.659078 -0.759999
v -2.950767 -2.659078 -0.759999
v -2.935435 -2.659078 -0.759999
v -2.887268 -2.657959 -0.759999
v -2.845134 -2.654359 -0.759999
v -2.808682 -2.647916 -0.759999
v -2.777560 -2.638265 -0.759999
v -2.751418 -2.625044 -0.759999
v -2.729902 -2.607890 -0.759999
v -2.712662 -2.586438 -0.759999
v -2.699345 -2.560327 -0.759999
v -2.689599 -2.529192 -0.759999
v -2.683074 -2.492671 -0.759999
v -2.679416 -2.450400 -0.759999
v -2.678275 -2.402015 -0.759999
v -2.678275 -1.887890 -0.759999
v -2.648971 -1.970687 -0.759999
v -2.616799 -2.051585 -0.759999
v -2.581596 -2.130427 -0.759999
v -2.543200 -2.207059 -0.759999
v -2.501450 -2.281325 -0.759999
v -2.456182 -2.353069 -0.759999
v -2.407234 -2.422135 -0.759999
v -2.354445 -2.488367 -0.759999
v -2.297650 -2.551610 -0.759999
v -2.236688 -2.611709 -0.759999
v -2.171396 -2.668507 -0.759999
v -2.101613 -2.721849 -0.759999
v -2.093898 -2.708800 -0.759999
v -2.085128 -2.695169 -0.759999
v -2.075437 -2.681123 -0.759999
v -2.064960 -2.666828 -0.759999
v -2.053835 -2.652449 -0.759999
v -2.042195 -2.638154 -0.759999
v -2.030177 -2.624108 -0.759999
v -2.017915 -2.610477 -0.759999
v -2.005545 -2.597428 -0.759999
v -1.993202 -2.585125 -0.759999
v -1.981021 -2.573736 -0.759999
v -1.969138 -2.563427 -0.759999
v -2.056214 -2.499161 -0.759999
v -2.135840 -2.429167 -0.759999
v -2.208359 -2.353816 -0.759999
v -2.274114 -2.273484 -0.759999
v -2.333446 -2.188544 -0.759999
v -2.386700 -2.099369 -0.759999
v -2.434216 -2.006333 -0.759999
v -2.476339 -1.909810 -0.759999
v -2.513412 -1.810173 -0.759999
v -2.545775 -1.707796 -0.759999
v -2.573774 -1.603053 -0.759999
v -2.597750 -1.496317 -0.759999
v -2.174347 -1.496317 -0.759999
v -2.174347 -0.264807 -0.759999
v -2.561384 -0.264807 -0.759999
v -2.570518 -0.239741 -0.759999
v -2.579687 -0.213979 -0.759999
v -2.588821 -0.187698 -0.759999
v -2.597847 -0.161074 -0.759999
v -2.606691 -0.134285 -0.759999
v -2.615284 -0.107506 -0.759999
v -2.623552 -0.080913 -0.759999
v -2.631423 -0.054684 -0.759999
v -2.638825 -0.028995 -0.759999
v -2.645686 -0.004022 -0.759999
v -2.651934 0.020059 -0.759999
v -2.657495 0.043071 -0.759999
v -2.875691 0.010190 -0.759999
v -2.866496 -0.013716 -0.759999
v -2.857111 -0.037580 -0.759999
v -2.847564 -0.061361 -0.759999
v -2.837881 -0.085018 -0.759999
v -2.828092 -0.108509 -0.759999
v -2.818219 -0.131792 -0.759999
v -2.808293 -0.154826 -0.759999
v -2.798341 -0.177570 -0.759999
v -2.788388 -0.199981 -0.759999
v -2.778462 -0.222019 -0.759999
v -2.768591 -0.243641 -0.759999
v -2.758801 -0.264807 -0.759999
v -3.369231 -0.264807 -0.759999
v -3.369231 -1.496317 -0.759999
v -2.776983 -1.496317 -0.759999
v -2.756203 -1.600936 -0.759999
v -2.849715 -1.600936 -0.759999
v -2.849715 -2.399026 -0.759999
v -2.850022 -2.416430 -0.759999
v -2.851097 -2.431394 -0.759999
v -2.853165 -2.444096 -0.759999
v -2.856450 -2.454712 -0.759999
v -2.861177 -2.463418 -0.759999
v -2.867574 -2.470391 -0.759999
v -2.875864 -2.475806 -0.759999
v -2.886273 -2.479842 -0.759999
v -2.899029 -2.482674 -0.759999
v -2.914354 -2.484478 -0.759999
v -2.932475 -2.485431 -0.759999
v -2.953618 -2.485710 -0.759999
v -2.968040 -2.485710 -0.759999
v -2.988447 -2.485710 -0.759999
v -3.013689 -2.485710 -0.759999
v -3.042610 -2.485710 -0.759999
v -3.074058 -2.485710 -0.759999
v -3.106876 -2.485710 -0.759999
v -3.139912 -2.485710 -0.759999
v -3.172008 -2.485710 -0.759999
v -3.202012 -2.485710 -0.759999
v -3.228770 -2.485710 -0.759999
v -3.251126 -2.485710 -0.759999
v -3.267925 -2.485710 -0.759999
v -3.283755 -2.485070 -0.759999
v -3.297570 -2.482831 -0.759999
v -3.309528 -2.478518 -0.759999
v -3.319781 -2.471650 -0.759999
v -3.328484 -2.461752 -0.759999
v -3.335788 -2.448346 -0.759999
v -3.341847 -2.430955 -0.759999
v -3.346816 -2.409101 -0.759999
v -3.350846 -2.382306 -0.759999
v -3.354092 -2.350093 -0.759999
v -3.356705 -2.311986 -0.759999
v -3.358840 -2.267506 -0.759999
v -3.335463 -2.279462 -0.759999
v -3.306889 -2.159898 -0.759999
v -3.237661 -2.174684 -0.759999
v -3.177573 -2.187768 -0.759999
v -3.125909 -2.199317 -0.759999
v -3.081957 -2.209495 -0.759999
v -3.045002 -2.218469 -0.759999
v -3.014336 -2.226406 -0.759999
v -2.989243 -2.233470 -0.759999
v -2.969010 -2.239829 -0.759999
v -2.952927 -2.245648 -0.759999
v -2.940281 -2.251093 -0.759999
v -2.930358 -2.256331 -0.759999
v -2.922447 -2.261528 -0.759999
v -2.920732 -2.252361 -0.759999
v -2.918262 -2.241503 -0.759999
v -2.915142 -2.229254 -0.759999
v -2.911480 -2.215916 -0.759999
v -2.907386 -2.201789 -0.759999
v -2.902966 -2.187173 -0.759999
v -2.898330 -2.172372 -0.759999
v -2.893586 -2.157684 -0.759999
v -2.888842 -2.143411 -0.759999
v -2.884206 -2.129855 -0.759999
v -2.879786 -2.117315 -0.759999
v -2.875691 -2.106094 -0.759999
v -2.628922 -1.308004 -0.759999
v -2.633308 -1.279548 -0.759999
v -2.637399 -1.250989 -0.759999
v -2.641218 -1.222347 -0.759999
v -2.644794 -1.193643 -0.759999
v -2.648154 -1.164897 -0.759999
v -2.651325 -1.136131 -0.759999
v -2.654334 -1.107364 -0.759999
v -2.657207 -1.078618 -0.759999
v -2.659971 -1.049913 -0.759999
v -2.662654 -1.021271 -0.759999
v -2.665283 -0.992712 -0.759999
v -2.667886 -0.964257 -0.759999
v -2.353579 -0.964257 -0.759999
v -2.353579 -1.308004 -0.759999
v -3.184803 -1.308004 -0.759999
v -3.184803 -0.964257 -0.759999
v -2.844521 -0.964257 -0.759999
v -2.841919 -0.992712 -0.759999
v -2.839301 -1.021271 -0.759999
v -2.836647 -1.049913 -0.759999
v -2.833938 -1.078618 -0.759999
v -2.831157 -1.107364 -0.759999
v -2.828286 -1.136131 -0.759999
v -2.825307 -1.164897 -0.759999
v -2.822202 -1.193643 -0.759999
v -2.818952 -1.222347 -0.759999
v -2.815539 -1.250989 -0.759999
v -2.811946 -1.279548 -0.759999
v -2.808155 -1.308004 -0.759999
v -2.678275 -0.787900 -0.759999
v -2.688666 -0.450131 -0.759999
v -2.353579 -0.450131 -0.759999
v -2.353579 -0.787900 -0.759999
v -3.184803 -0.787900 -0.759999
v -3.184803 -0.450131 -0.759999
v -2.867898 -0.450131 -0.759999
v -2.854910 -0.787900 -0.759999
v 1.176525 -2.279462 -0.759999
v 0.376472 -2.279462 -0.759999
v 0.376472 -0.010733 -0.759999
v 0.199837 -0.010733 -0.759999
v 0.199837 -2.279462 -0.759999
v -0.618399 -2.279462 -0.759999
v -0.618399 -0.285731 -0.759999
v -0.802827 -0.285731 -0.759999
v -0.802827 -2.694947 -0.759999
v -0.618399 -2.694947 -0.759999
v -0.618399 -2.488699 -0.759999
v 1.358356 -2.488699 -0.759999
v 1.358356 -0.285731 -0.759999
v 1.176525 -0.285731 -0.759999
v 1.144055 -1.080538 -0.759999
v 1.134964 -1.075241 -0.759999
v 1.125872 -1.068035 -0.759999
v 1.116780 -1.059023 -0.759999
v 1.107689 -1.048308 -0.759999
v 1.098598 -1.035995 -0.759999
v 1.089506 -1.022188 -0.759999
v 1.080415 -1.006990 -0.759999
v 1.071323 -0.990505 -0.759999
v 1.062232 -0.972837 -0.759999
v 1.053141 -0.954089 -0.759999
v 1.044049 -0.934366 -0.759999
v 1.032555 -0.909420 -0.759999
v 1.017904 -0.875539 -0.759999
v 1.000620 -0.833624 -0.759999
v 0.981226 -0.784579 -0.759999
v 0.960244 -0.729306 -0.759999
v 0.938197 -0.668709 -0.759999
v 0.915610 -0.603691 -0.759999
v 0.893004 -0.535155 -0.759999
v 0.870904 -0.464003 -0.759999
v 0.849832 -0.391138 -0.759999
v 0.830311 -0.317464 -0.759999
v 0.812864 -0.243883 -0.759999
v 0.651815 -0.309644 -0.759999
v 0.672578 -0.375551 -0.759999
v 0.694531 -0.441593 -0.759999
v 0.717566 -0.507531 -0.759999
v 0.741576 -0.573127 -0.759999
v 0.766451 -0.638142 -0.759999
v 0.792085 -0.702337 -0.759999
v 0.818367 -0.765473 -0.759999
v 0.845190 -0.827312 -0.759999
v 0.872447 -0.887615 -0.759999
v 0.900027 -0.946142 -0.759999
v 0.927825 -1.002657 -0.759999
v 0.955731 -1.056919 -0.759999
v 0.690779 -1.030017 -0.759999
v 0.682988 -1.007540 -0.759999
v 0.675217 -0.984959 -0.759999
v 0.667481 -0.962295 -0.759999
v 0.659800 -0.939569 -0.759999
v 0.652190 -0.916802 -0.759999
v 0.644671 -0.894013 -0.759999
v 0.637260 -0.871225 -0.759999
v 0.629976 -0.848457 -0.759999
v 0.622836 -0.825731 -0.759999
v 0.615858 -0.803067 -0.759999
v 0.609061 -0.780486 -0.759999
v 0.602462 -0.758009 -0.759999
v 0.451802 -0.826758 -0.759999
v 0.485117 -0.918061 -0.759999
v 0.520037 -1.009425 -0.759999
v 0.556436 -1.100541 -0.759999
v 0.594188 -1.191097 -0.759999
v 0.633166 -1.280780 -0.759999
v 0.673245 -1.369280 -0.759999
v 0.714298 -1.456286 -0.759999
v 0.756199 -1.541486 -0.759999
v 0.798821 -1.624568 -0.759999
v 0.842040 -1.705222 -0.759999
v 0.885727 -1.783136 -0.759999
v 0.929756 -1.857999 -0.759999
v 0.571290 -1.795228 -0.759999
v 0.579244 -1.765345 -0.759999
v 0.587513 -1.735515 -0.759999
v 0.596088 -1.705788 -0.759999
v 0.604962 -1.676217 -0.759999
v 0.614124 -1.646854 -0.759999
v 0.623567 -1.617750 -0.759999
v 0.633279 -1.588957 -0.759999
v 0.643252 -1.560528 -0.759999
v 0.653479 -1.532513 -0.759999
v 0.663949 -1.504966 -0.759999
v 0.674653 -1.477938 -0.759999
v 0.685583 -1.451481 -0.759999
v 0.581680 -1.400666 -0.759999
v 0.559246 -1.455060 -0.759999
v 0.537498 -1.511747 -0.759999
v 0.516578 -1.570158 -0.759999
v 0.496634 -1.629720 -0.759999
v 0.477807 -1.689863 -0.759999
v 0.460243 -1.750017 -0.759999
v 0.444087 -1.809611 -0.759999
v 0.429482 -1.868073 -0.759999
v 0.416572 -1.924833 -0.759999
v 0.405502 -1.979320 -0.759999
v 0.396417 -2.030964 -0.759999
v 0.389461 -2.079192 -0.759999
v 0.503754 -2.132996 -0.759999
v 0.505159 -2.119301 -0.759999
v 0.506783 -2.105139 -0.759999
v 0.508623 -2.090542 -0.759999
v 0.510680 -2.075539 -0.759999
v 0.512953 -2.060163 -0.759999
v 0.515442 -2.044444 -0.759999
v 0.518148 -2.028414 -0.759999
v 0.521070 -2.012104 -0.759999
v 0.524209 -1.995544 -0.759999
v 0.527565 -1.978767 -0.759999
v 0.531137 -1.961802 -0.759999
v 0.534925 -1.944683 -0.759999
v 0.640116 -1.965770 -0.759999
v 0.730524 -1.984357 -0.759999
v 0.807385 -2.000681 -0.759999
v 0.871936 -2.014982 -0.759999
v 0.925410 -2.027497 -0.759999
v 0.969044 -2.038466 -0.759999
v 1.004073 -2.048127 -0.759999
v 1.031734 -2.056719 -0.759999
v 1.053263 -2.064480 -0.759999
v 1.069893 -2.071650 -0.759999
v 1.082861 -2.078467 -0.759999
v 1.093403 -2.085171 -0.759999
v 1.095715 -2.074509 -0.759999
v 1.098694 -2.062157 -0.759999
v 1.102250 -2.048414 -0.759999
v 1.106294 -2.033581 -0.759999
v 1.110734 -2.017959 -0.759999
v 1.115481 -2.001849 -0.759999
v 1.120445 -1.985553 -0.759999
v 1.125535 -1.969370 -0.759999
v 1.130661 -1.953603 -0.759999
v 1.135734 -1.938552 -0.759999
v 1.140661 -1.924518 -0.759999
v 1.145354 -1.911803 -0.759999
v 1.134253 -1.907403 -0.759999
v 1.122998 -1.900275 -0.759999
v 1.111545 -1.890552 -0.759999
v 1.099849 -1.878369 -0.759999
v 1.087864 -1.863861 -0.759999
v 1.075545 -1.847163 -0.759999
v 1.062847 -1.828410 -0.759999
v 1.049726 -1.807737 -0.759999
v 1.036135 -1.785279 -0.759999
v 1.022030 -1.761171 -0.759999
v 1.007366 -1.735548 -0.759999
v 0.992097 -1.708544 -0.759999
v 0.980551 -1.687983 -0.759999
v 0.966830 -1.662378 -0.759999
v 0.951144 -1.632041 -0.759999
v 0.933700 -1.597282 -0.759999
v 0.914703 -1.558414 -0.759999
v 0.894363 -1.515746 -0.759999
v 0.872887 -1.469592 -0.759999
v 0.850482 -1.420261 -0.759999
v 0.827354 -1.368066 -0.759999
v 0.803714 -1.313318 -0.759999
v 0.779766 -1.256327 -0.759999
v 0.755718 -1.197407 -0.759999
v 0.815843 -1.205265 -0.759999
v 0.868065 -1.212449 -0.759999
v 0.913035 -1.219031 -0.759999
v 0.951403 -1.225084 -0.759999
v 0.983818 -1.230680 -0.759999
v 1.010931 -1.235892 -0.759999
v 1.033389 -1.240792 -0.759999
v 1.051843 -1.245454 -0.759999
v 1.066940 -1.249950 -0.759999
v 1.079332 -1.254352 -0.759999
v 1.089669 -1.258734 -0.759999
v 1.098598 -1.263167 -0.759999
v 1.100912 -1.252389 -0.759999
v 1.103902 -1.239711 -0.759999
v 1.107488 -1.225477 -0.759999
v 1.111587 -1.210028 -0.759999
v 1.116118 -1.193707 -0.759999
v 1.121002 -1.176857 -0.759999
v 1.126157 -1.159820 -0.759999
v 1.131501 -1.142939 -0.759999
v 1.136953 -1.126556 -0.759999
v 1.142432 -1.111014 -0.759999
v 1.147858 -1.096654 -0.759999
v 1.153147 -1.083821 -0.759999
v 0.162171 -1.044728 -0.759999
v 0.153080 -1.039593 -0.759999
v 0.143989 -1.032633 -0.759999
v 0.134897 -1.023928 -0.759999
v 0.125806 -1.013563 -0.759999
v 0.116714 -1.001621 -0.759999
v 0.107623 -0.988184 -0.759999
v 0.098532 -0.973335 -0.759999
v 0.089440 -0.957158 -0.759999
v 0.080348 -0.939735 -0.759999
v 0.071257 -0.921150 -0.759999
v 0.062165 -0.901486 -0.759999
v 0.050673 -0.877350 -0.759999
v 0.036034 -0.844402 -0.759999
v 0.018779 -0.803546 -0.759999
v -0.000561 -0.755684 -0.759999
v -0.021451 -0.701719 -0.759999
v -0.043361 -0.642555 -0.759999
v -0.065758 -0.579094 -0.759999
v -0.088109 -0.512238 -0.759999
v -0.109883 -0.442892 -0.759999
v -0.130548 -0.371958 -0.759999
v -0.149571 -0.300339 -0.759999
v -0.166421 -0.228938 -0.759999
v -0.330069 -0.291709 -0.759999
v -0.309358 -0.356122 -0.759999
v -0.287545 -0.420670 -0.759999
v -0.264723 -0.485113 -0.759999
v -0.240981 -0.549215 -0.759999
v -0.216410 -0.612735 -0.759999
v -0.191098 -0.675435 -0.759999
v -0.165137 -0.737077 -0.759999
v -0.138618 -0.797421 -0.759999
v -0.111629 -0.856229 -0.759999
v -0.084260 -0.913262 -0.759999
v -0.056603 -0.968282 -0.759999
v -0.028749 -1.021050 -0.759999
v -0.298897 -0.994148 -0.759999
v -0.306687 -0.973224 -0.759999
v -0.314459 -0.952300 -0.759999
v -0.322195 -0.931377 -0.759999
v -0.329876 -0.910453 -0.759999
v -0.337486 -0.889529 -0.759999
v -0.345005 -0.868606 -0.759999
v -0.352415 -0.847682 -0.759999
v -0.359700 -0.826758 -0.759999
v -0.366839 -0.805834 -0.759999
v -0.373817 -0.784911 -0.759999
v -0.380615 -0.763987 -0.759999
v -0.387215 -0.743063 -0.759999
v -0.543069 -0.811813 -0.759999
v -0.507210 -0.903053 -0.759999
v -0.469844 -0.994231 -0.759999
v -0.431089 -1.085036 -0.759999
v -0.391063 -1.175155 -0.759999
v -0.349882 -1.264278 -0.759999
v -0.307664 -1.352093 -0.759999
v -0.264525 -1.438289 -0.759999
v -0.220585 -1.522555 -0.759999
v -0.175959 -1.604579 -0.759999
v -0.130764 -1.684050 -0.759999
v -0.085119 -1.760656 -0.759999
v -0.039140 -1.834086 -0.759999
v -0.418386 -1.768326 -0.759999
v -0.409782 -1.737637 -0.759999
v -0.400864 -1.706897 -0.759999
v -0.391638 -1.676177 -0.759999
v -0.382115 -1.645551 -0.759999
v -0.372303 -1.615091 -0.759999
v -0.362212 -1.584869 -0.759999
v -0.351851 -1.554959 -0.759999
v -0.341228 -1.525433 -0.759999
v -0.330352 -1.496364 -0.759999
v -0.319233 -1.467824 -0.759999
v -0.307879 -1.439886 -0.759999
v -0.296300 -1.412622 -0.759999
v -0.402801 -1.358819 -0.759999
v -0.427131 -1.415450 -0.759999
v -0.450675 -1.474355 -0.759999
v -0.473301 -1.534942 -0.759999
v -0.494870 -1.596618 -0.759999
v -0.515249 -1.658792 -0.759999
v -0.534303 -1.720873 -0.759999
v -0.551895 -1.782269 -0.759999
v -0.567891 -1.842389 -0.759999
v -0.582155 -1.900640 -0.759999
v -0.594552 -1.956431 -0.759999
v -0.604947 -2.009171 -0.759999
v -0.613204 -2.058269 -0.759999
v -0.496313 -2.118051 -0.759999
v -0.494257 -2.102863 -0.759999
v -0.491983 -2.087219 -0.759999
v -0.489494 -2.071159 -0.759999
v -0.486789 -2.054726 -0.759999
v -0.483866 -2.037961 -0.759999
v -0.480727 -2.020905 -0.759999
v -0.477372 -2.003600 -0.759999
v -0.473801 -1.986087 -0.759999
v -0.470012 -1.968409 -0.759999
v -0.466007 -1.950606 -0.759999
v -0.461786 -1.932719 -0.759999
v -0.457349 -1.914792 -0.759999
v -0.346786 -1.936449 -0.759999
v -0.251900 -1.955283 -0.759999
v -0.171372 -1.971584 -0.759999
v -0.103887 -1.985644 -0.759999
v -0.048125 -1.997753 -0.759999
v -0.002773 -2.008201 -0.759999
v 0.033487 -2.017279 -0.759999
v 0.061974 -2.025278 -0.759999
v 0.084002 -2.032487 -0.759999
v 0.100889 -2.039199 -0.759999
v 0.113953 -2.045703 -0.759999
v 0.124508 -2.052290 -0.759999
v 0.127366 -2.041570 -0.759999
v 0.130713 -2.029055 -0.759999
v 0.134492 -2.015066 -0.759999
v 0.138650 -1.999925 -0.759999
v 0.143132 -1.983954 -0.759999
v 0.147885 -1.967474 -0.759999
v 0.152856 -1.950808 -0.759999
v 0.157988 -1.934276 -0.759999
v 0.163228 -1.918201 -0.759999
v 0.168522 -1.902904 -0.759999
v 0.173817 -1.888708 -0.759999
v 0.179056 -1.875933 -0.759999
v 0.167257 -1.871593 -0.759999
v 0.155233 -1.864628 -0.759999
v 0.142974 -1.855150 -0.759999
v 0.130471 -1.843275 -0.759999
v 0.117717 -1.829116 -0.759999
v 0.104700 -1.812788 -0.759999
v 0.091413 -1.794406 -0.759999
v 0.077847 -1.774082 -0.759999
v 0.063992 -1.751932 -0.759999
v 0.049839 -1.728070 -0.759999
v 0.035379 -1.702609 -0.759999
v 0.020605 -1.675663 -0.759999
v 0.008900 -1.655670 -0.759999
v -0.005276 -1.630301 -0.759999
v -0.021688 -1.599908 -0.759999
v -0.040102 -1.564845 -0.759999
v -0.060285 -1.525464 -0.759999
v -0.082000 -1.482119 -0.759999
v -0.105014 -1.435162 -0.759999
v -0.129093 -1.384945 -0.759999
v -0.154001 -1.331823 -0.759999
v -0.179505 -1.276148 -0.759999
v -0.205370 -1.218272 -0.759999
v -0.231360 -1.158549 -0.759999
v -0.170045 -1.167781 -0.759999
v -0.116827 -1.176110 -0.759999
v -0.071042 -1.183629 -0.759999
v -0.032021 -1.190433 -0.759999
v 0.000903 -1.196613 -0.759999
v 0.028397 -1.202264 -0.759999
v 0.051128 -1.207479 -0.759999
v 0.069766 -1.212352 -0.759999
v 0.084975 -1.216976 -0.759999
v 0.097425 -1.221444 -0.759999
v 0.107782 -1.225850 -0.759999
v 0.116715 -1.230287 -0.759999
v 0.119029 -1.219450 -0.759999
v 0.122019 -1.206609 -0.759999
v 0.125604 -1.192129 -0.759999
v 0.129704 -1.176372 -0.759999
v 0.134235 -1.159702 -0.759999
v 0.139119 -1.142482 -0.759999
v 0.144274 -1.125075 -0.759999
v 0.149618 -1.107844 -0.759999
v 0.155070 -1.091154 -0.759999
v 0.160549 -1.075366 -0.759999
v 0.165975 -1.060844 -0.759999
v 0.171264 -1.047952 -0.759999
v 3.117557 1.995420 -0.760000
v 3.054945 2.037037 -0.760000
v 2.992028 2.077762 -0.760000
v 2.929408 2.117397 -0.760000
v 2.867690 2.155745 -0.759999
v 2.807478 2.192609 -0.759999
v 2.749377 2.227791 -0.759999
v 2.693991 2.261095 -0.759999
v 2.641924 2.292323 -0.759999
v 2.593780 2.321278 -0.759999
v 2.550164 2.347763 -0.759999
v 2.511680 2.371581 -0.759999
v 2.493268 2.384050 -0.759999
v 2.475650 2.396103 -0.759999
v 2.458754 2.407824 -0.759999
v 2.442507 2.419296 -0.759999
v 2.426837 2.430602 -0.759999
v 2.411673 2.441825 -0.759999
v 2.396942 2.453048 -0.759999
v 2.382570 2.464354 -0.759999
v 2.368489 2.475826 -0.759999
v 2.354623 2.487547 -0.759999
v 2.340901 2.499600 -0.759999
v 2.327252 2.512069 -0.759999
v 2.212959 2.299842 -0.759999
v 2.228007 2.289438 -0.759999
v 2.243289 2.279126 -0.759999
v 2.258823 2.268877 -0.759999
v 2.274628 2.258659 -0.759999
v 2.290721 2.248441 -0.759999
v 2.307121 2.238192 -0.759999
v 2.323846 2.227881 -0.759999
v 2.340914 2.217476 -0.759999
v 2.358343 2.206947 -0.759999
v 2.376150 2.196262 -0.759999
v 2.394353 2.185390 -0.759999
v 2.412972 2.174300 -0.759999
v 2.460754 2.146270 -0.759999
v 2.515120 2.114712 -0.759999
v 2.575078 2.079957 -0.759999
v 2.639635 2.042337 -0.759999
v 2.707800 2.002185 -0.759999
v 2.778581 1.959832 -0.759999
v 2.850985 1.915612 -0.759999
v 2.924021 1.869855 -0.759999
v 2.996696 1.822894 -0.759999
v 3.068018 1.775061 -0.759999
v 3.136995 1.726689 -0.760000
v 3.202635 1.678109 -0.760000
v 3.260997 1.632892 -0.760000
v 3.315185 1.586886 -0.760000
v 3.365024 1.540050 -0.760000
v 3.410345 1.492342 -0.760000
v 3.450976 1.443721 -0.760000
v 3.486745 1.394145 -0.760000
v 3.517482 1.343572 -0.760000
v 3.543014 1.291961 -0.760000
v 3.563170 1.239272 -0.760000
v 3.577781 1.185461 -0.760000
v 3.586672 1.130488 -0.760000
v 3.589674 1.074311 -0.760000
v 3.585399 1.014253 -0.760000
v 3.572574 0.958275 -0.760000
v 3.551198 0.906594 -0.760000
v 3.521271 0.859427 -0.759999
v 3.482795 0.816993 -0.759999
v 3.435768 0.779510 -0.759999
v 3.380190 0.747196 -0.759999
v 3.316063 0.720268 -0.759999
v 3.243385 0.698945 -0.759999
v 3.162157 0.683444 -0.759999
v 3.072378 0.673984 -0.759999
v 2.974049 0.670782 -0.759999
v 2.902085 0.671640 -0.759999
v 2.828236 0.674158 -0.759999
v 2.753214 0.678255 -0.759999
v 2.677733 0.683845 -0.759999
v 2.602504 0.690848 -0.759999
v 2.528240 0.699178 -0.759999
v 2.455654 0.708754 -0.759999
v 2.385458 0.719493 -0.759999
v 2.318364 0.731311 -0.759999
v 2.255085 0.744125 -0.759999
v 2.196335 0.757853 -0.759999
v 2.142824 0.772411 -0.759999
v 2.142824 0.506381 -0.759999
v 2.194244 0.496748 -0.759999
v 2.249624 0.487353 -0.759999
v 2.308703 0.478312 -0.759999
v 2.371217 0.469737 -0.759999
v 2.436907 0.461744 -0.759999
v 2.505510 0.454446 -0.759999
v 2.576765 0.447957 -0.759999
v 2.650409 0.442392 -0.759999
v 2.726182 0.437865 -0.759999
v 2.803823 0.434490 -0.759999
v 2.883069 0.432382 -0.759999
v 2.963658 0.431654 -0.759999
v 3.082804 0.435207 -0.759999
v 3.195564 0.446129 -0.759999
v 3.301181 0.464814 -0.759999
v 3.398897 0.491657 -0.759999
v 3.487954 0.527052 -0.759999
v 3.567595 0.571394 -0.759999
v 3.637062 0.625077 -0.759999
v 3.695598 0.688495 -0.760000
v 3.742444 0.762043 -0.760000
v 3.776844 0.846115 -0.760000
v 3.798039 0.941105 -0.760000
v 3.805273 1.047409 -0.760000
v 3.801739 1.123036 -0.760000
v 3.791286 1.196089 -0.760000
v 3.774142 1.266734 -0.760000
v 3.750531 1.335137 -0.760000
v 3.720678 1.401465 -0.760000
v 3.684810 1.465883 -0.760000
v 3.643151 1.528557 -0.760000
v 3.595927 1.589654 -0.760000
v 3.543364 1.649339 -0.760000
v 3.485686 1.707779 -0.760000
v 3.423120 1.765139 -0.760000
v 3.355892 1.821586 -0.760000
v 3.386120 1.884968 -0.760000
v 3.416982 1.952262 -0.760000
v 3.448348 2.023024 -0.760000
v 3.480093 2.096805 -0.760000
v 3.512091 2.173160 -0.760000
v 3.544215 2.251643 -0.760000
v 3.576340 2.331808 -0.760000
v 3.608337 2.413207 -0.760000
v 3.640083 2.495395 -0.760000
v 3.671449 2.577926 -0.760000
v 3.702311 2.660353 -0.760000
v 3.732540 2.742230 -0.760000
v 3.527332 2.840870 -0.760000
v 3.500839 2.758842 -0.760000
v 3.473408 2.677341 -0.760000
v 3.445183 2.596651 -0.760000
v 3.416309 2.517051 -0.760000
v 3.386930 2.438820 -0.760000
v 3.357191 2.362240 -0.760000
v 3.327234 2.287591 -0.760000
v 3.297206 2.215151 -0.760000
v 3.267250 2.145203 -0.760000
v 3.237510 2.078026 -0.760000
v 3.208131 2.013901 -0.760000
v 3.179257 1.953107 -0.760000
v 4.630699 2.751695 -0.760000
v 4.678214 2.684440 -0.760000
v 4.727046 2.618182 -0.760000
v 4.777150 2.552920 -0.760000
v 4.828481 2.488654 -0.760000
v 4.880993 2.425385 -0.760000
v 4.934642 2.363112 -0.760000
v 4.989382 2.301835 -0.760000
v 5.045168 2.241555 -0.760000
v 5.101955 2.182271 -0.760000
v 5.159698 2.123984 -0.760000
v 5.218353 2.066693 -0.760000
v 4.467654 2.066693 -0.760000
v 4.467654 1.863434 -0.760000
v 5.446939 1.863434 -0.760000
v 5.480815 1.835909 -0.760000
v 5.514898 1.808634 -0.760000
v 5.549179 1.781607 -0.760000
v 5.583650 1.754830 -0.760000
v 5.618300 1.728301 -0.760000
v 5.653122 1.702022 -0.760000
v 5.688107 1.675992 -0.760000
v 5.723245 1.650211 -0.760000
v 5.758527 1.624679 -0.760000
v 5.793944 1.599396 -0.760000
v 5.829488 1.574363 -0.760000
v 5.865149 1.549578 -0.760000
v 4.787156 1.549578 -0.760000
v 4.787156 0.288177 -0.760000
v 4.987169 0.288177 -0.760000
v 4.987169 0.374861 -0.760000
v 6.044382 0.374861 -0.760000
v 6.044382 0.276220 -0.760000
v 6.239200 0.276220 -0.760000
v 6.239200 1.319417 -0.760000
v 6.278269 1.297244 -0.760000
v 6.317536 1.275549 -0.760000
v 6.356984 1.254311 -0.760000
v 6.396594 1.233508 -0.760000
v 6.436348 1.213120 -0.760000
v 6.476229 1.193127 -0.760000
v 6.516217 1.173508 -0.760000
v 6.556296 1.154241 -0.760000
v 6.596447 1.135307 -0.760000
v 6.636653 1.116684 -0.760000
v 6.676894 1.098351 -0.760000
v 6.717154 1.080289 -0.760000
v 6.724319 1.093127 -0.760000
v 6.732703 1.107523 -0.760000
v 6.742115 1.123164 -0.760000
v 6.752365 1.139739 -0.760000
v 6.763265 1.156936 -0.760000
v 6.774625 1.174446 -0.760000
v 6.786255 1.191955 -0.760000
v 6.797967 1.209152 -0.760000
v 6.809570 1.225727 -0.760000
v 6.820876 1.241368 -0.760000
v 6.831695 1.255764 -0.760000
v 6.841837 1.268602 -0.760000
v 6.747310 1.307021 -0.760000
v 6.653404 1.347537 -0.760000
v 6.560203 1.390128 -0.760000
v 6.467786 1.434774 -0.760000
v 6.376235 1.481455 -0.760000
v 6.285631 1.530149 -0.760000
v 6.196055 1.580836 -0.760000
v 6.107589 1.633494 -0.760000
v 6.020313 1.688104 -0.760000
v 5.934309 1.744644 -0.760000
v 5.849658 1.803095 -0.760000
v 5.766441 1.863434 -0.760000
v 6.784691 1.863434 -0.760000
v 6.784691 2.066693 -0.760000
v 5.888527 2.066693 -0.760000
v 5.888527 2.452287 -0.760000
v 6.556104 2.452287 -0.760000
v 6.556104 2.649568 -0.760000
v 5.888527 2.649568 -0.760000
v 5.888527 3.026194 -0.760000
v 5.696307 3.026194 -0.760000
v 5.696307 2.649568 -0.760000
v 5.049510 2.649568 -0.760000
v 5.049510 2.527014 -0.760000
v 5.022451 2.558583 -0.760000
v 4.995815 2.590505 -0.760000
v 4.969594 2.622759 -0.760000
v 4.943779 2.655324 -0.760000
v 4.918362 2.688180 -0.760000
v 4.893331 2.721306 -0.760000
v 4.868680 2.754681 -0.760000
v 4.844398 2.788284 -0.760000
v 4.820477 2.822095 -0.760000
v 4.796908 2.856092 -0.760000
v 4.773682 2.890256 -0.760000
v 4.750790 2.924565 -0.760000
v 4.584545 2.819946 -0.760000
v 5.476379 2.096771 -0.760000
v 5.441312 2.127222 -0.760000
v 5.406677 2.158047 -0.760000
v 5.372476 2.189246 -0.760000
v 5.338707 2.220818 -0.760000
v 5.305372 2.252764 -0.760000
v 5.272469 2.285084 -0.760000
v 5.239999 2.317777 -0.760000
v 5.207963 2.350844 -0.760000
v 5.176359 2.384285 -0.760000
v 5.145188 2.418099 -0.760000
v 5.114450 2.452287 -0.760000
v 5.696307 2.452287 -0.760000
v 5.696307 2.066693 -0.760000
v 5.511879 2.066693 -0.760000
v 4.987169 0.569152 -0.760000
v 4.987169 0.883008 -0.760000
v 6.044382 0.883008 -0.760000
v 6.044382 0.569152 -0.760000
v 4.987169 1.358275 -0.760000
v 6.044382 1.358275 -0.760000
v 6.044382 1.062354 -0.760000
v 4.987169 1.062354 -0.760000
v 8.714254 2.886461 -0.760000
v 8.724634 2.845409 -0.760000
v 8.735429 2.804440 -0.760000
v 8.746629 2.763596 -0.760000
v 8.758226 2.722918 -0.760000
v 8.770211 2.682447 -0.760000
v 8.782576 2.642226 -0.760000
v 8.795309 2.602295 -0.760000
v 8.808404 2.562697 -0.760000
v 8.821851 2.523472 -0.760000
v 8.835640 2.484662 -0.760000
v 8.849762 2.446309 -0.760000
v 8.319857 2.446309 -0.760000
v 8.319857 3.026194 -0.760000
v 8.117247 3.026194 -0.760000
v 8.117247 2.446309 -0.760000
v 7.182119 2.446309 -0.760000
v 7.182119 2.228104 -0.760000
v 8.117247 2.228104 -0.760000
v 8.117247 1.567513 -0.760000
v 7.275632 1.567513 -0.760000
v 7.275632 1.352297 -0.760000
v 8.117247 1.352297 -0.760000
v 8.117247 0.590076 -0.760000
v 7.057436 0.590076 -0.760000
v 7.057436 0.371872 -0.760000
v 9.379667 0.371872 -0.760000
v 9.379667 0.590076 -0.760000
v 8.319857 0.590076 -0.760000
v 8.319857 1.352297 -0.760000
v 9.093934 1.352297 -0.760000
v 9.093934 1.567513 -0.760000
v 8.319857 1.567513 -0.760000
v 8.319857 2.228104 -0.760000
v 8.935482 2.228104 -0.760000
v 8.956426 2.181410 -0.760000
v 8.977693 2.135525 -0.760000
v 8.999286 2.090512 -0.760000
v 9.021202 2.046433 -0.760000
v 9.043444 2.003351 -0.760000
v 9.066010 1.961327 -0.760000
v 9.088902 1.920424 -0.760000
v 9.112118 1.880704 -0.760000
v 9.135658 1.842230 -0.760000
v 9.159523 1.805063 -0.760000
v 9.183713 1.769266 -0.760000
v 9.208228 1.734902 -0.760000
v 9.218895 1.745141 -0.760000
v 9.231221 1.756283 -0.760000
v 9.244919 1.768109 -0.760000
v 9.259698 1.780403 -0.760000
v 9.275271 1.792946 -0.760000
v 9.291350 1.805520 -0.760000
v 9.307645 1.817907 -0.760000
v 9.323868 1.829889 -0.760000
v 9.339730 1.841249 -0.760000
v 9.354942 1.851768 -0.760000
v 9.369217 1.861228 -0.760000
v 9.382265 1.869412 -0.760000
v 9.329950 1.938954 -0.760000
v 9.279565 2.014245 -0.760000
v 9.231200 2.094809 -0.760000
v 9.184946 2.180168 -0.760000
v 9.140892 2.269844 -0.760000
v 9.099130 2.363361 -0.760000
v 9.059748 2.460240 -0.760000
v 9.022838 2.560005 -0.760000
v 8.988489 2.662178 -0.760000
v 8.956792 2.766281 -0.760000
v 8.927837 2.871837 -0.760000
v 8.901714 2.978369 -0.760000
v 8.704298 2.927554 -0.760000
v -7.200654 -2.258538 0.760002
v -7.811082 -2.258538 0.760002
v -7.811082 -1.968595 0.760002
v -7.200654 -1.968595 0.760002
v -7.200654 -1.520230 0.760002
v -7.200654 -1.795228 0.760002
v -7.811082 -1.795228 0.760002
v -7.811082 -1.520230 0.760002
v -7.992913 -2.434895 0.760002
v -7.200654 -2.434895 0.760002
v -7.200654 -2.587340 0.760002
v -7.024018 -2.587340 0.760002
v -7.024018 -1.343873 0.760002
v -7.992913 -1.343873 0.760002
v -6.642175 -0.946322 0.760001
v -7.208446 -0.946322 0.760002
v -7.208446 -0.680292 0.760001
v -6.642175 -0.680292 0.760001
v -6.642175 -0.264807 0.760001
v -6.642175 -0.515892 0.760001
v -7.208446 -0.515892 0.760001
v -7.208446 -0.264807 0.760001
v -7.811082 -0.949311 0.760002
v -8.395537 -0.949311 0.760002
v -8.395537 -0.680292 0.760002
v -7.811082 -0.680292 0.760002
v -7.811082 -0.264807 0.760002
v -7.811082 -0.515892 0.760002
v -8.395537 -0.515892 0.760002
v -8.395537 -0.264807 0.760002
v -8.592954 -2.416961 0.760002
v -8.592341 -2.451358 0.760002
v -8.590440 -2.482901 0.760002
v -8.587150 -2.511725 0.760002
v -8.582370 -2.537964 0.760002
v -8.576003 -2.561754 0.760002
v -8.567952 -2.583230 0.760002
v -8.558112 -2.602525 0.760002
v -8.546390 -2.619777 0.760002
v -8.532681 -2.635118 0.760002
v -8.516891 -2.648685 0.760002
v -8.498918 -2.660613 0.760002
v -8.478660 -2.671034 0.760002
v -8.456677 -2.680021 0.760002
v -8.432252 -2.687627 0.760002
v -8.405318 -2.693967 0.760002
v -8.375813 -2.699154 0.760002
v -8.343677 -2.703304 0.760002
v -8.308843 -2.706530 0.760002
v -8.271249 -2.708947 0.760002
v -8.230830 -2.710668 0.760002
v -8.187528 -2.711808 0.760002
v -8.141274 -2.712481 0.760002
v -8.092010 -2.712801 0.760002
v -8.039670 -2.712882 0.760002
v -8.036704 -2.696366 0.760002
v -8.033044 -2.678397 0.760002
v -8.028752 -2.659265 0.760002
v -8.023892 -2.639262 0.760002
v -8.018527 -2.618677 0.760002
v -8.012721 -2.597802 0.760002
v -8.006536 -2.576926 0.760002
v -8.000033 -2.556342 0.760002
v -7.993279 -2.536338 0.760002
v -7.986337 -2.517207 0.760002
v -7.979266 -2.499237 0.760002
v -7.972133 -2.482721 0.760002
v -8.011682 -2.484035 0.760002
v -8.050841 -2.485018 0.760002
v -8.089227 -2.485710 0.760002
v -8.126447 -2.486152 0.760002
v -8.162118 -2.486388 0.760002
v -8.195849 -2.486457 0.760002
v -8.227252 -2.486402 0.760002
v -8.255942 -2.486263 0.760002
v -8.281528 -2.486083 0.760002
v -8.303624 -2.485904 0.760002
v -8.321841 -2.485765 0.760002
v -8.335793 -2.485710 0.760002
v -8.346244 -2.484698 0.760002
v -8.355552 -2.483095 0.760002
v -8.363757 -2.480807 0.760002
v -8.370908 -2.477740 0.760002
v -8.377049 -2.473801 0.760002
v -8.382226 -2.468897 0.760002
v -8.386481 -2.462934 0.760002
v -8.389861 -2.455819 0.760002
v -8.392413 -2.447459 0.760002
v -8.394179 -2.437760 0.760002
v -8.395205 -2.426629 0.760002
v -8.395537 -2.413972 0.760002
v -8.395537 -1.122679 0.760002
v -7.626657 -1.122679 0.760002
v -7.626657 -0.091439 0.760002
v -8.494246 -0.091439 0.760002
v -8.592954 -0.091439 0.760002
v -7.390277 -1.116701 0.760002
v -6.642175 -1.116701 0.760001
v -6.642175 -2.715871 0.760002
v -6.447357 -2.715871 0.760002
v -6.447357 -0.091439 0.760001
v -7.390277 -0.091439 0.760001
v -4.050229 -1.613041 0.760001
v -4.058898 -1.694290 0.760001
v -4.072564 -1.767111 0.760001
v -4.090586 -1.831650 0.760001
v -4.112324 -1.888052 0.760001
v -4.137137 -1.936462 0.760001
v -4.164386 -1.977026 0.760001
v -4.193430 -2.009889 0.760001
v -4.223629 -2.035196 0.760001
v -4.254341 -2.053093 0.760001
v -4.284928 -2.063724 0.760001
v -4.314748 -2.067236 0.760001
v -4.345582 -2.063003 0.760001
v -4.376993 -2.050062 0.760001
v -4.408910 -2.028051 0.760001
v -4.441259 -1.996604 0.760001
v -4.473969 -1.955361 0.760001
v -4.506969 -1.903956 0.760001
v -4.540184 -1.842027 0.760001
v -4.573544 -1.769211 0.760001
v -4.606976 -1.685145 0.760001
v -4.640407 -1.589464 0.760001
v -4.673767 -1.481806 0.760001
v -4.706982 -1.361808 0.760001
v -4.722939 -1.299062 0.760001
v -4.738321 -1.234978 0.760001
v -4.753089 -1.169711 0.760001
v -4.767207 -1.103416 0.760001
v -4.780640 -1.036250 0.760001
v -4.793350 -0.968367 0.760001
v -4.805305 -0.899924 0.760001
v -4.816464 -0.831076 0.760001
v -4.826795 -0.761979 0.760001
v -4.836259 -0.692788 0.760001
v -4.844821 -0.623660 0.760001
v -4.852445 -0.554750 0.760001
v -4.731833 -0.581112 0.760001
v -4.619627 -0.623167 0.760001
v -4.516223 -0.679171 0.760001
v -4.422018 -0.747381 0.760001
v -4.337411 -0.826052 0.760001
v -4.262796 -0.913442 0.760001
v -4.198572 -1.007806 0.760001
v -4.145136 -1.107402 0.760001
v -4.102883 -1.210484 0.760001
v -4.072211 -1.315310 0.760001
v -4.053516 -1.420137 0.760001
v -4.047197 -1.523219 0.760001
v -4.871609 -1.560265 0.760001
v -4.829116 -1.695286 0.760001
v -4.784747 -1.817646 0.760001
v -4.738538 -1.927301 0.760001
v -4.690525 -2.024212 0.760001
v -4.640744 -2.108336 0.760001
v -4.589231 -2.179631 0.760001
v -4.536022 -2.238057 0.760001
v -4.481153 -2.283572 0.760001
v -4.424663 -2.316134 0.760001
v -4.366584 -2.335701 0.760001
v -4.306954 -2.342233 0.760001
v -4.249290 -2.335948 0.760001
v -4.192430 -2.317365 0.760001
v -4.137177 -2.286888 0.760001
v -4.084331 -2.244921 0.760001
v -4.034696 -2.191870 0.760001
v -3.989075 -2.128139 0.760001
v -3.948270 -2.054132 0.760001
v -3.913084 -1.970256 0.760001
v -3.884320 -1.876914 0.760001
v -3.862781 -1.774511 0.760001
v -3.849268 -1.663453 0.760001
v -3.844586 -1.544143 0.760001
v -3.854817 -1.383947 0.760001
v -3.884657 -1.228806 0.760001
v -3.932823 -1.080412 0.760001
v -3.998036 -0.940455 0.760001
v -4.079015 -0.810628 0.760001
v -4.174479 -0.692622 0.760001
v -4.283147 -0.588130 0.760001
v -4.403739 -0.498843 0.760001
v -4.534973 -0.426452 0.760001
v -4.675570 -0.372650 0.760001
v -4.824248 -0.339128 0.760001
v -4.979727 -0.327578 0.760001
v -5.126989 -0.337633 0.760001
v -5.264473 -0.366921 0.760001
v -5.391604 -0.414122 0.760001
v -5.507804 -0.477919 0.760001
v -5.612494 -0.556993 0.760001
v -5.705099 -0.650027 0.760001
v -5.785041 -0.755703 0.760001
v -5.851742 -0.872702 0.760001
v -5.904626 -0.999706 0.760001
v -5.943114 -1.135397 0.760001
v -5.966631 -1.278457 0.760001
v -5.974598 -1.427568 0.760001
v -5.967190 -1.580069 0.760001
v -5.945195 -1.723447 0.760001
v -5.908970 -1.857298 0.760001
v -5.858862 -1.981216 0.760001
v -5.795226 -2.094797 0.760001
v -5.718412 -2.197635 0.760001
v -5.628774 -2.289327 0.760001
v -5.526661 -2.369467 0.760001
v -5.412427 -2.437651 0.760001
v -5.286422 -2.493473 0.760001
v -5.148998 -2.536530 0.760001
v -5.000507 -2.566416 0.760001
v -4.878422 -2.345222 0.760001
v -4.899137 -2.342859 0.760001
v -4.919683 -2.340268 0.760001
v -4.939992 -2.337469 0.760001
v -4.960005 -2.334484 0.760001
v -4.979656 -2.331332 0.760001
v -4.998883 -2.328035 0.760001
v -5.017624 -2.324614 0.760001
v -5.035814 -2.321088 0.760001
v -5.053391 -2.317480 0.760001
v -5.070292 -2.313809 0.760001
v -5.086453 -2.310097 0.760001
v -5.101812 -2.306364 0.760001
v -5.184639 -2.280562 0.760001
v -5.266131 -2.246416 0.760001
v -5.345172 -2.203800 0.760001
v -5.420640 -2.152591 0.760001
v -5.491418 -2.092664 0.760001
v -5.556388 -2.023894 0.760001
v -5.614430 -1.946156 0.760001
v -5.664428 -1.859327 0.760001
v -5.705261 -1.763281 0.760001
v -5.735813 -1.657895 0.760001
v -5.754965 -1.543043 0.760001
v -5.761598 -1.418601 0.760001
v -5.756383 -1.307526 0.760001
v -5.740888 -1.200562 0.760001
v -5.715326 -1.098580 0.760001
v -5.679916 -1.002451 0.760001
v -5.634874 -0.913048 0.760001
v -5.580416 -0.831242 0.760001
v -5.516757 -0.757905 0.760001
v -5.444116 -0.693909 0.760001
v -5.362707 -0.640126 0.760001
v -5.272747 -0.597428 0.760001
v -5.174454 -0.566686 0.760001
v -5.068045 -0.548772 0.760001
v -5.059273 -0.619484 0.760001
v -5.049824 -0.691017 0.760001
v -5.039673 -0.763193 0.760001
v -5.028791 -0.835836 0.760001
v -5.017152 -0.908770 0.760001
v -5.004727 -0.981818 0.760001
v -4.991491 -1.054804 0.760001
v -4.977417 -1.127551 0.760001
v -4.962477 -1.199882 0.760001
v -4.946644 -1.271622 0.760001
v -4.929890 -1.342595 0.760001
v -4.912189 -1.412622 0.760001
v -2.010698 -0.447142 0.760001
v -1.215841 -0.447142 0.760001
v -1.215841 -0.246872 0.760001
v -2.010698 -0.246872 0.760001
v -1.145007 -1.987663 0.760001
v -1.154607 -1.980649 0.760001
v -1.164134 -1.971538 0.760001
v -1.173607 -1.960403 0.760001
v -1.183044 -1.947317 0.760001
v -1.192464 -1.932353 0.760001
v -1.201883 -1.915582 0.760001
v -1.211321 -1.897078 0.760001
v -1.220794 -1.876914 0.760001
v -1.230321 -1.855162 0.760001
v -1.239921 -1.831894 0.760001
v -1.249610 -1.807184 0.760001
v -1.260045 -1.781958 0.760001
v -1.272916 -1.748606 0.760001
v -1.287843 -1.707843 0.760001
v -1.304447 -1.660386 0.760001
v -1.322351 -1.606950 0.760001
v -1.341174 -1.548253 0.760001
v -1.360538 -1.485009 0.760001
v -1.380065 -1.417936 0.760001
v -1.399375 -1.347749 0.760001
v -1.418091 -1.275165 0.760001
v -1.435832 -1.200899 0.760001
v -1.452220 -1.125669 0.760001
v -1.122328 -1.125669 0.760001
v -1.122328 -0.922409 0.760001
v -2.075639 -0.922409 0.760001
v -2.075639 -1.125669 0.760001
v -1.644442 -1.125669 0.760001
v -1.627078 -1.193255 0.760001
v -1.608796 -1.261340 0.760001
v -1.589648 -1.329674 0.760001
v -1.569688 -1.398009 0.760001
v -1.548971 -1.466094 0.760001
v -1.527550 -1.533681 0.760001
v -1.505479 -1.600521 0.760001
v -1.482814 -1.666364 0.760001
v -1.459607 -1.730962 0.760001
v -1.435913 -1.794065 0.760001
v -1.411786 -1.855425 0.760001
v -1.387281 -1.914792 0.760001
v -1.854844 -1.822129 0.760001
v -1.843699 -1.789201 0.760001
v -1.832356 -1.756231 0.760001
v -1.820832 -1.723302 0.760001
v -1.809146 -1.690498 0.760001
v -1.797316 -1.657902 0.760001
v -1.785359 -1.625596 0.760001
v -1.773293 -1.593664 0.760001
v -1.761139 -1.562188 0.760001
v -1.748912 -1.531252 0.760001
v -1.736630 -1.500939 0.760001
v -1.724314 -1.471332 0.760001
v -1.711978 -1.442513 0.760001
v -1.862637 -1.382731 0.760001
v -1.889827 -1.444653 0.760001
v -1.916707 -1.508952 0.760001
v -1.943083 -1.575015 0.760001
v -1.968754 -1.642230 0.760001
v -1.993524 -1.709984 0.760001
v -2.017194 -1.777666 0.760001
v -2.039565 -1.844663 0.760001
v -2.060438 -1.910363 0.760001
v -2.079617 -1.974153 0.760001
v -2.096901 -2.035421 0.760001
v -2.112092 -2.093555 0.760001
v -2.124992 -2.147942 0.760001
v -1.963943 -2.213702 0.760001
v -1.960589 -2.197822 0.760001
v -1.957028 -2.181569 0.760001
v -1.953269 -2.164942 0.760001
v -1.949320 -2.147942 0.760001
v -1.945190 -2.130567 0.760001
v -1.940890 -2.112820 0.760001
v -1.936427 -2.094698 0.760001
v -1.931811 -2.076203 0.760001
v -1.927050 -2.057334 0.760001
v -1.922153 -2.038092 0.760001
v -1.917130 -2.018476 0.760001
v -1.911990 -1.998486 0.760001
v -1.776594 -2.029881 0.760001
v -1.660277 -2.057092 0.760001
v -1.561439 -2.080547 0.760001
v -1.478483 -2.100669 0.760001
v -1.409815 -2.117886 0.760001
v -1.353836 -2.132622 0.760001
v -1.308951 -2.145303 0.760001
v -1.273563 -2.156355 0.760001
v -1.246078 -2.166203 0.760001
v -1.224895 -2.175272 0.760001
v -1.208422 -2.183989 0.760001
v -1.195060 -2.192778 0.760001
v -1.192643 -2.180446 0.760001
v -1.189371 -2.166111 0.760001
v -1.185359 -2.150137 0.760001
v -1.180724 -2.132885 0.760001
v -1.175585 -2.114721 0.760001
v -1.170058 -2.096006 0.760001
v -1.164261 -2.077104 0.760001
v -1.158309 -2.058379 0.760001
v -1.152322 -2.040194 0.760001
v -1.146416 -2.022911 0.760001
v -1.140708 -2.006895 0.760001
v -1.135316 -1.992508 0.760001
v -2.882132 -2.103986 0.760001
v -2.888473 -2.100683 0.760001
v -2.894724 -2.096240 0.760001
v -2.900895 -2.090706 0.760001
v -2.906994 -2.084134 0.760001
v -2.913030 -2.076577 0.760001
v -2.919011 -2.068085 0.760001
v -2.924948 -2.058712 0.760001
v -2.930848 -2.048507 0.760001
v -2.936722 -2.037525 0.760001
v -2.942577 -2.025815 0.760001
v -2.948423 -2.013432 0.760001
v -2.955994 -1.996214 0.760001
v -2.965477 -1.973328 0.760001
v -2.976510 -1.945337 0.760001
v -2.988734 -1.912799 0.760001
v -3.001788 -1.876276 0.760001
v -3.015311 -1.836328 0.760001
v -3.028942 -1.793515 0.760001
v -3.042320 -1.748398 0.760001
v -3.055086 -1.701538 0.760001
v -3.066877 -1.653494 0.760001
v -3.077334 -1.604828 0.760001
v -3.086095 -1.556099 0.760001
v -3.226363 -1.609903 0.760001
v -3.216151 -1.650296 0.760001
v -3.205054 -1.690678 0.760001
v -3.193164 -1.730915 0.760001
v -3.180570 -1.770872 0.760001
v -3.167362 -1.810414 0.760001
v -3.153632 -1.849405 0.760001
v -3.139468 -1.887712 0.760001
v -3.124962 -1.925198 0.760001
v -3.110203 -1.961730 0.760001
v -3.095283 -1.997172 0.760001
v -3.080289 -2.031389 0.760001
v -3.065314 -2.064247 0.760001
v -3.270523 -2.028378 0.760001
v -3.263977 -2.009640 0.760001
v -3.257330 -1.990820 0.760001
v -3.250595 -1.971958 0.760001
v -3.243777 -1.953096 0.760001
v -3.236888 -1.934276 0.760001
v -3.229936 -1.915539 0.760001
v -3.222929 -1.896926 0.760001
v -3.215878 -1.878480 0.760001
v -3.208790 -1.860241 0.760001
v -3.201675 -1.842251 0.760001
v -3.194542 -1.824551 0.760001
v -3.187400 -1.807184 0.760001
v -3.296498 -1.765337 0.760001
v -3.312757 -1.802879 0.760001
v -3.328955 -1.841988 0.760001
v -3.344918 -1.882238 0.760001
v -3.360476 -1.923205 0.760001
v -3.375455 -1.964463 0.760001
v -3.389686 -2.005585 0.760001
v -3.402997 -2.046148 0.760001
v -3.415217 -2.085724 0.760001
v -3.426174 -2.123888 0.760001
v -3.435697 -2.160216 0.760001
v -3.443614 -2.194281 0.760001
v -3.449755 -2.225658 0.760001
v -3.369231 -2.264517 0.760001
v -3.379434 -2.271175 0.760001
v -3.390457 -2.277677 0.760001
v -3.402147 -2.283993 0.760001
v -3.414351 -2.290090 0.760001
v -3.426917 -2.295939 0.760001
v -3.439690 -2.301507 0.760001
v -3.452517 -2.306764 0.760001
v -3.465245 -2.311678 0.760001
v -3.477720 -2.316219 0.760001
v -3.489790 -2.320355 0.760001
v -3.501300 -2.324055 0.760001
v -3.512097 -2.327288 0.760001
v -3.506310 -2.389073 0.760001
v -3.499134 -2.443198 0.760001
v -3.490261 -2.490100 0.760001
v -3.479387 -2.530214 0.760001
v -3.466204 -2.563977 0.760001
v -3.450405 -2.591823 0.760001
v -3.431684 -2.614190 0.760001
v -3.409734 -2.631512 0.760001
v -3.384248 -2.644226 0.760001
v -3.354920 -2.652768 0.760001
v -3.321444 -2.657573 0.760001
v -3.283511 -2.659078 0.760001
v -3.268775 -2.659078 0.760001
v -3.246364 -2.659078 0.760001
v -3.217801 -2.659078 0.760001
v -3.184611 -2.659078 0.760001
v -3.148318 -2.659078 0.760001
v -3.110447 -2.659078 0.760001
v -3.072522 -2.659078 0.760001
v -3.036067 -2.659078 0.760001
v -3.002606 -2.659078 0.760001
v -2.973665 -2.659078 0.760001
v -2.950767 -2.659078 0.760001
v -2.935435 -2.659078 0.760001
v -2.887268 -2.657959 0.760001
v -2.845134 -2.654359 0.760001
v -2.808682 -2.647916 0.760001
v -2.777560 -2.638265 0.760001
v -2.751418 -2.625044 0.760001
v -2.729902 -2.607890 0.760001
v -2.712662 -2.586438 0.760001
v -2.699345 -2.560327 0.760001
v -2.689599 -2.529192 0.760001
v -2.683074 -2.492671 0.760001
v -2.679416 -2.450400 0.760001
v -2.678275 -2.402015 0.760001
v -2.678275 -1.887890 0.760001
v -2.648971 -1.970687 0.760001
v -2.616799 -2.051585 0.760001
v -2.581596 -2.130427 0.760001
v -2.543200 -2.207059 0.760001
v -2.501450 -2.281325 0.760001
v -2.456182 -2.353069 0.760001
v -2.407234 -2.422135 0.760001
v -2.354445 -2.488367 0.760001
v -2.297650 -2.551610 0.760001
v -2.236688 -2.611709 0.760001
v -2.171396 -2.668507 0.760001
v -2.101613 -2.721849 0.760001
v -2.093898 -2.708800 0.760001
v -2.085128 -2.695169 0.760001
v -2.075437 -2.681123 0.760001
v -2.064960 -2.666828 0.760001
v -2.053835 -2.652449 0.760001
v -2.042195 -2.638154 0.760001
v -2.030177 -2.624108 0.760001
v -2.017915 -2.610477 0.760001
v -2.005545 -2.597428 0.760001
v -1.993202 -2.585125 0.760001
v -1.981021 -2.573736 0.760001
v -1.969138 -2.563427 0.760001
v -2.056214 -2.499161 0.760001
v -2.135840 -2.429167 0.760001
v -2.208359 -2.353816 0.760001
v -2.274114 -2.273484 0.760001
v -2.333446 -2.188544 0.760001
v -2.386700 -2.099369 0.760001
v -2.434216 -2.006333 0.760001
v -2.476339 -1.909810 0.760001
v -2.513412 -1.810173 0.760001
v -2.545775 -1.707796 0.760001
v -2.573774 -1.603053 0.760001
v -2.597750 -1.496317 0.760001
v -2.174347 -1.496317 0.760001
v -2.174347 -0.264807 0.760001
v -2.561384 -0.264807 0.760001
v -2.570518 -0.239740 0.760001
v -2.579687 -0.213978 0.760001
v -2.588821 -0.187698 0.760001
v -2.597847 -0.161074 0.760001
v -2.606691 -0.134285 0.760001
v -2.615284 -0.107506 0.760001
v -2.623552 -0.080913 0.760001
v -2.631423 -0.054684 0.760001
v -2.638825 -0.028995 0.760001
v -2.645686 -0.004022 0.760001
v -2.651934 0.020059 0.760001
v -2.657495 0.043071 0.760001
v -2.875691 0.010190 0.760001
v -2.866496 -0.013716 0.760001
v -2.857111 -0.037580 0.760001
v -2.847564 -0.061361 0.760001
v -2.837881 -0.085018 0.760001
v -2.828092 -0.108509 0.760001
v -2.818219 -0.131792 0.760001
v -2.808293 -0.154826 0.760001
v -2.798341 -0.177570 0.760001
v -2.788388 -0.199981 0.760001
v -2.778462 -0.222019 0.760001
v -2.768591 -0.243641 0.760001
v -2.758801 -0.264807 0.760001
v -3.369231 -0.264807 0.760001
v -3.369231 -1.496317 0.760001
v -2.776983 -1.496317 0.760001
v -2.756203 -1.600936 0.760001
v -2.849715 -1.600936 0.760001
v -2.849715 -2.399026 0.760001
v -2.850022 -2.416430 0.760001
v -2.851097 -2.431394 0.760001
v -2.853165 -2.444096 0.760001
v -2.856450 -2.454712 0.760001
v -2.861177 -2.463418 0.760001
v -2.867574 -2.470391 0.760001
v -2.875864 -2.475806 0.760001
v -2.886273 -2.479842 0.760001
v -2.899029 -2.482674 0.760001
v -2.914354 -2.484478 0.760001
v -2.932475 -2.485431 0.760001
v -2.953618 -2.485710 0.760001
v -2.968040 -2.485710 0.760001
v -2.988447 -2.485710 0.760001
v -3.013689 -2.485710 0.760001
v -3.042610 -2.485710 0.760001
v -3.074058 -2.485710 0.760001
v -3.106876 -2.485710 0.760001
v -3.139912 -2.485710 0.760001
v -3.172008 -2.485710 0.760001
v -3.202012 -2.485710 0.760001
v -3.228770 -2.485710 0.760001
v -3.251126 -2.485710 0.760001
v -3.267925 -2.485710 0.760001
v -3.283755 -2.485070 0.760001
v -3.297570 -2.482831 0.760001
v -3.309528 -2.478518 0.760001
v -3.319781 -2.471650 0.760001
v -3.328484 -2.461752 0.760001
v -3.335788 -2.448346 0.760001
v -3.341847 -2.430955 0.760001
v -3.346816 -2.409101 0.760001
v -3.350846 -2.382306 0.760001
v -3.354092 -2.350093 0.760001
v -3.356705 -2.311986 0.760001
v -3.358840 -2.267506 0.760001
v -3.335463 -2.279462 0.760001
v -3.306889 -2.159898 0.760001
v -3.237661 -2.174684 0.760001
v -3.177573 -2.187768 0.760001
v -3.125909 -2.199317 0.760001
v -3.081957 -2.209495 0.760001
v -3.045002 -2.218469 0.760001
v -3.014336 -2.226406 0.760001
v -2.989243 -2.233470 0.760001
v -2.969010 -2.239829 0.760001
v -2.952927 -2.245648 0.760001
v -2.940281 -2.251093 0.760001
v -2.930358 -2.256331 0.760001
v -2.922447 -2.261528 0.760001
v -2.920732 -2.252361 0.760001
v -2.918262 -2.241503 0.760001
v -2.915142 -2.229254 0.760001
v -2.911480 -2.215916 0.760001
v -2.907386 -2.201789 0.760001
v -2.902966 -2.187173 0.760001
v -2.898330 -2.172372 0.760001
v -2.893586 -2.157684 0.760001
v -2.888842 -2.143411 0.760001
v -2.884206 -2.129855 0.760001
v -2.879786 -2.117315 0.760001
v -2.875691 -2.106094 0.760001
v -2.628922 -1.308004 0.760001
v -2.633308 -1.279548 0.760001
v -2.637399 -1.250989 0.760001
v -2.641218 -1.222347 0.760001
v -2.644794 -1.193643 0.760001
v -2.648154 -1.164897 0.760001
v -2.651325 -1.136131 0.760001
v -2.654334 -1.107364 0.760001
v -2.657207 -1.078618 0.760001
v -2.659971 -1.049913 0.760001
v -2.662654 -1.021271 0.760001
v -2.665283 -0.992712 0.760001
v -2.667886 -0.964257 0.760001
v -2.353579 -0.964257 0.760001
v -2.353579 -1.308004 0.760001
v -3.184803 -1.308004 0.760001
v -3.184803 -0.964257 0.760001
v -2.844521 -0.964257 0.760001
v -2.841919 -0.992712 0.760001
v -2.839301 -1.021271 0.760001
v -2.836647 -1.049913 0.760001
v -2.833938 -1.078618 0.760001
v -2.831157 -1.107364 0.760001
v -2.828286 -1.136131 0.760001
v -2.825307 -1.164897 0.760001
v -2.822202 -1.193643 0.760001
v -2.818952 -1.222347 0.760001
v -2.815539 -1.250989 0.760001
v -2.811946 -1.279548 0.760001
v -2.808155 -1.308004 0.760001
v -2.678275 -0.787900 0.760001
v -2.688666 -0.450131 0.760001
v -2.353579 -0.450131 0.760001
v -2.353579 -0.787900 0.760001
v -3.184803 -0.787900 0.760001
v -3.184803 -0.450131 0.760001
v -2.867898 -0.450131 0.760001
v -2.854910 -0.787900 0.760001
v 1.176525 -2.279462 0.760001
v 0.376472 -2.279462 0.760001
v 0.376472 -0.010733 0.760001
v 0.199837 -0.010733 0.760001
v 0.199837 -2.279462 0.760001
v -0.618399 -2.279462 0.760001
v -0.618399 -0.285731 0.760001
v -0.802827 -0.285731 0.760001
v -0.802827 -2.694947 0.760001
v -0.618399 -2.694947 0.760001
v -0.618399 -2.488699 0.760001
v 1.358356 -2.488699 0.760001
v 1.358356 -0.285731 0.760001
v 1.176525 -0.285731 0.760001
v 1.144055 -1.080538 0.760001
v 1.134964 -1.075241 0.760001
v 1.125872 -1.068035 0.760001
v 1.116780 -1.059023 0.760001
v 1.107689 -1.048308 0.760001
v 1.098598 -1.035995 0.760001
v 1.089506 -1.022188 0.760001
v 1.080415 -1.006990 0.760001
v 1.071323 -0.990505 0.760001
v 1.062232 -0.972837 0.760001
v 1.053141 -0.954089 0.760001
v 1.044049 -0.934366 0.760001
v 1.032555 -0.909420 0.760001
v 1.017904 -0.875539 0.760001
v 1.000620 -0.833624 0.760001
v 0.981226 -0.784579 0.760001
v 0.960244 -0.729306 0.760001
v 0.938197 -0.668709 0.760001
v 0.915610 -0.603691 0.760001
v 0.893004 -0.535155 0.760001
v 0.870904 -0.464003 0.760001
v 0.849832 -0.391138 0.760001
v 0.830311 -0.317464 0.760001
v 0.812864 -0.243883 0.760001
v 0.651815 -0.309644 0.760001
v 0.672578 -0.375551 0.760001
v 0.694531 -0.441593 0.760001
v 0.717566 -0.507531 0.760001
v 0.741576 -0.573127 0.760001
v 0.766451 -0.638142 0.760001
v 0.792085 -0.702337 0.760001
v 0.818367 -0.765473 0.760001
v 0.845190 -0.827312 0.760001
v 0.872447 -0.887615 0.760001
v 0.900027 -0.946142 0.760001
v 0.927825 -1.002657 0.760001
v 0.955731 -1.056919 0.760001
v 0.690779 -1.030017 0.760001
v 0.682988 -1.007540 0.760001
v 0.675217 -0.984959 0.760001
v 0.667481 -0.962295 0.760001
v 0.659800 -0.939569 0.760001
v 0.652190 -0.916802 0.760001
v 0.644671 -0.894013 0.760001
v 0.637260 -0.871225 0.760001
v 0.629976 -0.848457 0.760001
v 0.622836 -0.825731 0.760001
v 0.615858 -0.803067 0.760001
v 0.609061 -0.780486 0.760001
v 0.602462 -0.758009 0.760001
v 0.451802 -0.826758 0.760001
v 0.485117 -0.918061 0.760001
v 0.520037 -1.009425 0.760001
v 0.556436 -1.100541 0.760001
v 0.594188 -1.191097 0.760001
v 0.633166 -1.280780 0.760001
v 0.673245 -1.369280 0.760001
v 0.714298 -1.456286 0.760001
v 0.756199 -1.541486 0.760001
v 0.798821 -1.624568 0.760001
v 0.842040 -1.705222 0.760001
v 0.885727 -1.783136 0.760001
v 0.929756 -1.857999 0.760001
v 0.571290 -1.795228 0.760001
v 0.579244 -1.765345 0.760001
v 0.587513 -1.735515 0.760001
v 0.596088 -1.705788 0.760001
v 0.604962 -1.676217 0.760001
v 0.614124 -1.646854 0.760001
v 0.623567 -1.617750 0.760001
v 0.633279 -1.588957 0.760001
v 0.643252 -1.560528 0.760001
v 0.653479 -1.532513 0.760001
v 0.663949 -1.504966 0.760001
v 0.674653 -1.477938 0.760001
v 0.685583 -1.451481 0.760001
v 0.581680 -1.400666 0.760001
v 0.559246 -1.455060 0.760001
v 0.537498 -1.511747 0.760001
v 0.516578 -1.570158 0.760001
v 0.496634 -1.629720 0.760001
v 0.477807 -1.689863 0.760001
v 0.460243 -1.750017 0.760001
v 0.444087 -1.809611 0.760001
v 0.429482 -1.868073 0.760001
v 0.416572 -1.924833 0.760001
v 0.405502 -1.979320 0.760001
v 0.396417 -2.030964 0.760001
v 0.389461 -2.079192 0.760001
v 0.503754 -2.132996 0.760001
v 0.505159 -2.119301 0.760001
v 0.506783 -2.105139 0.760001
v 0.508623 -2.090542 0.760001
v 0.510680 -2.075539 0.760001
v 0.512953 -2.060163 0.760001
v 0.515442 -2.044444 0.760001
v 0.518148 -2.028414 0.760001
v 0.521070 -2.012104 0.760001
v 0.524209 -1.995544 0.760001
v 0.527565 -1.978767 0.760001
v 0.531137 -1.961802 0.760001
v 0.534925 -1.944683 0.760001
v 0.640116 -1.965770 0.760001
v 0.730524 -1.984357 0.760001
v 0.807385 -2.000681 0.760001
v 0.871936 -2.014982 0.760001
v 0.925410 -2.027497 0.760001
v 0.969044 -2.038466 0.760001
v 1.004073 -2.048127 0.760001
v 1.031734 -2.056719 0.760001
v 1.053263 -2.064480 0.760001
v 1.069893 -2.071650 0.760001
v 1.082861 -2.078467 0.760001
v 1.093403 -2.085171 0.760001
v 1.095715 -2.074509 0.760001
v 1.098694 -2.062157 0.760001
v 1.102250 -2.048414 0.760001
v 1.106294 -2.033581 0.760001
v 1.110734 -2.017959 0.760001
v 1.115481 -2.001849 0.760001
v 1.120445 -1.985553 0.760001
v 1.125535 -1.969370 0.760001
v 1.130661 -1.953603 0.760001
v 1.135734 -1.938552 0.760001
v 1.140661 -1.924518 0.760001
v 1.145354 -1.911803 0.760001
v 1.134253 -1.907403 0.760001
v 1.122998 -1.900275 0.760001
v 1.111545 -1.890552 0.760001
v 1.099849 -1.878369 0.760001
v 1.087864 -1.863861 0.760001
v 1.075545 -1.847163 0.760001
v 1.062847 -1.828410 0.760001
v 1.049726 -1.807737 0.760001
v 1.036135 -1.785279 0.760001
v 1.022030 -1.761171 0.760001
v 1.007366 -1.735548 0.760001
v 0.992097 -1.708544 0.760001
v 0.980551 -1.687983 0.760001
v 0.966830 -1.662378 0.760001
v 0.951144 -1.632041 0.760001
v 0.933700 -1.597282 0.760001
v 0.914703 -1.558414 0.760001
v 0.894363 -1.515746 0.760001
v 0.872887 -1.469592 0.760001
v 0.850482 -1.420261 0.760001
v 0.827354 -1.368066 0.760001
v 0.803714 -1.313318 0.760001
v 0.779766 -1.256327 0.760001
v 0.755718 -1.197407 0.760001
v 0.815843 -1.205265 0.760001
v 0.868065 -1.212449 0.760001
v 0.913035 -1.219031 0.760001
v 0.951403 -1.225084 0.760001
v 0.983818 -1.230680 0.760001
v 1.010931 -1.235892 0.760001
v 1.033389 -1.240792 0.760001
v 1.051843 -1.245454 0.760001
v 1.066940 -1.249950 0.760001
v 1.079332 -1.254352 0.760001
v 1.089669 -1.258734 0.760001
v 1.098598 -1.263167 0.760001
v 1.100912 -1.252389 0.760001
v 1.103902 -1.239711 0.760001
v 1.107488 -1.225477 0.760001
v 1.111587 -1.210028 0.760001
v 1.116118 -1.193707 0.760001
v 1.121002 -1.176857 0.760001
v 1.126157 -1.159820 0.760001
v 1.131501 -1.142939 0.760001
v 1.136953 -1.126556 0.760001
v 1.142432 -1.111014 0.760001
v 1.147858 -1.096654 0.760001
v 1.153147 -1.083821 0.760001
v 0.162171 -1.044728 0.760001
v 0.153080 -1.039593 0.760001
v 0.143989 -1.032633 0.760001
v 0.134897 -1.023928 0.760001
v 0.125806 -1.013563 0.760001
v 0.116714 -1.001621 0.760001
v 0.107623 -0.988184 0.760001
v 0.098532 -0.973335 0.760001
v 0.089440 -0.957158 0.760001
v 0.080348 -0.939735 0.760001
v 0.071257 -0.921150 0.760001
v 0.062165 -0.901486 0.760001
v 0.050673 -0.877350 0.760001
v 0.036034 -0.844402 0.760001
v 0.018779 -0.803546 0.760001
v -0.000561 -0.755684 0.760001
v -0.021451 -0.701719 0.760001
v -0.043361 -0.642555 0.760001
v -0.065758 -0.579094 0.760001
v -0.088109 -0.512238 0.760001
v -0.109883 -0.442892 0.760001
v -0.130548 -0.371958 0.760001
v -0.149571 -0.300339 0.760001
v -0.166421 -0.228938 0.760001
v -0.330069 -0.291709 0.760001
v -0.309358 -0.356122 0.760001
v -0.287545 -0.420669 0.760001
v -0.264723 -0.485113 0.760001
v -0.240981 -0.549215 0.760001
v -0.216410 -0.612735 0.760001
v -0.191098 -0.675435 0.760001
v -0.165137 -0.737077 0.760001
v -0.138618 -0.797421 0.760001
v -0.111629 -0.856229 0.760001
v -0.084260 -0.913262 0.760001
v -0.056603 -0.968282 0.760001
v -0.028749 -1.021050 0.760001
v -0.298897 -0.994148 0.760001
v -0.306687 -0.973224 0.760001
v -0.314459 -0.952300 0.760001
v -0.322195 -0.931377 0.760001
v -0.329876 -0.910453 0.760001
v -0.337486 -0.889529 0.760001
v -0.345005 -0.868606 0.760001
v -0.352415 -0.847682 0.760001
v -0.359700 -0.826758 0.760001
v -0.366839 -0.805834 0.760001
v -0.373817 -0.784911 0.760001
v -0.380615 -0.763987 0.760001
v -0.387215 -0.743063 0.760001
v -0.543069 -0.811813 0.760001
v -0.507210 -0.903053 0.760001
v -0.469844 -0.994231 0.760001
v -0.431089 -1.085036 0.760001
v -0.391063 -1.175155 0.760001
v -0.349882 -1.264278 0.760001
v -0.307664 -1.352093 0.760001
v -0.264525 -1.438289 0.760001
v -0.220585 -1.522555 0.760001
v -0.175959 -1.604579 0.760001
v -0.130764 -1.684050 0.760001
v -0.085119 -1.760656 0.760001
v -0.039140 -1.834086 0.760001
v -0.418386 -1.768326 0.760001
v -0.409782 -1.737637 0.760001
v -0.400864 -1.706897 0.760001
v -0.391638 -1.676177 0.760001
v -0.382115 -1.645551 0.760001
v -0.372303 -1.615091 0.760001
v -0.362212 -1.584869 0.760001
v -0.351851 -1.554959 0.760001
v -0.341228 -1.525433 0.760001
v -0.330352 -1.496364 0.760001
v -0.319233 -1.467824 0.760001
v -0.307879 -1.439886 0.760001
v -0.296300 -1.412622 0.760001
v -0.402801 -1.358819 0.760001
v -0.427131 -1.415450 0.760001
v -0.450675 -1.474355 0.760001
v -0.473301 -1.534942 0.760001
v -0.494870 -1.596618 0.760001
v -0.515249 -1.658792 0.760001
v -0.534303 -1.720873 0.760001
v -0.551895 -1.782269 0.760001
v -0.567891 -1.842389 0.760001
v -0.582155 -1.900640 0.760001
v -0.594552 -1.956431 0.760001
v -0.604947 -2.009171 0.760001
v -0.613204 -2.058269 0.760001
v -0.496313 -2.118051 0.760001
v -0.494257 -2.102863 0.760001
v -0.491983 -2.087219 0.760001
v -0.489494 -2.071159 0.760001
v -0.486789 -2.054726 0.760001
v -0.483866 -2.037961 0.760001
v -0.480727 -2.020905 0.760001
v -0.477372 -2.003600 0.760001
v -0.473801 -1.986087 0.760001
v -0.470012 -1.968409 0.760001
v -0.466007 -1.950606 0.760001
v -0.461786 -1.932719 0.760001
v -0.457349 -1.914792 0.760001
v -0.346786 -1.936449 0.760001
v -0.251900 -1.955283 0.760001
v -0.171372 -1.971584 0.760001
v -0.103887 -1.985644 0.760001
v -0.048125 -1.997753 0.760001
v -0.002773 -2.008201 0.760001
v 0.033487 -2.017279 0.760001
v 0.061974 -2.025278 0.760001
v 0.084002 -2.032487 0.760001
v 0.100889 -2.039199 0.760001
v 0.113953 -2.045703 0.760001
v 0.124508 -2.052290 0.760001
v 0.127366 -2.041570 0.760001
v 0.130713 -2.029055 0.760001
v 0.134492 -2.015066 0.760001
v 0.138650 -1.999925 0.760001
v 0.143132 -1.983954 0.760001
v 0.147885 -1.967474 0.760001
v 0.152856 -1.950808 0.760001
v 0.157988 -1.934276 0.760001
v 0.163228 -1.918201 0.760001
v 0.168522 -1.902904 0.760001
v 0.173817 -1.888708 0.760001
v 0.179056 -1.875933 0.760001
v 0.167257 -1.871593 0.760001
v 0.155233 -1.864628 0.760001
v 0.142974 -1.855150 0.760001
v 0.130471 -1.843275 0.760001
v 0.117717 -1.829116 0.760001
v 0.104700 -1.812788 0.760001
v 0.091413 -1.794406 0.760001
v 0.077847 -1.774082 0.760001
v 0.063992 -1.751932 0.760001
v 0.049839 -1.728070 0.760001
v 0.035379 -1.702609 0.760001
v 0.020605 -1.675663 0.760001
v 0.008900 -1.655670 0.760001
v -0.005276 -1.630301 0.760001
v -0.021688 -1.599908 0.760001
v -0.040102 -1.564845 0.760001
v -0.060285 -1.525464 0.760001
v -0.082000 -1.482119 0.760001
v -0.105014 -1.435162 0.760001
v -0.129093 -1.384945 0.760001
v -0.154001 -1.331823 0.760001
v -0.179505 -1.276148 0.760001
v -0.205370 -1.218272 0.760001
v -0.231360 -1.158549 0.760001
v -0.170045 -1.167781 0.760001
v -0.116827 -1.176110 0.760001
v -0.071042 -1.183629 0.760001
v -0.032021 -1.190433 0.760001
v 0.000903 -1.196613 0.760001
v 0.028397 -1.202264 0.760001
v 0.051128 -1.207479 0.760001
v 0.069766 -1.212352 0.760001
v 0.084975 -1.216976 0.760001
v 0.097425 -1.221444 0.760001
v 0.107782 -1.225850 0.760001
v 0.116715 -1.230287 0.760001
v 0.119029 -1.219450 0.760001
v 0.122019 -1.206609 0.760001
v 0.125604 -1.192129 0.760001
v 0.129704 -1.176372 0.760001
v 0.134235 -1.159702 0.760001
v 0.139119 -1.142482 0.760001
v 0.144274 -1.125075 0.760001
v 0.149618 -1.107844 0.760001
v 0.155070 -1.091154 0.760001
v 0.160549 -1.075366 0.760001
v 0.165975 -1.060844 0.760001
v 0.171264 -1.047952 0.760001
v 3.117557 1.995420 0.760000
v 3.054945 2.037037 0.760000
v 2.992028 2.077762 0.760000
v 2.929408 2.117397 0.760000
v 2.867690 2.155745 0.760001
v 2.807478 2.192609 0.760001
v 2.749377 2.227791 0.760001
v 2.693991 2.261095 0.760001
v 2.641924 2.292323 0.760001
v 2.593780 2.321278 0.760001
v 2.550164 2.347763 0.760001
v 2.511680 2.371581 0.760001
v 2.493268 2.384050 0.760001
v 2.475650 2.396103 0.760001
v 2.458754 2.407824 0.760001
v 2.442507 2.419296 0.760001
v 2.426837 2.430602 0.760001
v 2.411673 2.441825 0.760001
v 2.396942 2.453048 0.760001
v 2.382570 2.464354 0.760001
v 2.368489 2.475826 0.760001
v 2.354623 2.487547 0.760001
v 2.340901 2.499600 0.760001
v 2.327252 2.512069 0.760001
v 2.212959 2.299842 0.760001
v 2.228007 2.289438 0.760001
v 2.243289 2.279126 0.760001
v 2.258823 2.268877 0.760001
v 2.274628 2.258659 0.760001
v 2.290721 2.248441 0.760001
v 2.307121 2.238192 0.760001
v 2.323846 2.227881 0.760001
v 2.340914 2.217476 0.760001
v 2.358343 2.206947 0.760001
v 2.376150 2.196262 0.760001
v 2.394353 2.185390 0.760001
v 2.412972 2.174300 0.760001
v 2.460754 2.146270 0.760001
v 2.515120 2.114712 0.760001
v 2.575078 2.079957 0.760001
v 2.639635 2.042337 0.760001
v 2.707800 2.002185 0.760001
v 2.778581 1.959832 0.760001
v 2.850985 1.915612 0.760001
v 2.924021 1.869855 0.760001
v 2.996696 1.822894 0.760001
v 3.068018 1.775061 0.760001
v 3.136995 1.726689 0.760000
v 3.202635 1.678109 0.760000
v 3.260997 1.632892 0.760000
v 3.315185 1.586886 0.760000
v 3.365024 1.540050 0.760000
v 3.410345 1.492342 0.760000
v 3.450976 1.443721 0.760000
v 3.486745 1.394145 0.760000
v 3.517482 1.343572 0.760000
v 3.543014 1.291962 0.760000
v 3.563170 1.239272 0.760000
v 3.577781 1.185461 0.760000
v 3.586672 1.130488 0.760000
v 3.589674 1.074311 0.760000
v 3.585399 1.014254 0.760000
v 3.572574 0.958275 0.760000
v 3.551198 0.906594 0.760000
v 3.521271 0.859427 0.760001
v 3.482795 0.816994 0.760001
v 3.435768 0.779510 0.760001
v 3.380190 0.747196 0.760001
v 3.316063 0.720268 0.760001
v 3.243385 0.698945 0.760001
v 3.162157 0.683444 0.760001
v 3.072378 0.673984 0.760001
v 2.974049 0.670782 0.760001
v 2.902085 0.671640 0.760001
v 2.828236 0.674158 0.760001
v 2.753214 0.678255 0.760001
v 2.677733 0.683845 0.760001
v 2.602504 0.690848 0.760001
v 2.528240 0.699178 0.760001
v 2.455654 0.708755 0.760001
v 2.385458 0.719493 0.760001
v 2.318364 0.731311 0.760001
v 2.255085 0.744126 0.760001
v 2.196335 0.757853 0.760001
v 2.142824 0.772411 0.760001
v 2.142824 0.506381 0.760001
v 2.194244 0.496748 0.760001
v 2.249624 0.487353 0.760001
v 2.308703 0.478312 0.760001
v 2.371217 0.469737 0.760001
v 2.436907 0.461744 0.760001
v 2.505510 0.454446 0.760001
v 2.576765 0.447957 0.760001
v 2.650409 0.442392 0.760001
v 2.726182 0.437865 0.760001
v 2.803823 0.434491 0.760001
v 2.883069 0.432382 0.760001
v 2.963658 0.431654 0.760001
v 3.082804 0.435207 0.760001
v 3.195564 0.446129 0.760001
v 3.301181 0.464814 0.760001
v 3.398897 0.491657 0.760001
v 3.487954 0.527052 0.760001
v 3.567595 0.571394 0.760001
v 3.637062 0.625077 0.760001
v 3.695598 0.688495 0.760000
v 3.742444 0.762043 0.760000
v 3.776844 0.846115 0.760000
v 3.798039 0.941105 0.760000
v 3.805273 1.047409 0.760000
v 3.801739 1.123036 0.760000
v 3.791286 1.196089 0.760000
v 3.774142 1.266734 0.760000
v 3.750531 1.335138 0.760000
v 3.720678 1.401465 0.760000
v 3.684810 1.465883 0.760000
v 3.643151 1.528557 0.760000
v 3.595927 1.589654 0.760000
v 3.543364 1.649339 0.760000
v 3.485686 1.707779 0.760000
v 3.423120 1.765139 0.760000
v 3.355892 1.821586 0.760000
v 3.386120 1.884968 0.760000
v 3.416982 1.952262 0.760000
v 3.448348 2.023024 0.760000
v 3.480093 2.096805 0.760000
v 3.512091 2.173160 0.760000
v 3.544215 2.251643 0.760000
v 3.576340 2.331808 0.760000
v 3.608337 2.413207 0.760000
v 3.640083 2.495395 0.760000
v 3.671449 2.577926 0.760000
v 3.702311 2.660353 0.760000
v 3.732540 2.742230 0.760000
v 3.527332 2.840870 0.760000
v 3.500839 2.758842 0.760000
v 3.473408 2.677341 0.760000
v 3.445183 2.596651 0.760000
v 3.416309 2.517051 0.760000
v 3.386930 2.438820 0.760000
v 3.357191 2.362240 0.760000
v 3.327234 2.287591 0.760000
v 3.297206 2.215151 0.760000
v 3.267250 2.145203 0.760000
v 3.237510 2.078026 0.760000
v 3.208131 2.013901 0.760000
v 3.179257 1.953107 0.760000
v 4.630699 2.751695 0.760000
v 4.678214 2.684440 0.760000
v 4.727046 2.618182 0.760000
v 4.777150 2.552920 0.760000
v 4.828481 2.488654 0.760000
v 4.880993 2.425385 0.760000
v 4.934642 2.363112 0.760000
v 4.989382 2.301835 0.760000
v 5.045168 2.241555 0.760000
v 5.101955 2.182271 0.760000
v 5.159698 2.123984 0.760000
v 5.218353 2.066693 0.760000
v 4.467654 2.066693 0.760000
v 4.467654 1.863434 0.760000
v 5.446939 1.863434 0.760000
v 5.480815 1.835909 0.760000
v 5.514898 1.808634 0.760000
v 5.549179 1.781607 0.760000
v 5.583650 1.754830 0.760000
v 5.618300 1.728301 0.760000
v 5.653122 1.702022 0.760000
v 5.688107 1.675992 0.760000
v 5.723245 1.650211 0.760000
v 5.758527 1.624679 0.760000
v 5.793944 1.599396 0.760000
v 5.829488 1.574363 0.760000
v 5.865149 1.549578 0.760000
v 4.787156 1.549578 0.760000
v 4.787156 0.288177 0.760000
v 4.987169 0.288177 0.760000
v 4.987169 0.374861 0.760000
v 6.044382 0.374861 0.760000
v 6.044382 0.276220 0.760000
v 6.239200 0.276220 0.760000
v 6.239200 1.319417 0.760000
v 6.278269 1.297245 0.760000
v 6.317536 1.275549 0.760000
v 6.356984 1.254311 0.760000
v 6.396594 1.233508 0.760000
v 6.436348 1.213121 0.760000
v 6.476229 1.193128 0.760000
v 6.516217 1.173508 0.760000
v 6.556296 1.154242 0.760000
v 6.596447 1.135307 0.760000
v 6.636653 1.116684 0.760000
v 6.676894 1.098351 0.760000
v 6.717154 1.080289 0.760000
v 6.724319 1.093128 0.760000
v 6.732703 1.107523 0.760000
v 6.742115 1.123164 0.760000
v 6.752365 1.139739 0.760000
v 6.763265 1.156937 0.760000
v 6.774625 1.174446 0.760000
v 6.786255 1.191955 0.760000
v 6.797967 1.209152 0.760000
v 6.809570 1.225727 0.760000
v 6.820876 1.241368 0.760000
v 6.831695 1.255764 0.760000
v 6.841837 1.268602 0.760000
v 6.747310 1.307021 0.760000
v 6.653404 1.347537 0.760000
v 6.560203 1.390128 0.760000
v 6.467786 1.434774 0.760000
v 6.376235 1.481455 0.760000
v 6.285631 1.530149 0.760000
v 6.196055 1.580836 0.760000
v 6.107589 1.633494 0.760000
v 6.020313 1.688104 0.760000
v 5.934309 1.744644 0.760000
v 5.849658 1.803095 0.760000
v 5.766441 1.863434 0.760000
v 6.784691 1.863434 0.760000
v 6.784691 2.066693 0.760000
v 5.888527 2.066693 0.760000
v 5.888527 2.452287 0.760000
v 6.556104 2.452287 0.760000
v 6.556104 2.649568 0.760000
v 5.888527 2.649568 0.760000
v 5.888527 3.026194 0.760000
v 5.696307 3.026194 0.760000
v 5.696307 2.649568 0.760000
v 5.049510 2.649568 0.760000
v 5.049510 2.527014 0.760000
v 5.022451 2.558583 0.760000
v 4.995815 2.590505 0.760000
v 4.969594 2.622759 0.760000
v 4.943779 2.655324 0.760000
v 4.918362 2.688180 0.760000
v 4.893331 2.721306 0.760000
v 4.868680 2.754681 0.760000
v 4.844398 2.788284 0.760000
v 4.820477 2.822095 0.760000
v 4.796908 2.856092 0.760000
v 4.773682 2.890256 0.760000
v 4.750790 2.924565 0.760000
v 4.584545 2.819946 0.760000
v 5.476379 2.096771 0.760000
v 5.441312 2.127222 0.760000
v 5.406677 2.158047 0.760000
v 5.372476 2.189246 0.760000
v 5.338707 2.220818 0.760000
v 5.305372 2.252764 0.760000
v 5.272469 2.285084 0.760000
v 5.239999 2.317777 0.760000
v 5.207963 2.350844 0.760000
v 5.176359 2.384285 0.760000
v 5.145188 2.418099 0.760000
v 5.114450 2.452287 0.760000
v 5.696307 2.452287 0.760000
v 5.696307 2.066693 0.760000
v 5.511879 2.066693 0.760000
v 4.987169 0.569152 0.760000
v 4.987169 0.883008 0.760000
v 6.044382 0.883008 0.760000
v 6.044382 0.569152 0.760000
v 4.987169 1.358275 0.760000
v 6.044382 1.358275 0.760000
v 6.044382 1.062354 0.760000
v 4.987169 1.062354 0.760000
v 8.714254 2.886461 0.760000
v 8.724634 2.845409 0.760000
v 8.735429 2.804440 0.760000
v 8.746629 2.763596 0.760000
v 8.758226 2.722918 0.760000
v 8.770212 2.682447 0.760000
v 8.782576 2.642226 0.760000
v 8.795310 2.602295 0.760000
v 8.808404 2.562697 0.760000
v 8.821851 2.523472 0.760000
v 8.835640 2.484662 0.760000
v 8.849763 2.446309 0.760000
v 8.319858 2.446309 0.760000
v 8.319858 3.026194 0.760000
v 8.117247 3.026194 0.760000
v 8.117247 2.446309 0.760000
v 7.182119 2.446309 0.760000
v 7.182119 2.228104 0.760000
v 8.117247 2.228104 0.760000
v 8.117247 1.567513 0.760000
v 7.275632 1.567513 0.760000
v 7.275632 1.352297 0.760000
v 8.117247 1.352297 0.760000
v 8.117247 0.590076 0.760000
v 7.057436 0.590076 0.760000
v 7.057436 0.371872 0.760000
v 9.379668 0.371872 0.760000
v 9.379668 0.590076 0.760000
v 8.319858 0.590076 0.760000
v 8.319858 1.352297 0.760000
v 9.093935 1.352297 0.760000
v 9.093935 1.567513 0.760000
v 8.319858 1.567513 0.760000
v 8.319858 2.228104 0.760000
v 8.935482 2.228104 0.760000
v 8.956426 2.181410 0.760000
v 8.977694 2.135525 0.760000
v 8.999286 2.090512 0.760000
v 9.021202 2.046433 0.760000
v 9.043445 2.003351 0.760000
v 9.066010 1.961327 0.760000
v 9.088902 1.920424 0.760000
v 9.112118 1.880704 0.760000
v 9.135658 1.842230 0.760000
v 9.159523 1.805063 0.760000
v 9.183713 1.769266 0.760000
v 9.208228 1.734902 0.760000
v 9.218895 1.745141 0.760000
v 9.231221 1.756283 0.760000
v 9.244919 1.768109 0.760000
v 9.259698 1.780403 0.760000
v 9.275271 1.792946 0.760000
v 9.291350 1.805520 0.760000
v 9.307645 1.817907 0.760000
v 9.323868 1.829889 0.760000
v 9.339730 1.841249 0.760000
v 9.354942 1.851768 0.760000
v 9.369217 1.861228 0.760000
v 9.382265 1.869412 0.760000
v 9.329950 1.938954 0.760000
v 9.279565 2.014245 0.760000
v 9.231200 2.094809 0.760000
v 9.184946 2.180168 0.760000
v 9.140892 2.269844 0.760000
v 9.099130 2.363361 0.760000
v 9.059749 2.460240 0.760000
v 9.022838 2.560005 0.760000
v 8.988489 2.662178 0.760000
v 8.956792 2.766281 0.760000
v 8.927837 2.871837 0.760000
v 8.901714 2.978369 0.760000
v 8.704298 2.927554 0.760000
v 8.714254 2.886461 0.760000
v 8.714254 2.886461 -0.760000
v 8.724634 2.845409 0.760000
v 8.724634 2.845409 -0.760000
v 8.735429 2.804440 0.760000
v 8.735429 2.804440 -0.760000
v 8.746629 2.763596 0.760000
v 8.746629 2.763596 -0.760000
v 8.758226 2.722918 0.760000
v 8.758226 2.722918 -0.760000
v 8.770212 2.682447 0.760000
v 8.770211 2.682447 -0.760000
v 8.782576 2.642226 0.760000
v 8.782576 2.642226 -0.760000
v 8.795310 2.602295 0.760000
v 8.795309 2.602295 -0.760000
v 8.808404 2.562697 0.760000
v 8.808404 2.562697 -0.760000
v 8.821851 2.523472 0.760000
v 8.821851 2.523472 -0.760000
v 8.835640 2.484662 0.760000
v 8.835640 2.484662 -0.760000
v 8.849763 2.446309 0.760000
v 8.849762 2.446309 -0.760000
v 8.319858 2.446309 0.760000
v 8.319857 2.446309 -0.760000
v 8.319858 3.026194 0.760000
v 8.319857 3.026194 -0.760000
v 8.117247 3.026194 0.760000
v 8.117247 3.026194 -0.760000
v 8.117247 2.446309 0.760000
v 8.117247 2.446309 -0.760000
v 7.182119 2.446309 0.760000
v 7.182119 2.446309 -0.760000
v 7.182119 2.228104 0.760000
v 7.182119 2.228104 -0.760000
v 8.117247 2.228104 0.760000
v 8.117247 2.228104 -0.760000
v 8.117247 1.567513 0.760000
v 8.117247 1.567513 -0.760000
v 7.275632 1.567513 0.760000
v 7.275632 1.567513 -0.760000
v 7.275632 1.352297 0.760000
v 7.275632 1.352297 -0.760000
v 8.117247 1.352297 0.760000
v 8.117247 1.352297 -0.760000
v 8.117247 0.590076 0.760000
v 8.117247 0.590076 -0.760000
v 7.057436 0.590076 0.760000
v 7.057436 0.590076 -0.760000
v 7.057436 0.371872 0.760000
v 7.057436 0.371872 -0.760000
v 9.379668 0.371872 0.760000
v 9.379667 0.371872 -0.760000
v 9.379668 0.590076 0.760000
v 9.379667 0.590076 -0.760000
v 8.319858 0.590076 0.760000
v 8.319857 0.590076 -0.760000
v 8.319858 1.352297 0.760000
v 8.319857 1.352297 -0.760000
v 9.093935 1.352297 0.760000
v 9.093934 1.352297 -0.760000
v 9.093935 1.567513 0.760000
v 9.093934 1.567513 -0.760000
v 8.319858 1.567513 0.760000
v 8.319857 1.567513 -0.760000
v 8.319858 2.228104 0.760000
v 8.319857 2.228104 -0.760000
v 8.935482 2.228104 0.760000
v 8.935482 2.228104 -0.760000
v 8.956426 2.181410 0.760000
v 8.956426 2.181410 -0.760000
v 8.977694 2.135525 0.760000
v 8.977693 2.135525 -0.760000
v 8.999286 2.090512 0.760000
v 8.999286 2.090512 -0.760000
v 9.021202 2.046433 0.760000
v 9.021202 2.046433 -0.760000
v 9.043445 2.003351 0.760000
v 9.043444 2.003351 -0.760000
v 9.066010 1.961327 0.760000
v 9.066010 1.961327 -0.760000
v 9.088902 1.920424 0.760000
v 9.088902 1.920424 -0.760000
v 9.112118 1.880704 0.760000
v 9.112118 1.880704 -0.760000
v 9.135658 1.842230 0.760000
v 9.135658 1.842230 -0.760000
v 9.159523 1.805063 0.760000
v 9.159523 1.805063 -0.760000
v 9.183713 1.769266 0.760000
v 9.183713 1.769266 -0.760000
v 9.208228 1.734902 0.760000
v 9.208228 1.734902 -0.760000
v 9.218895 1.745141 0.760000
v 9.218895 1.745141 -0.760000
v 9.231221 1.756283 0.760000
v 9.231221 1.756283 -0.760000
v 9.244919 1.768109 0.760000
v 9.244919 1.768109 -0.760000
v 9.259698 1.780403 0.760000
v 9.259698 1.780403 -0.760000
v 9.275271 1.792946 0.760000
v 9.275271 1.792946 -0.760000
v 9.291350 1.805520 0.760000
v 9.291350 1.805520 -0.760000
v 9.307645 1.817907 0.760000
v 9.307645 1.817907 -0.760000
v 9.323868 1.829889 0.760000
v 9.323868 1.829889 -0.760000
v 9.339730 1.841249 0.760000
v 9.339730 1.841249 -0.760000
v 9.354942 1.851768 0.760000
v 9.354942 1.851768 -0.760000
v 9.369217 1.861228 0.760000
v 9.369217 1.861228 -0.760000
v 9.382265 1.869412 0.760000
v 9.382265 1.869412 -0.760000
v 9.329950 1.938954 0.760000
v 9.329950 1.938954 -0.760000
v 9.279565 2.014245 0.760000
v 9.279565 2.014245 -0.760000
v 9.231200 2.094809 0.760000
v 9.231200 2.094809 -0.760000
v 9.184946 2.180168 0.760000
v 9.184946 2.180168 -0.760000
v 9.140892 2.269844 0.760000
v 9.140892 2.269844 -0.760000
v 9.099130 2.363361 0.760000
v 9.099130 2.363361 -0.760000
v 9.059749 2.460240 0.760000
v 9.059748 2.460240 -0.760000
v 9.022838 2.560005 0.760000
v 9.022838 2.560005 -0.760000
v 8.988489 2.662178 0.760000
v 8.988489 2.662178 -0.760000
v 8.956792 2.766281 0.760000
v 8.956792 2.766281 -0.760000
v 8.927837 2.871837 0.760000
v 8.927837 2.871837 -0.760000
v 8.901714 2.978369 0.760000
v 8.901714 2.978369 -0.760000
v 8.704298 2.927554 0.760000
v 8.704298 2.927554 -0.760000
v 4.630699 2.751695 0.760000
v 4.630699 2.751695 -0.760000
v 4.678214 2.684440 0.760000
v 4.678214 2.684440 -0.760000
v 4.727046 2.618182 0.760000
v 4.727046 2.618182 -0.760000
v 4.777150 2.552920 0.760000
v 4.777150 2.552920 -0.760000
v 4.828481 2.488654 0.760000
v 4.828481 2.488654 -0.760000
v 4.880993 2.425385 0.760000
v 4.880993 2.425385 -0.760000
v 4.934642 2.363112 0.760000
v 4.934642 2.363112 -0.760000
v 4.989382 2.301835 0.760000
v 4.989382 2.301835 -0.760000
v 5.045168 2.241555 0.760000
v 5.045168 2.241555 -0.760000
v 5.101955 2.182271 0.760000
v 5.101955 2.182271 -0.760000
v 5.159698 2.123984 0.760000
v 5.159698 2.123984 -0.760000
v 5.218353 2.066693 0.760000
v 5.218353 2.066693 -0.760000
v 4.467654 2.066693 0.760000
v 4.467654 2.066693 -0.760000
v 4.467654 1.863434 0.760000
v 4.467654 1.863434 -0.760000
v 5.446939 1.863434 0.760000
v 5.446939 1.863434 -0.760000
v 5.480815 1.835909 0.760000
v 5.480815 1.835909 -0.760000
v 5.514898 1.808634 0.760000
v 5.514898 1.808634 -0.760000
v 5.549179 1.781607 0.760000
v 5.549179 1.781607 -0.760000
v 5.583650 1.754830 0.760000
v 5.583650 1.754830 -0.760000
v 5.618300 1.728301 0.760000
v 5.618300 1.728301 -0.760000
v 5.653122 1.702022 0.760000
v 5.653122 1.702022 -0.760000
v 5.688107 1.675992 0.760000
v 5.688107 1.675992 -0.760000
v 5.723245 1.650211 0.760000
v 5.723245 1.650211 -0.760000
v 5.758527 1.624679 0.760000
v 5.758527 1.624679 -0.760000
v 5.793944 1.599396 0.760000
v 5.793944 1.599396 -0.760000
v 5.829488 1.574363 0.760000
v 5.829488 1.574363 -0.760000
v 5.865149 1.549578 0.760000
v 5.865149 1.549578 -0.760000
v 4.787156 1.549578 0.760000
v 4.787156 1.549578 -0.760000
v 4.787156 0.288177 0.760000
v 4.787156 0.288177 -0.760000
v 4.987169 0.288177 0.760000
v 4.987169 0.288177 -0.760000
v 4.987169 0.374861 0.760000
v 4.987169 0.374861 -0.760000
v 6.044382 0.374861 0.760000
v 6.044382 0.374861 -0.760000
v 6.044382 0.276220 0.760000
v 6.044382 0.276220 -0.760000
v 6.239200 0.276220 0.760000
v 6.239200 0.276220 -0.760000
v 6.239200 1.319417 0.760000
v 6.239200 1.319417 -0.760000
v 6.278269 1.297245 0.760000
v 6.278269 1.297244 -0.760000
v 6.317536 1.275549 0.760000
v 6.317536 1.275549 -0.760000
v 6.356984 1.254311 0.760000
v 6.356984 1.254311 -0.760000
v 6.396594 1.233508 0.760000
v 6.396594 1.233508 -0.760000
v 6.436348 1.213121 0.760000
v 6.436348 1.213120 -0.760000
v 6.476229 1.193128 0.760000
v 6.476229 1.193127 -0.760000
v 6.516217 1.173508 0.760000
v 6.516217 1.173508 -0.760000
v 6.556296 1.154242 0.760000
v 6.556296 1.154241 -0.760000
v 6.596447 1.135307 0.760000
v 6.596447 1.135307 -0.760000
v 6.636653 1.116684 0.760000
v 6.636653 1.116684 -0.760000
v 6.676894 1.098351 0.760000
v 6.676894 1.098351 -0.760000
v 6.717154 1.080289 0.760000
v 6.717154 1.080289 -0.760000
v 6.724319 1.093128 0.760000
v 6.724319 1.093127 -0.760000
v 6.732703 1.107523 0.760000
v 6.732703 1.107523 -0.760000
v 6.742115 1.123164 0.760000
v 6.742115 1.123164 -0.760000
v 6.752365 1.139739 0.760000
v 6.752365 1.139739 -0.760000
v 6.763265 1.156937 0.760000
v 6.763265 1.156936 -0.760000
v 6.774625 1.174446 0.760000
v 6.774625 1.174446 -0.760000
v 6.786255 1.191955 0.760000
v 6.786255 1.191955 -0.760000
v 6.797967 1.209152 0.760000
v 6.797967 1.209152 -0.760000
v 6.809570 1.225727 0.760000
v 6.809570 1.225727 -0.760000
v 6.820876 1.241368 0.760000
v 6.820876 1.241368 -0.760000
v 6.831695 1.255764 0.760000
v 6.831695 1.255764 -0.760000
v 6.841837 1.268602 0.760000
v 6.841837 1.268602 -0.760000
v 6.747310 1.307021 0.760000
v 6.747310 1.307021 -0.760000
v 6.653404 1.347537 0.760000
v 6.653404 1.347537 -0.760000
v 6.560203 1.390128 0.760000
v 6.560203 1.390128 -0.760000
v 6.467786 1.434774 0.760000
v 6.467786 1.434774 -0.760000
v 6.376235 1.481455 0.760000
v 6.376235 1.481455 -0.760000
v 6.285631 1.530149 0.760000
v 6.285631 1.530149 -0.760000
v 6.196055 1.580836 0.760000
v 6.196055 1.580836 -0.760000
v 6.107589 1.633494 0.760000
v 6.107589 1.633494 -0.760000
v 6.020313 1.688104 0.760000
v 6.020313 1.688104 -0.760000
v 5.934309 1.744644 0.760000
v 5.934309 1.744644 -0.760000
v 5.849658 1.803095 0.760000
v 5.849658 1.803095 -0.760000
v 5.766441 1.863434 0.760000
v 5.766441 1.863434 -0.760000
v 6.784691 1.863434 0.760000
v 6.784691 1.863434 -0.760000
v 6.784691 2.066693 0.760000
v 6.784691 2.066693 -0.760000
v 5.888527 2.066693 0.760000
v 5.888527 2.066693 -0.760000
v 5.888527 2.452287 0.760000
v 5.888527 2.452287 -0.760000
v 6.556104 2.452287 0.760000
v 6.556104 2.452287 -0.760000
v 6.556104 2.649568 0.760000
v 6.556104 2.649568 -0.760000
v 5.888527 2.649568 0.760000
v 5.888527 2.649568 -0.760000
v 5.888527 3.026194 0.760000
v 5.888527 3.026194 -0.760000
v 5.696307 3.026194 0.760000
v 5.696307 3.026194 -0.760000
v 5.696307 2.649568 0.760000
v 5.696307 2.649568 -0.760000
v 5.049510 2.649568 0.760000
v 5.049510 2.649568 -0.760000
v 5.049510 2.527014 0.760000
v 5.049510 2.527014 -0.760000
v 5.022451 2.558583 0.760000
v 5.022451 2.558583 -0.760000
v 4.995815 2.590505 0.760000
v 4.995815 2.590505 -0.760000
v 4.969594 2.622759 0.760000
v 4.969594 2.622759 -0.760000
v 4.943779 2.655324 0.760000
v 4.943779 2.655324 -0.760000
v 4.918362 2.688180 0.760000
v 4.918362 2.688180 -0.760000
v 4.893331 2.721306 0.760000
v 4.893331 2.721306 -0.760000
v 4.868680 2.754681 0.760000
v 4.868680 2.754681 -0.760000
v 4.844398 2.788284 0.760000
v 4.844398 2.788284 -0.760000
v 4.820477 2.822095 0.760000
v 4.820477 2.822095 -0.760000
v 4.796908 2.856092 0.760000
v 4.796908 2.856092 -0.760000
v 4.773682 2.890256 0.760000
v 4.773682 2.890256 -0.760000
v 4.750790 2.924565 0.760000
v 4.750790 2.924565 -0.760000
v 4.584545 2.819946 0.760000
v 4.584545 2.819946 -0.760000
v 5.476379 2.096771 0.760000
v 5.476379 2.096771 -0.760000
v 5.441312 2.127222 0.760000
v 5.441312 2.127222 -0.760000
v 5.406677 2.158047 0.760000
v 5.406677 2.158047 -0.760000
v 5.372476 2.189246 0.760000
v 5.372476 2.189246 -0.760000
v 5.338707 2.220818 0.760000
v 5.338707 2.220818 -0.760000
v 5.305372 2.252764 0.760000
v 5.305372 2.252764 -0.760000
v 5.272469 2.285084 0.760000
v 5.272469 2.285084 -0.760000
v 5.239999 2.317777 0.760000
v 5.239999 2.317777 -0.760000
v 5.207963 2.350844 0.760000
v 5.207963 2.350844 -0.760000
v 5.176359 2.384285 0.760000
v 5.176359 2.384285 -0.760000
v 5.145188 2.418099 0.760000
v 5.145188 2.418099 -0.760000
v 5.114450 2.452287 0.760000
v 5.114450 2.452287 -0.760000
v 5.696307 2.452287 0.760000
v 5.696307 2.452287 -0.760000
v 5.696307 2.066693 0.760000
v 5.696307 2.066693 -0.760000
v 5.511879 2.066693 0.760000
v 5.511879 2.066693 -0.760000
v 4.987169 0.569152 0.760000
v 4.987169 0.569152 -0.760000
v 4.987169 0.883008 0.760000
v 4.987169 0.883008 -0.760000
v 6.044382 0.883008 0.760000
v 6.044382 0.883008 -0.760000
v 6.044382 0.569152 0.760000
v 6.044382 0.569152 -0.760000
v 4.987169 1.358275 0.760000
v 4.987169 1.358275 -0.760000
v 6.044382 1.358275 0.760000
v 6.044382 1.358275 -0.760000
v 6.044382 1.062354 0.760000
v 6.044382 1.062354 -0.760000
v 4.987169 1.062354 0.760000
v 4.987169 1.062354 -0.760000
v 3.117557 1.995420 0.760000
v 3.117557 1.995420 -0.760000
v 3.054945 2.037037 0.760000
v 3.054945 2.037037 -0.760000
v 2.992028 2.077762 0.760000
v 2.992028 2.077762 -0.760000
v 2.929408 2.117397 0.760000
v 2.929408 2.117397 -0.760000
v 2.867690 2.155745 0.760001
v 2.867690 2.155745 -0.759999
v 2.807478 2.192609 0.760001
v 2.807478 2.192609 -0.759999
v 2.749377 2.227791 0.760001
v 2.749377 2.227791 -0.759999
v 2.693991 2.261095 0.760001
v 2.693991 2.261095 -0.759999
v 2.641924 2.292323 0.760001
v 2.641924 2.292323 -0.759999
v 2.593780 2.321278 0.760001
v 2.593780 2.321278 -0.759999
v 2.550164 2.347763 0.760001
v 2.550164 2.347763 -0.759999
v 2.511680 2.371581 0.760001
v 2.511680 2.371581 -0.759999
v 2.493268 2.384050 0.760001
v 2.493268 2.384050 -0.759999
v 2.475650 2.396103 0.760001
v 2.475650 2.396103 -0.759999
v 2.458754 2.407824 0.760001
v 2.458754 2.407824 -0.759999
v 2.442507 2.419296 0.760001
v 2.442507 2.419296 -0.759999
v 2.426837 2.430602 0.760001
v 2.426837 2.430602 -0.759999
v 2.411673 2.441825 0.760001
v 2.411673 2.441825 -0.759999
v 2.396942 2.453048 0.760001
v 2.396942 2.453048 -0.759999
v 2.382570 2.464354 0.760001
v 2.382570 2.464354 -0.759999
v 2.368489 2.475826 0.760001
v 2.368489 2.475826 -0.759999
v 2.354623 2.487547 0.760001
v 2.354623 2.487547 -0.759999
v 2.340901 2.499600 0.760001
v 2.340901 2.499600 -0.759999
v 2.327252 2.512069 0.760001
v 2.327252 2.512069 -0.759999
v 2.212959 2.299842 0.760001
v 2.212959 2.299842 -0.759999
v 2.228007 2.289438 0.760001
v 2.228007 2.289438 -0.759999
v 2.243289 2.279126 0.760001
v 2.243289 2.279126 -0.759999
v 2.258823 2.268877 0.760001
v 2.258823 2.268877 -0.759999
v 2.274628 2.258659 0.760001
v 2.274628 2.258659 -0.759999
v 2.290721 2.248441 0.760001
v 2.290721 2.248441 -0.759999
v 2.307121 2.238192 0.760001
v 2.307121 2.238192 -0.759999
v 2.323846 2.227881 0.760001
v 2.323846 2.227881 -0.759999
v 2.340914 2.217476 0.760001
v 2.340914 2.217476 -0.759999
v 2.358343 2.206947 0.760001
v 2.358343 2.206947 -0.759999
v 2.376150 2.196262 0.760001
v 2.376150 2.196262 -0.759999
v 2.394353 2.185390 0.760001
v 2.394353 2.185390 -0.759999
v 2.412972 2.174300 0.760001
v 2.412972 2.174300 -0.759999
v 2.460754 2.146270 0.760001
v 2.460754 2.146270 -0.759999
v 2.515120 2.114712 0.760001
v 2.515120 2.114712 -0.759999
v 2.575078 2.079957 0.760001
v 2.575078 2.079957 -0.759999
v 2.639635 2.042337 0.760001
v 2.639635 2.042337 -0.759999
v 2.707800 2.002185 0.760001
v 2.707800 2.002185 -0.759999
v 2.778581 1.959832 0.760001
v 2.778581 1.959832 -0.759999
v 2.850985 1.915612 0.760001
v 2.850985 1.915612 -0.759999
v 2.924021 1.869855 0.760001
v 2.924021 1.869855 -0.759999
v 2.996696 1.822894 0.760001
v 2.996696 1.822894 -0.759999
v 3.068018 1.775061 0.760001
v 3.068018 1.775061 -0.759999
v 3.136995 1.726689 0.760000
v 3.136995 1.726689 -0.760000
v 3.202635 1.678109 0.760000
v 3.202635 1.678109 -0.760000
v 3.260997 1.632892 0.760000
v 3.260997 1.632892 -0.760000
v 3.315185 1.586886 0.760000
v 3.315185 1.586886 -0.760000
v 3.365024 1.540050 0.760000
v 3.365024 1.540050 -0.760000
v 3.410345 1.492342 0.760000
v 3.410345 1.492342 -0.760000
v 3.450976 1.443721 0.760000
v 3.450976 1.443721 -0.760000
v 3.486745 1.394145 0.760000
v 3.486745 1.394145 -0.760000
v 3.517482 1.343572 0.760000
v 3.517482 1.343572 -0.760000
v 3.543014 1.291962 0.760000
v 3.543014 1.291961 -0.760000
v 3.563170 1.239272 0.760000
v 3.563170 1.239272 -0.760000
v 3.577781 1.185461 0.760000
v 3.577781 1.185461 -0.760000
v 3.586672 1.130488 0.760000
v 3.586672 1.130488 -0.760000
v 3.589674 1.074311 0.760000
v 3.589674 1.074311 -0.760000
v 3.585399 1.014254 0.760000
v 3.585399 1.014253 -0.760000
v 3.572574 0.958275 0.760000
v 3.572574 0.958275 -0.760000
v 3.551198 0.906594 0.760000
v 3.551198 0.906594 -0.760000
v 3.521271 0.859427 0.760001
v 3.521271 0.859427 -0.759999
v 3.482795 0.816994 0.760001
v 3.482795 0.816993 -0.759999
v 3.435768 0.779510 0.760001
v 3.435768 0.779510 -0.759999
v 3.380190 0.747196 0.760001
v 3.380190 0.747196 -0.759999
v 3.316063 0.720268 0.760001
v 3.316063 0.720268 -0.759999
v 3.243385 0.698945 0.760001
v 3.243385 0.698945 -0.759999
v 3.162157 0.683444 0.760001
v 3.162157 0.683444 -0.759999
v 3.072378 0.673984 0.760001
v 3.072378 0.673984 -0.759999
v 2.974049 0.670782 0.760001
v 2.974049 0.670782 -0.759999
v 2.902085 0.671640 0.760001
v 2.902085 0.671640 -0.759999
v 2.828236 0.674158 0.760001
v 2.828236 0.674158 -0.759999
v 2.753214 0.678255 0.760001
v 2.753214 0.678255 -0.759999
v 2.677733 0.683845 0.760001
v 2.677733 0.683845 -0.759999
v 2.602504 0.690848 0.760001
v 2.602504 0.690848 -0.759999
v 2.528240 0.699178 0.760001
v 2.528240 0.699178 -0.759999
v 2.455654 0.708755 0.760001
v 2.455654 0.708754 -0.759999
v 2.385458 0.719493 0.760001
v 2.385458 0.719493 -0.759999
v 2.318364 0.731311 0.760001
v 2.318364 0.731311 -0.759999
v 2.255085 0.744126 0.760001
v 2.255085 0.744125 -0.759999
v 2.196335 0.757853 0.760001
v 2.196335 0.757853 -0.759999
v 2.142824 0.772411 0.760001
v 2.142824 0.772411 -0.759999
v 2.142824 0.506381 0.760001
v 2.142824 0.506381 -0.759999
v 2.194244 0.496748 0.760001
v 2.194244 0.496748 -0.759999
v 2.249624 0.487353 0.760001
v 2.249624 0.487353 -0.759999
v 2.308703 0.478312 0.760001
v 2.308703 0.478312 -0.759999
v 2.371217 0.469737 0.760001
v 2.371217 0.469737 -0.759999
v 2.436907 0.461744 0.760001
v 2.436907 0.461744 -0.759999
v 2.505510 0.454446 0.760001
v 2.505510 0.454446 -0.759999
v 2.576765 0.447957 0.760001
v 2.576765 0.447957 -0.759999
v 2.650409 0.442392 0.760001
v 2.650409 0.442392 -0.759999
v 2.726182 0.437865 0.760001
v 2.726182 0.437865 -0.759999
v 2.803823 0.434491 0.760001
v 2.803823 0.434490 -0.759999
v 2.883069 0.432382 0.760001
v 2.883069 0.432382 -0.759999
v 2.963658 0.431654 0.760001
v 2.963658 0.431654 -0.759999
v 3.082804 0.435207 0.760001
v 3.082804 0.435207 -0.759999
v 3.195564 0.446129 0.760001
v 3.195564 0.446129 -0.759999
v 3.301181 0.464814 0.760001
v 3.301181 0.464814 -0.759999
v 3.398897 0.491657 0.760001
v 3.398897 0.491657 -0.759999
v 3.487954 0.527052 0.760001
v 3.487954 0.527052 -0.759999
v 3.567595 0.571394 0.760001
v 3.567595 0.571394 -0.759999
v 3.637062 0.625077 0.760001
v 3.637062 0.625077 -0.759999
v 3.695598 0.688495 0.760000
v 3.695598 0.688495 -0.760000
v 3.742444 0.762043 0.760000
v 3.742444 0.762043 -0.760000
v 3.776844 0.846115 0.760000
v 3.776844 0.846115 -0.760000
v 3.798039 0.941105 0.760000
v 3.798039 0.941105 -0.760000
v 3.805273 1.047409 0.760000
v 3.805273 1.047409 -0.760000
v 3.801739 1.123036 0.760000
v 3.801739 1.123036 -0.760000
v 3.791286 1.196089 0.760000
v 3.791286 1.196089 -0.760000
v 3.774142 1.266734 0.760000
v 3.774142 1.266734 -0.760000
v 3.750531 1.335138 0.760000
v 3.750531 1.335137 -0.760000
v 3.720678 1.401465 0.760000
v 3.720678 1.401465 -0.760000
v 3.684810 1.465883 0.760000
v 3.684810 1.465883 -0.760000
v 3.643151 1.528557 0.760000
v 3.643151 1.528557 -0.760000
v 3.595927 1.589654 0.760000
v 3.595927 1.589654 -0.760000
v 3.543364 1.649339 0.760000
v 3.543364 1.649339 -0.760000
v 3.485686 1.707779 0.760000
v 3.485686 1.707779 -0.760000
v 3.423120 1.765139 0.760000
v 3.423120 1.765139 -0.760000
v 3.355892 1.821586 0.760000
v 3.355892 1.821586 -0.760000
v 3.386120 1.884968 0.760000
v 3.386120 1.884968 -0.760000
v 3.416982 1.952262 0.760000
v 3.416982 1.952262 -0.760000
v 3.448348 2.023024 0.760000
v 3.448348 2.023024 -0.760000
v 3.480093 2.096805 0.760000
v 3.480093 2.096805 -0.760000
v 3.512091 2.173160 0.760000
v 3.512091 2.173160 -0.760000
v 3.544215 2.251643 0.760000
v 3.544215 2.251643 -0.760000
v 3.576340 2.331808 0.760000
v 3.576340 2.331808 -0.760000
v 3.608337 2.413207 0.760000
v 3.608337 2.413207 -0.760000
v 3.640083 2.495395 0.760000
v 3.640083 2.495395 -0.760000
v 3.671449 2.577926 0.760000
v 3.671449 2.577926 -0.760000
v 3.702311 2.660353 0.760000
v 3.702311 2.660353 -0.760000
v 3.732540 2.742230 0.760000
v 3.732540 2.742230 -0.760000
v 3.527332 2.840870 0.760000
v 3.527332 2.840870 -0.760000
v 3.500839 2.758842 0.760000
v 3.500839 2.758842 -0.760000
v 3.473408 2.677341 0.760000
v 3.473408 2.677341 -0.760000
v 3.445183 2.596651 0.760000
v 3.445183 2.596651 -0.760000
v 3.416309 2.517051 0.760000
v 3.416309 2.517051 -0.760000
v 3.386930 2.438820 0.760000
v 3.386930 2.438820 -0.760000
v 3.357191 2.362240 0.760000
v 3.357191 2.362240 -0.760000
v 3.327234 2.287591 0.760000
v 3.327234 2.287591 -0.760000
v 3.297206 2.215151 0.760000
v 3.297206 2.215151 -0.760000
v 3.267250 2.145203 0.760000
v 3.267250 2.145203 -0.760000
v 3.237510 2.078026 0.760000
v 3.237510 2.078026 -0.760000
v 3.208131 2.013901 0.760000
v 3.208131 2.013901 -0.760000
v 3.179257 1.953107 0.760000
v 3.179257 1.953107 -0.760000
v 1.176525 -2.279462 0.760001
v 1.176525 -2.279462 -0.759999
v 0.376472 -2.279462 0.760001
v 0.376472 -2.279462 -0.759999
v 0.376472 -0.010733 0.760001
v 0.376472 -0.010733 -0.759999
v 0.199837 -0.010733 0.760001
v 0.199837 -0.010733 -0.759999
v 0.199837 -2.279462 0.760001
v 0.199837 -2.279462 -0.759999
v -0.618399 -2.279462 0.760001
v -0.618399 -2.279462 -0.759999
v -0.618399 -0.285731 0.760001
v -0.618399 -0.285731 -0.759999
v -0.802827 -0.285731 0.760001
v -0.802827 -0.285731 -0.759999
v -0.802827 -2.694947 0.760001
v -0.802827 -2.694947 -0.759999
v -0.618399 -2.694947 0.760001
v -0.618399 -2.694947 -0.759999
v -0.618399 -2.488699 0.760001
v -0.618399 -2.488699 -0.759999
v 1.358356 -2.488699 0.760001
v 1.358356 -2.488699 -0.759999
v 1.358356 -0.285731 0.760001
v 1.358356 -0.285731 -0.759999
v 1.176525 -0.285731 0.760001
v 1.176525 -0.285731 -0.759999
v 1.144055 -1.080538 0.760001
v 1.144055 -1.080538 -0.759999
v 1.134964 -1.075241 0.760001
v 1.134964 -1.075241 -0.759999
v 1.125872 -1.068035 0.760001
v 1.125872 -1.068035 -0.759999
v 1.116780 -1.059023 0.760001
v 1.116780 -1.059023 -0.759999
v 1.107689 -1.048308 0.760001
v 1.107689 -1.048308 -0.759999
v 1.098598 -1.035995 0.760001
v 1.098598 -1.035995 -0.759999
v 1.089506 -1.022188 0.760001
v 1.089506 -1.022188 -0.759999
v 1.080415 -1.006990 0.760001
v 1.080415 -1.006990 -0.759999
v 1.071323 -0.990505 0.760001
v 1.071323 -0.990505 -0.759999
v 1.062232 -0.972837 0.760001
v 1.062232 -0.972837 -0.759999
v 1.053141 -0.954089 0.760001
v 1.053141 -0.954089 -0.759999
v 1.044049 -0.934366 0.760001
v 1.044049 -0.934366 -0.759999
v 1.032555 -0.909420 0.760001
v 1.032555 -0.909420 -0.759999
v 1.017904 -0.875539 0.760001
v 1.017904 -0.875539 -0.759999
v 1.000620 -0.833624 0.760001
v 1.000620 -0.833624 -0.759999
v 0.981226 -0.784579 0.760001
v 0.981226 -0.784579 -0.759999
v 0.960244 -0.729306 0.760001
v 0.960244 -0.729306 -0.759999
v 0.938197 -0.668709 0.760001
v 0.938197 -0.668709 -0.759999
v 0.915610 -0.603691 0.760001
v 0.915610 -0.603691 -0.759999
v 0.893004 -0.535155 0.760001
v 0.893004 -0.535155 -0.759999
v 0.870904 -0.464003 0.760001
v 0.870904 -0.464003 -0.759999
v 0.849832 -0.391138 0.760001
v 0.849832 -0.391138 -0.759999
v 0.830311 -0.317464 0.760001
v 0.830311 -0.317464 -0.759999
v 0.812864 -0.243883 0.760001
v 0.812864 -0.243883 -0.759999
v 0.651815 -0.309644 0.760001
v 0.651815 -0.309644 -0.759999
v 0.672578 -0.375551 0.760001
v 0.672578 -0.375551 -0.759999
v 0.694531 -0.441593 0.760001
v 0.694531 -0.441593 -0.759999
v 0.717566 -0.507531 0.760001
v 0.717566 -0.507531 -0.759999
v 0.741576 -0.573127 0.760001
v 0.741576 -0.573127 -0.759999
v 0.766451 -0.638142 0.760001
v 0.766451 -0.638142 -0.759999
v 0.792085 -0.702337 0.760001
v 0.792085 -0.702337 -0.759999
v 0.818367 -0.765473 0.760001
v 0.818367 -0.765473 -0.759999
v 0.845190 -0.827312 0.760001
v 0.845190 -0.827312 -0.759999
v 0.872447 -0.887615 0.760001
v 0.872447 -0.887615 -0.759999
v 0.900027 -0.946142 0.760001
v 0.900027 -0.946142 -0.759999
v 0.927825 -1.002657 0.760001
v 0.927825 -1.002657 -0.759999
v 0.955731 -1.056919 0.760001
v 0.955731 -1.056919 -0.759999
v 0.690779 -1.030017 0.760001
v 0.690779 -1.030017 -0.759999
v 0.682988 -1.007540 0.760001
v 0.682988 -1.007540 -0.759999
v 0.675217 -0.984959 0.760001
v 0.675217 -0.984959 -0.759999
v 0.667481 -0.962295 0.760001
v 0.667481 -0.962295 -0.759999
v 0.659800 -0.939569 0.760001
v 0.659800 -0.939569 -0.759999
v 0.652190 -0.916802 0.760001
v 0.652190 -0.916802 -0.759999
v 0.644671 -0.894013 0.760001
v 0.644671 -0.894013 -0.759999
v 0.637260 -0.871225 0.760001
v 0.637260 -0.871225 -0.759999
v 0.629976 -0.848457 0.760001
v 0.629976 -0.848457 -0.759999
v 0.622836 -0.825731 0.760001
v 0.622836 -0.825731 -0.759999
v 0.615858 -0.803067 0.760001
v 0.615858 -0.803067 -0.759999
v 0.609061 -0.780486 0.760001
v 0.609061 -0.780486 -0.759999
v 0.602462 -0.758009 0.760001
v 0.602462 -0.758009 -0.759999
v 0.451802 -0.826758 0.760001
v 0.451802 -0.826758 -0.759999
v 0.485117 -0.918061 0.760001
v 0.485117 -0.918061 -0.759999
v 0.520037 -1.009425 0.760001
v 0.520037 -1.009425 -0.759999
v 0.556436 -1.100541 0.760001
v 0.556436 -1.100541 -0.759999
v 0.594188 -1.191097 0.760001
v 0.594188 -1.191097 -0.759999
v 0.633166 -1.280780 0.760001
v 0.633166 -1.280780 -0.759999
v 0.673245 -1.369280 0.760001
v 0.673245 -1.369280 -0.759999
v 0.714298 -1.456286 0.760001
v 0.714298 -1.456286 -0.759999
v 0.756199 -1.541486 0.760001
v 0.756199 -1.541486 -0.759999
v 0.798821 -1.624568 0.760001
v 0.798821 -1.624568 -0.759999
v 0.842040 -1.705222 0.760001
v 0.842040 -1.705222 -0.759999
v 0.885727 -1.783136 0.760001
v 0.885727 -1.783136 -0.759999
v 0.929756 -1.857999 0.760001
v 0.929756 -1.857999 -0.759999
v 0.571290 -1.795228 0.760001
v 0.571290 -1.795228 -0.759999
v 0.579244 -1.765345 0.760001
v 0.579244 -1.765345 -0.759999
v 0.587513 -1.735515 0.760001
v 0.587513 -1.735515 -0.759999
v 0.596088 -1.705788 0.760001
v 0.596088 -1.705788 -0.759999
v 0.604962 -1.676217 0.760001
v 0.604962 -1.676217 -0.759999
v 0.614124 -1.646854 0.760001
v 0.614124 -1.646854 -0.759999
v 0.623567 -1.617750 0.760001
v 0.623567 -1.617750 -0.759999
v 0.633279 -1.588957 0.760001
v 0.633279 -1.588957 -0.759999
v 0.643252 -1.560528 0.760001
v 0.643252 -1.560528 -0.759999
v 0.653479 -1.532513 0.760001
v 0.653479 -1.532513 -0.759999
v 0.663949 -1.504966 0.760001
v 0.663949 -1.504966 -0.759999
v 0.674653 -1.477938 0.760001
v 0.674653 -1.477938 -0.759999
v 0.685583 -1.451481 0.760001
v 0.685583 -1.451481 -0.759999
v 0.581680 -1.400666 0.760001
v 0.581680 -1.400666 -0.759999
v 0.559246 -1.455060 0.760001
v 0.559246 -1.455060 -0.759999
v 0.537498 -1.511747 0.760001
v 0.537498 -1.511747 -0.759999
v 0.516578 -1.570158 0.760001
v 0.516578 -1.570158 -0.759999
v 0.496634 -1.629720 0.760001
v 0.496634 -1.629720 -0.759999
v 0.477807 -1.689863 0.760001
v 0.477807 -1.689863 -0.759999
v 0.460243 -1.750017 0.760001
v 0.460243 -1.750017 -0.759999
v 0.444087 -1.809611 0.760001
v 0.444087 -1.809611 -0.759999
v 0.429482 -1.868073 0.760001
v 0.429482 -1.868073 -0.759999
v 0.416572 -1.924833 0.760001
v 0.416572 -1.924833 -0.759999
v 0.405502 -1.979320 0.760001
v 0.405502 -1.979320 -0.759999
v 0.396417 -2.030964 0.760001
v 0.396417 -2.030964 -0.759999
v 0.389461 -2.079192 0.760001
v 0.389461 -2.079192 -0.759999
v 0.503754 -2.132996 0.760001
v 0.503754 -2.132996 -0.759999
v 0.505159 -2.119301 0.760001
v 0.505159 -2.119301 -0.759999
v 0.506783 -2.105139 0.760001
v 0.506783 -2.105139 -0.759999
v 0.508623 -2.090542 0.760001
v 0.508623 -2.090542 -0.759999
v 0.510680 -2.075539 0.760001
v 0.510680 -2.075539 -0.759999
v 0.512953 -2.060163 0.760001
v 0.512953 -2.060163 -0.759999
v 0.515442 -2.044444 0.760001
v 0.515442 -2.044444 -0.759999
v 0.518148 -2.028414 0.760001
v 0.518148 -2.028414 -0.759999
v 0.521070 -2.012104 0.760001
v 0.521070 -2.012104 -0.759999
v 0.524209 -1.995544 0.760001
v 0.524209 -1.995544 -0.759999
v 0.527565 -1.978767 0.760001
v 0.527565 -1.978767 -0.759999
v 0.531137 -1.961802 0.760001
v 0.531137 -1.961802 -0.759999
v 0.534925 -1.944683 0.760001
v 0.534925 -1.944683 -0.759999
v 0.640116 -1.965770 0.760001
v 0.640116 -1.965770 -0.759999
v 0.730524 -1.984357 0.760001
v 0.730524 -1.984357 -0.759999
v 0.807385 -2.000681 0.760001
v 0.807385 -2.000681 -0.759999
v 0.871936 -2.014982 0.760001
v 0.871936 -2.014982 -0.759999
v 0.925410 -2.027497 0.760001
v 0.925410 -2.027497 -0.759999
v 0.969044 -2.038466 0.760001
v 0.969044 -2.038466 -0.759999
v 1.004073 -2.048127 0.760001
v 1.004073 -2.048127 -0.759999
v 1.031734 -2.056719 0.760001
v 1.031734 -2.056719 -0.759999
v 1.053263 -2.064480 0.760001
v 1.053263 -2.064480 -0.759999
v 1.069893 -2.071650 0.760001
v 1.069893 -2.071650 -0.759999
v 1.082861 -2.078467 0.760001
v 1.082861 -2.078467 -0.759999
v 1.093403 -2.085171 0.760001
v 1.093403 -2.085171 -0.759999
v 1.095715 -2.074509 0.760001
v 1.095715 -2.074509 -0.759999
v 1.098694 -2.062157 0.760001
v 1.098694 -2.062157 -0.759999
v 1.102250 -2.048414 0.760001
v 1.102250 -2.048414 -0.759999
v 1.106294 -2.033581 0.760001
v 1.106294 -2.033581 -0.759999
v 1.110734 -2.017959 0.760001
v 1.110734 -2.017959 -0.759999
v 1.115481 -2.001849 0.760001
v 1.115481 -2.001849 -0.759999
v 1.120445 -1.985553 0.760001
v 1.120445 -1.985553 -0.759999
v 1.125535 -1.969370 0.760001
v 1.125535 -1.969370 -0.759999
v 1.130661 -1.953603 0.760001
v 1.130661 -1.953603 -0.759999
v 1.135734 -1.938552 0.760001
v 1.135734 -1.938552 -0.759999
v 1.140661 -1.924518 0.760001
v 1.140661 -1.924518 -0.759999
v 1.145354 -1.911803 0.760001
v 1.145354 -1.911803 -0.759999
v 1.134253 -1.907403 0.760001
v 1.134253 -1.907403 -0.759999
v 1.122998 -1.900275 0.760001
v 1.122998 -1.900275 -0.759999
v 1.111545 -1.890552 0.760001
v 1.111545 -1.890552 -0.759999
v 1.099849 -1.878369 0.760001
v 1.099849 -1.878369 -0.759999
v 1.087864 -1.863861 0.760001
v 1.087864 -1.863861 -0.759999
v 1.075545 -1.847163 0.760001
v 1.075545 -1.847163 -0.759999
v 1.062847 -1.828410 0.760001
v 1.062847 -1.828410 -0.759999
v 1.049726 -1.807737 0.760001
v 1.049726 -1.807737 -0.759999
v 1.036135 -1.785279 0.760001
v 1.036135 -1.785279 -0.759999
v 1.022030 -1.761171 0.760001
v 1.022030 -1.761171 -0.759999
v 1.007366 -1.735548 0.760001
v 1.007366 -1.735548 -0.759999
v 0.992097 -1.708544 0.760001
v 0.992097 -1.708544 -0.759999
v 0.980551 -1.687983 0.760001
v 0.980551 -1.687983 -0.759999
v 0.966830 -1.662378 0.760001
v 0.966830 -1.662378 -0.759999
v 0.951144 -1.632041 0.760001
v 0.951144 -1.632041 -0.759999
v 0.933700 -1.597282 0.760001
v 0.933700 -1.597282 -0.759999
v 0.914703 -1.558414 0.760001
v 0.914703 -1.558414 -0.759999
v 0.894363 -1.515746 0.760001
v 0.894363 -1.515746 -0.759999
v 0.872887 -1.469592 0.760001
v 0.872887 -1.469592 -0.759999
v 0.850482 -1.420261 0.760001
v 0.850482 -1.420261 -0.759999
v 0.827354 -1.368066 0.760001
v 0.827354 -1.368066 -0.759999
v 0.803714 -1.313318 0.760001
v 0.803714 -1.313318 -0.759999
v 0.779766 -1.256327 0.760001
v 0.779766 -1.256327 -0.759999
v 0.755718 -1.197407 0.760001
v 0.755718 -1.197407 -0.759999
v 0.815843 -1.205265 0.760001
v 0.815843 -1.205265 -0.759999
v 0.868065 -1.212449 0.760001
v 0.868065 -1.212449 -0.759999
v 0.913035 -1.219031 0.760001
v 0.913035 -1.219031 -0.759999
v 0.951403 -1.225084 0.760001
v 0.951403 -1.225084 -0.759999
v 0.983818 -1.230680 0.760001
v 0.983818 -1.230680 -0.759999
v 1.010931 -1.235892 0.760001
v 1.010931 -1.235892 -0.759999
v 1.033389 -1.240792 0.760001
v 1.033389 -1.240792 -0.759999
v 1.051843 -1.245454 0.760001
v 1.051843 -1.245454 -0.759999
v 1.066940 -1.249950 0.760001
v 1.066940 -1.249950 -0.759999
v 1.079332 -1.254352 0.760001
v 1.079332 -1.254352 -0.759999
v 1.089669 -1.258734 0.760001
v 1.089669 -1.258734 -0.759999
v 1.098598 -1.263167 0.760001
v 1.098598 -1.263167 -0.759999
v 1.100912 -1.252389 0.760001
v 1.100912 -1.252389 -0.759999
v 1.103902 -1.239711 0.760001
v 1.103902 -1.239711 -0.759999
v 1.107488 -1.225477 0.760001
v 1.107488 -1.225477 -0.759999
v 1.111587 -1.210028 0.760001
v 1.111587 -1.210028 -0.759999
v 1.116118 -1.193707 0.760001
v 1.116118 -1.193707 -0.759999
v 1.121002 -1.176857 0.760001
v 1.121002 -1.176857 -0.759999
v 1.126157 -1.159820 0.760001
v 1.126157 -1.159820 -0.759999
v 1.131501 -1.142939 0.760001
v 1.131501 -1.142939 -0.759999
v 1.136953 -1.126556 0.760001
v 1.136953 -1.126556 -0.759999
v 1.142432 -1.111014 0.760001
v 1.142432 -1.111014 -0.759999
v 1.147858 -1.096654 0.760001
v 1.147858 -1.096654 -0.759999
v 1.153147 -1.083821 0.760001
v 1.153147 -1.083821 -0.759999
v 0.162171 -1.044728 0.760001
v 0.162171 -1.044728 -0.759999
v 0.153080 -1.039593 0.760001
v 0.153080 -1.039593 -0.759999
v 0.143989 -1.032633 0.760001
v 0.143989 -1.032633 -0.759999
v 0.134897 -1.023928 0.760001
v 0.134897 -1.023928 -0.759999
v 0.125806 -1.013563 0.760001
v 0.125806 -1.013563 -0.759999
v 0.116714 -1.001621 0.760001
v 0.116714 -1.001621 -0.759999
v 0.107623 -0.988184 0.760001
v 0.107623 -0.988184 -0.759999
v 0.098532 -0.973335 0.760001
v 0.098532 -0.973335 -0.759999
v 0.089440 -0.957158 0.760001
v 0.089440 -0.957158 -0.759999
v 0.080348 -0.939735 0.760001
v 0.080348 -0.939735 -0.759999
v 0.071257 -0.921150 0.760001
v 0.071257 -0.921150 -0.759999
v 0.062165 -0.901486 0.760001
v 0.062165 -0.901486 -0.759999
v 0.050673 -0.877350 0.760001
v 0.050673 -0.877350 -0.759999
v 0.036034 -0.844402 0.760001
v 0.036034 -0.844402 -0.759999
v 0.018779 -0.803546 0.760001
v 0.018779 -0.803546 -0.759999
v -0.000561 -0.755684 0.760001
v -0.000561 -0.755684 -0.759999
v -0.021451 -0.701719 0.760001
v -0.021451 -0.701719 -0.759999
v -0.043361 -0.642555 0.760001
v -0.043361 -0.642555 -0.759999
v -0.065758 -0.579094 0.760001
v -0.065758 -0.579094 -0.759999
v -0.088109 -0.512238 0.760001
v -0.088109 -0.512238 -0.759999
v -0.109883 -0.442892 0.760001
v -0.109883 -0.442892 -0.759999
v -0.130548 -0.371958 0.760001
v -0.130548 -0.371958 -0.759999
v -0.149571 -0.300339 0.760001
v -0.149571 -0.300339 -0.759999
v -0.166421 -0.228938 0.760001
v -0.166421 -0.228938 -0.759999
v -0.330069 -0.291709 0.760001
v -0.330069 -0.291709 -0.759999
v -0.309358 -0.356122 0.760001
v -0.309358 -0.356122 -0.759999
v -0.287545 -0.420669 0.760001
v -0.287545 -0.420670 -0.759999
v -0.264723 -0.485113 0.760001
v -0.264723 -0.485113 -0.759999
v -0.240981 -0.549215 0.760001
v -0.240981 -0.549215 -0.759999
v -0.216410 -0.612735 0.760001
v -0.216410 -0.612735 -0.759999
v -0.191098 -0.675435 0.760001
v -0.191098 -0.675435 -0.759999
v -0.165137 -0.737077 0.760001
v -0.165137 -0.737077 -0.759999
v -0.138618 -0.797421 0.760001
v -0.138618 -0.797421 -0.759999
v -0.111629 -0.856229 0.760001
v -0.111629 -0.856229 -0.759999
v -0.084260 -0.913262 0.760001
v -0.084260 -0.913262 -0.759999
v -0.056603 -0.968282 0.760001
v -0.056603 -0.968282 -0.759999
v -0.028749 -1.021050 0.760001
v -0.028749 -1.021050 -0.759999
v -0.298897 -0.994148 0.760001
v -0.298897 -0.994148 -0.759999
v -0.306687 -0.973224 0.760001
v -0.306687 -0.973224 -0.759999
v -0.314459 -0.952300 0.760001
v -0.314459 -0.952300 -0.759999
v -0.322195 -0.931377 0.760001
v -0.322195 -0.931377 -0.759999
v -0.329876 -0.910453 0.760001
v -0.329876 -0.910453 -0.759999
v -0.337486 -0.889529 0.760001
v -0.337486 -0.889529 -0.759999
v -0.345005 -0.868606 0.760001
v -0.345005 -0.868606 -0.759999
v -0.352415 -0.847682 0.760001
v -0.352415 -0.847682 -0.759999
v -0.359700 -0.826758 0.760001
v -0.359700 -0.826758 -0.759999
v -0.366839 -0.805834 0.760001
v -0.366839 -0.805834 -0.759999
v -0.373817 -0.784911 0.760001
v -0.373817 -0.784911 -0.759999
v -0.380615 -0.763987 0.760001
v -0.380615 -0.763987 -0.759999
v -0.387215 -0.743063 0.760001
v -0.387215 -0.743063 -0.759999
v -0.543069 -0.811813 0.760001
v -0.543069 -0.811813 -0.759999
v -0.507210 -0.903053 0.760001
v -0.507210 -0.903053 -0.759999
v -0.469844 -0.994231 0.760001
v -0.469844 -0.994231 -0.759999
v -0.431089 -1.085036 0.760001
v -0.431089 -1.085036 -0.759999
v -0.391063 -1.175155 0.760001
v -0.391063 -1.175155 -0.759999
v -0.349882 -1.264278 0.760001
v -0.349882 -1.264278 -0.759999
v -0.307664 -1.352093 0.760001
v -0.307664 -1.352093 -0.759999
v -0.264525 -1.438289 0.760001
v -0.264525 -1.438289 -0.759999
v -0.220585 -1.522555 0.760001
v -0.220585 -1.522555 -0.759999
v -0.175959 -1.604579 0.760001
v -0.175959 -1.604579 -0.759999
v -0.130764 -1.684050 0.760001
v -0.130764 -1.684050 -0.759999
v -0.085119 -1.760656 0.760001
v -0.085119 -1.760656 -0.759999
v -0.039140 -1.834086 0.760001
v -0.039140 -1.834086 -0.759999
v -0.418386 -1.768326 0.760001
v -0.418386 -1.768326 -0.759999
v -0.409782 -1.737637 0.760001
v -0.409782 -1.737637 -0.759999
v -0.400864 -1.706897 0.760001
v -0.400864 -1.706897 -0.759999
v -0.391638 -1.676177 0.760001
v -0.391638 -1.676177 -0.759999
v -0.382115 -1.645551 0.760001
v -0.382115 -1.645551 -0.759999
v -0.372303 -1.615091 0.760001
v -0.372303 -1.615091 -0.759999
v -0.362212 -1.584869 0.760001
v -0.362212 -1.584869 -0.759999
v -0.351851 -1.554959 0.760001
v -0.351851 -1.554959 -0.759999
v -0.341228 -1.525433 0.760001
v -0.341228 -1.525433 -0.759999
v -0.330352 -1.496364 0.760001
v -0.330352 -1.496364 -0.759999
v -0.319233 -1.467824 0.760001
v -0.319233 -1.467824 -0.759999
v -0.307879 -1.439886 0.760001
v -0.307879 -1.439886 -0.759999
v -0.296300 -1.412622 0.760001
v -0.296300 -1.412622 -0.759999
v -0.402801 -1.358819 0.760001
v -0.402801 -1.358819 -0.759999
v -0.427131 -1.415450 0.760001
v -0.427131 -1.415450 -0.759999
v -0.450675 -1.474355 0.760001
v -0.450675 -1.474355 -0.759999
v -0.473301 -1.534942 0.760001
v -0.473301 -1.534942 -0.759999
v -0.494870 -1.596618 0.760001
v -0.494870 -1.596618 -0.759999
v -0.515249 -1.658792 0.760001
v -0.515249 -1.658792 -0.759999
v -0.534303 -1.720873 0.760001
v -0.534303 -1.720873 -0.759999
v -0.551895 -1.782269 0.760001
v -0.551895 -1.782269 -0.759999
v -0.567891 -1.842389 0.760001
v -0.567891 -1.842389 -0.759999
v -0.582155 -1.900640 0.760001
v -0.582155 -1.900640 -0.759999
v -0.594552 -1.956431 0.760001
v -0.594552 -1.956431 -0.759999
v -0.604947 -2.009171 0.760001
v -0.604947 -2.009171 -0.759999
v -0.613204 -2.058269 0.760001
v -0.613204 -2.058269 -0.759999
v -0.496313 -2.118051 0.760001
v -0.496313 -2.118051 -0.759999
v -0.494257 -2.102863 0.760001
v -0.494257 -2.102863 -0.759999
v -0.491983 -2.087219 0.760001
v -0.491983 -2.087219 -0.759999
v -0.489494 -2.071159 0.760001
v -0.489494 -2.071159 -0.759999
v -0.486789 -2.054726 0.760001
v -0.486789 -2.054726 -0.759999
v -0.483866 -2.037961 0.760001
v -0.483866 -2.037961 -0.759999
v -0.480727 -2.020905 0.760001
v -0.480727 -2.020905 -0.759999
v -0.477372 -2.003600 0.760001
v -0.477372 -2.003600 -0.759999
v -0.473801 -1.986087 0.760001
v -0.473801 -1.986087 -0.759999
v -0.470012 -1.968409 0.760001
v -0.470012 -1.968409 -0.759999
v -0.466007 -1.950606 0.760001
v -0.466007 -1.950606 -0.759999
v -0.461786 -1.932719 0.760001
v -0.461786 -1.932719 -0.759999
v -0.457349 -1.914792 0.760001
v -0.457349 -1.914792 -0.759999
v -0.346786 -1.936449 0.760001
v -0.346786 -1.936449 -0.759999
v -0.251900 -1.955283 0.760001
v -0.251900 -1.955283 -0.759999
v -0.171372 -1.971584 0.760001
v -0.171372 -1.971584 -0.759999
v -0.103887 -1.985644 0.760001
v -0.103887 -1.985644 -0.759999
v -0.048125 -1.997753 0.760001
v -0.048125 -1.997753 -0.759999
v -0.002773 -2.008201 0.760001
v -0.002773 -2.008201 -0.759999
v 0.033487 -2.017279 0.760001
v 0.033487 -2.017279 -0.759999
v 0.061974 -2.025278 0.760001
v 0.061974 -2.025278 -0.759999
v 0.084002 -2.032487 0.760001
v 0.084002 -2.032487 -0.759999
v 0.100889 -2.039199 0.760001
v 0.100889 -2.039199 -0.759999
v 0.113953 -2.045703 0.760001
v 0.113953 -2.045703 -0.759999
v 0.124508 -2.052290 0.760001
v 0.124508 -2.052290 -0.759999
v 0.127366 -2.041570 0.760001
v 0.127366 -2.041570 -0.759999
v 0.130713 -2.029055 0.760001
v 0.130713 -2.029055 -0.759999
v 0.134492 -2.015066 0.760001
v 0.134492 -2.015066 -0.759999
v 0.138650 -1.999925 0.760001
v 0.138650 -1.999925 -0.759999
v 0.143132 -1.983954 0.760001
v 0.143132 -1.983954 -0.759999
v 0.147885 -1.967474 0.760001
v 0.147885 -1.967474 -0.759999
v 0.152856 -1.950808 0.760001
v 0.152856 -1.950808 -0.759999
v 0.157988 -1.934276 0.760001
v 0.157988 -1.934276 -0.759999
v 0.163228 -1.918201 0.760001
v 0.163228 -1.918201 -0.759999
v 0.168522 -1.902904 0.760001
v 0.168522 -1.902904 -0.759999
v 0.173817 -1.888708 0.760001
v 0.173817 -1.888708 -0.759999
v 0.179056 -1.875933 0.760001
v 0.179056 -1.875933 -0.759999
v 0.167257 -1.871593 0.760001
v 0.167257 -1.871593 -0.759999
v 0.155233 -1.864628 0.760001
v 0.155233 -1.864628 -0.759999
v 0.142974 -1.855150 0.760001
v 0.142974 -1.855150 -0.759999
v 0.130471 -1.843275 0.760001
v 0.130471 -1.843275 -0.759999
v 0.117717 -1.829116 0.760001
v 0.117717 -1.829116 -0.759999
v 0.104700 -1.812788 0.760001
v 0.104700 -1.812788 -0.759999
v 0.091413 -1.794406 0.760001
v 0.091413 -1.794406 -0.759999
v 0.077847 -1.774082 0.760001
v 0.077847 -1.774082 -0.759999
v 0.063992 -1.751932 0.760001
v 0.063992 -1.751932 -0.759999
v 0.049839 -1.728070 0.760001
v 0.049839 -1.728070 -0.759999
v 0.035379 -1.702609 0.760001
v 0.035379 -1.702609 -0.759999
v 0.020605 -1.675663 0.760001
v 0.020605 -1.675663 -0.759999
v 0.008900 -1.655670 0.760001
v 0.008900 -1.655670 -0.759999
v -0.005276 -1.630301 0.760001
v -0.005276 -1.630301 -0.759999
v -0.021688 -1.599908 0.760001
v -0.021688 -1.599908 -0.759999
v -0.040102 -1.564845 0.760001
v -0.040102 -1.564845 -0.759999
v -0.060285 -1.525464 0.760001
v -0.060285 -1.525464 -0.759999
v -0.082000 -1.482119 0.760001
v -0.082000 -1.482119 -0.759999
v -0.105014 -1.435162 0.760001
v -0.105014 -1.435162 -0.759999
v -0.129093 -1.384945 0.760001
v -0.129093 -1.384945 -0.759999
v -0.154001 -1.331823 0.760001
v -0.154001 -1.331823 -0.759999
v -0.179505 -1.276148 0.760001
v -0.179505 -1.276148 -0.759999
v -0.205370 -1.218272 0.760001
v -0.205370 -1.218272 -0.759999
v -0.231360 -1.158549 0.760001
v -0.231360 -1.158549 -0.759999
v -0.170045 -1.167781 0.760001
v -0.170045 -1.167781 -0.759999
v -0.116827 -1.176110 0.760001
v -0.116827 -1.176110 -0.759999
v -0.071042 -1.183629 0.760001
v -0.071042 -1.183629 -0.759999
v -0.032021 -1.190433 0.760001
v -0.032021 -1.190433 -0.759999
v 0.000903 -1.196613 0.760001
v 0.000903 -1.196613 -0.759999
v 0.028397 -1.202264 0.760001
v 0.028397 -1.202264 -0.759999
v 0.051128 -1.207479 0.760001
v 0.051128 -1.207479 -0.759999
v 0.069766 -1.212352 0.760001
v 0.069766 -1.212352 -0.759999
v 0.084975 -1.216976 0.760001
v 0.084975 -1.216976 -0.759999
v 0.097425 -1.221444 0.760001
v 0.097425 -1.221444 -0.759999
v 0.107782 -1.225850 0.760001
v 0.107782 -1.225850 -0.759999
v 0.116715 -1.230287 0.760001
v 0.116715 -1.230287 -0.759999
v 0.119029 -1.219450 0.760001
v 0.119029 -1.219450 -0.759999
v 0.122019 -1.206609 0.760001
v 0.122019 -1.206609 -0.759999
v 0.125604 -1.192129 0.760001
v 0.125604 -1.192129 -0.759999
v 0.129704 -1.176372 0.760001
v 0.129704 -1.176372 -0.759999
v 0.134235 -1.159702 0.760001
v 0.134235 -1.159702 -0.759999
v 0.139119 -1.142482 0.760001
v 0.139119 -1.142482 -0.759999
v 0.144274 -1.125075 0.760001
v 0.144274 -1.125075 -0.759999
v 0.149618 -1.107844 0.760001
v 0.149618 -1.107844 -0.759999
v 0.155070 -1.091154 0.760001
v 0.155070 -1.091154 -0.759999
v 0.160549 -1.075366 0.760001
v 0.160549 -1.075366 -0.759999
v 0.165975 -1.060844 0.760001
v 0.165975 -1.060844 -0.759999
v 0.171264 -1.047952 0.760001
v 0.171264 -1.047952 -0.759999
v -2.010698 -0.447142 0.760001
v -2.010698 -0.447142 -0.759999
v -1.215841 -0.447142 0.760001
v -1.215841 -0.447142 -0.759999
v -1.215841 -0.246872 0.760001
v -1.215841 -0.246872 -0.759999
v -2.010698 -0.246872 0.760001
v -2.010698 -0.246872 -0.759999
v -1.145007 -1.987663 0.760001
v -1.145007 -1.987663 -0.759999
v -1.154607 -1.980649 0.760001
v -1.154607 -1.980649 -0.759999
v -1.164134 -1.971538 0.760001
v -1.164134 -1.971538 -0.759999
v -1.173607 -1.960403 0.760001
v -1.173607 -1.960403 -0.759999
v -1.183044 -1.947317 0.760001
v -1.183044 -1.947317 -0.759999
v -1.192464 -1.932353 0.760001
v -1.192464 -1.932353 -0.759999
v -1.201883 -1.915582 0.760001
v -1.201883 -1.915582 -0.759999
v -1.211321 -1.897078 0.760001
v -1.211321 -1.897078 -0.759999
v -1.220794 -1.876914 0.760001
v -1.220794 -1.876914 -0.759999
v -1.230321 -1.855162 0.760001
v -1.230321 -1.855162 -0.759999
v -1.239921 -1.831894 0.760001
v -1.239921 -1.831894 -0.759999
v -1.249610 -1.807184 0.760001
v -1.249610 -1.807184 -0.759999
v -1.260045 -1.781958 0.760001
v -1.260045 -1.781958 -0.759999
v -1.272916 -1.748606 0.760001
v -1.272916 -1.748606 -0.759999
v -1.287843 -1.707843 0.760001
v -1.287843 -1.707843 -0.759999
v -1.304447 -1.660386 0.760001
v -1.304447 -1.660386 -0.759999
v -1.322351 -1.606950 0.760001
v -1.322351 -1.606950 -0.759999
v -1.341174 -1.548253 0.760001
v -1.341174 -1.548253 -0.759999
v -1.360538 -1.485009 0.760001
v -1.360538 -1.485009 -0.759999
v -1.380065 -1.417936 0.760001
v -1.380065 -1.417936 -0.759999
v -1.399375 -1.347749 0.760001
v -1.399375 -1.347749 -0.759999
v -1.418091 -1.275165 0.760001
v -1.418091 -1.275165 -0.759999
v -1.435832 -1.200899 0.760001
v -1.435832 -1.200899 -0.759999
v -1.452220 -1.125669 0.760001
v -1.452220 -1.125669 -0.759999
v -1.122328 -1.125669 0.760001
v -1.122328 -1.125669 -0.759999
v -1.122328 -0.922409 0.760001
v -1.122328 -0.922409 -0.759999
v -2.075639 -0.922409 0.760001
v -2.075639 -0.922409 -0.759999
v -2.075639 -1.125669 0.760001
v -2.075639 -1.125669 -0.759999
v -1.644442 -1.125669 0.760001
v -1.644442 -1.125669 -0.759999
v -1.627078 -1.193255 0.760001
v -1.627078 -1.193255 -0.759999
v -1.608796 -1.261340 0.760001
v -1.608796 -1.261340 -0.759999
v -1.589648 -1.329674 0.760001
v -1.589648 -1.329674 -0.759999
v -1.569688 -1.398009 0.760001
v -1.569688 -1.398009 -0.759999
v -1.548971 -1.466094 0.760001
v -1.548971 -1.466094 -0.759999
v -1.527550 -1.533681 0.760001
v -1.527550 -1.533681 -0.759999
v -1.505479 -1.600521 0.760001
v -1.505479 -1.600521 -0.759999
v -1.482814 -1.666364 0.760001
v -1.482814 -1.666364 -0.759999
v -1.459607 -1.730962 0.760001
v -1.459607 -1.730962 -0.759999
v -1.435913 -1.794065 0.760001
v -1.435913 -1.794065 -0.759999
v -1.411786 -1.855425 0.760001
v -1.411786 -1.855425 -0.759999
v -1.387281 -1.914792 0.760001
v -1.387281 -1.914792 -0.759999
v -1.854844 -1.822129 0.760001
v -1.854844 -1.822129 -0.759999
v -1.843699 -1.789201 0.760001
v -1.843699 -1.789201 -0.759999
v -1.832356 -1.756231 0.760001
v -1.832356 -1.756231 -0.759999
v -1.820832 -1.723302 0.760001
v -1.820832 -1.723302 -0.759999
v -1.809146 -1.690498 0.760001
v -1.809146 -1.690498 -0.759999
v -1.797316 -1.657902 0.760001
v -1.797316 -1.657902 -0.759999
v -1.785359 -1.625596 0.760001
v -1.785359 -1.625596 -0.759999
v -1.773293 -1.593664 0.760001
v -1.773293 -1.593664 -0.759999
v -1.761139 -1.562188 0.760001
v -1.761139 -1.562188 -0.759999
v -1.748912 -1.531252 0.760001
v -1.748912 -1.531252 -0.759999
v -1.736630 -1.500939 0.760001
v -1.736630 -1.500939 -0.759999
v -1.724314 -1.471332 0.760001
v -1.724314 -1.471332 -0.759999
v -1.711978 -1.442513 0.760001
v -1.711978 -1.442513 -0.759999
v -1.862637 -1.382731 0.760001
v -1.862637 -1.382731 -0.759999
v -1.889827 -1.444653 0.760001
v -1.889827 -1.444653 -0.759999
v -1.916707 -1.508952 0.760001
v -1.916707 -1.508952 -0.759999
v -1.943083 -1.575015 0.760001
v -1.943083 -1.575015 -0.759999
v -1.968754 -1.642230 0.760001
v -1.968754 -1.642230 -0.759999
v -1.993524 -1.709984 0.760001
v -1.993524 -1.709984 -0.759999
v -2.017194 -1.777666 0.760001
v -2.017194 -1.777666 -0.759999
v -2.039565 -1.844663 0.760001
v -2.039565 -1.844663 -0.759999
v -2.060438 -1.910363 0.760001
v -2.060438 -1.910363 -0.759999
v -2.079617 -1.974153 0.760001
v -2.079617 -1.974153 -0.759999
v -2.096901 -2.035421 0.760001
v -2.096901 -2.035421 -0.759999
v -2.112092 -2.093555 0.760001
v -2.112092 -2.093555 -0.759999
v -2.124992 -2.147942 0.760001
v -2.124992 -2.147942 -0.759999
v -1.963943 -2.213702 0.760001
v -1.963943 -2.213702 -0.759999
v -1.960589 -2.197822 0.760001
v -1.960589 -2.197822 -0.759999
v -1.957028 -2.181569 0.760001
v -1.957028 -2.181569 -0.759999
v -1.953269 -2.164942 0.760001
v -1.953269 -2.164942 -0.759999
v -1.949320 -2.147942 0.760001
v -1.949320 -2.147942 -0.759999
v -1.945190 -2.130567 0.760001
v -1.945190 -2.130567 -0.759999
v -1.940890 -2.112820 0.760001
v -1.940890 -2.112820 -0.759999
v -1.936427 -2.094698 0.760001
v -1.936427 -2.094698 -0.759999
v -1.931811 -2.076203 0.760001
v -1.931811 -2.076203 -0.759999
v -1.927050 -2.057334 0.760001
v -1.927050 -2.057334 -0.759999
v -1.922153 -2.038092 0.760001
v -1.922153 -2.038092 -0.759999
v -1.917130 -2.018476 0.760001
v -1.917130 -2.018476 -0.759999
v -1.911990 -1.998486 0.760001
v -1.911990 -1.998486 -0.759999
v -1.776594 -2.029881 0.760001
v -1.776594 -2.029881 -0.759999
v -1.660277 -2.057092 0.760001
v -1.660277 -2.057092 -0.759999
v -1.561439 -2.080547 0.760001
v -1.561439 -2.080547 -0.759999
v -1.478483 -2.100669 0.760001
v -1.478483 -2.100669 -0.759999
v -1.409815 -2.117886 0.760001
v -1.409815 -2.117886 -0.759999
v -1.353836 -2.132622 0.760001
v -1.353836 -2.132622 -0.759999
v -1.308951 -2.145303 0.760001
v -1.308951 -2.145303 -0.759999
v -1.273563 -2.156355 0.760001
v -1.273563 -2.156355 -0.759999
v -1.246078 -2.166203 0.760001
v -1.246078 -2.166203 -0.759999
v -1.224895 -2.175272 0.760001
v -1.224895 -2.175272 -0.759999
v -1.208422 -2.183989 0.760001
v -1.208422 -2.183989 -0.759999
v -1.195060 -2.192778 0.760001
v -1.195060 -2.192778 -0.759999
v -1.192643 -2.180446 0.760001
v -1.192643 -2.180446 -0.759999
v -1.189371 -2.166111 0.760001
v -1.189371 -2.166111 -0.759999
v -1.185359 -2.150137 0.760001
v -1.185359 -2.150137 -0.759999
v -1.180724 -2.132885 0.760001
v -1.180724 -2.132885 -0.759999
v -1.175585 -2.114721 0.760001
v -1.175585 -2.114721 -0.759999
v -1.170058 -2.096006 0.760001
v -1.170058 -2.096006 -0.759999
v -1.164261 -2.077104 0.760001
v -1.164261 -2.077104 -0.759999
v -1.158309 -2.058379 0.760001
v -1.158309 -2.058379 -0.759999
v -1.152322 -2.040194 0.760001
v -1.152322 -2.040194 -0.759999
v -1.146416 -2.022911 0.760001
v -1.146416 -2.022911 -0.759999
v -1.140708 -2.006895 0.760001
v -1.140708 -2.006895 -0.759999
v -1.135316 -1.992508 0.760001
v -1.135316 -1.992508 -0.759999
v -2.882132 -2.103986 0.760001
v -2.882132 -2.103986 -0.759999
v -2.888473 -2.100683 0.760001
v -2.888473 -2.100683 -0.759999
v -2.894724 -2.096240 0.760001
v -2.894724 -2.096240 -0.759999
v -2.900895 -2.090706 0.760001
v -2.900895 -2.090706 -0.759999
v -2.906994 -2.084134 0.760001
v -2.906994 -2.084134 -0.759999
v -2.913030 -2.076577 0.760001
v -2.913030 -2.076577 -0.759999
v -2.919011 -2.068085 0.760001
v -2.919011 -2.068085 -0.759999
v -2.924948 -2.058712 0.760001
v -2.924948 -2.058712 -0.759999
v -2.930848 -2.048507 0.760001
v -2.930848 -2.048507 -0.759999
v -2.936722 -2.037525 0.760001
v -2.936722 -2.037525 -0.759999
v -2.942577 -2.025815 0.760001
v -2.942577 -2.025815 -0.759999
v -2.948423 -2.013432 0.760001
v -2.948423 -2.013432 -0.759999
v -2.955994 -1.996214 0.760001
v -2.955994 -1.996214 -0.759999
v -2.965477 -1.973328 0.760001
v -2.965477 -1.973328 -0.759999
v -2.976510 -1.945337 0.760001
v -2.976510 -1.945337 -0.759999
v -2.988734 -1.912799 0.760001
v -2.988734 -1.912799 -0.759999
v -3.001788 -1.876276 0.760001
v -3.001788 -1.876276 -0.759999
v -3.015311 -1.836328 0.760001
v -3.015311 -1.836328 -0.759999
v -3.028942 -1.793515 0.760001
v -3.028942 -1.793515 -0.759999
v -3.042320 -1.748398 0.760001
v -3.042320 -1.748398 -0.759999
v -3.055086 -1.701538 0.760001
v -3.055086 -1.701538 -0.759999
v -3.066877 -1.653494 0.760001
v -3.066877 -1.653494 -0.759999
v -3.077334 -1.604828 0.760001
v -3.077334 -1.604828 -0.759999
v -3.086095 -1.556099 0.760001
v -3.086095 -1.556099 -0.759999
v -3.226363 -1.609903 0.760001
v -3.226363 -1.609903 -0.759999
v -3.216151 -1.650296 0.760001
v -3.216151 -1.650296 -0.759999
v -3.205054 -1.690678 0.760001
v -3.205054 -1.690678 -0.759999
v -3.193164 -1.730915 0.760001
v -3.193164 -1.730915 -0.759999
v -3.180570 -1.770872 0.760001
v -3.180570 -1.770872 -0.759999
v -3.167362 -1.810414 0.760001
v -3.167362 -1.810414 -0.759999
v -3.153632 -1.849405 0.760001
v -3.153632 -1.849405 -0.759999
v -3.139468 -1.887712 0.760001
v -3.139468 -1.887712 -0.759999
v -3.124962 -1.925198 0.760001
v -3.124962 -1.925198 -0.759999
v -3.110203 -1.961730 0.760001
v -3.110203 -1.961730 -0.759999
v -3.095283 -1.997172 0.760001
v -3.095283 -1.997172 -0.759999
v -3.080289 -2.031389 0.760001
v -3.080289 -2.031389 -0.759999
v -3.065314 -2.064247 0.760001
v -3.065314 -2.064247 -0.759999
v -3.270523 -2.028378 0.760001
v -3.270523 -2.028378 -0.759999
v -3.263977 -2.009640 0.760001
v -3.263977 -2.009640 -0.759999
v -3.257330 -1.990820 0.760001
v -3.257330 -1.990820 -0.759999
v -3.250595 -1.971958 0.760001
v -3.250595 -1.971958 -0.759999
v -3.243777 -1.953096 0.760001
v -3.243777 -1.953096 -0.759999
v -3.236888 -1.934276 0.760001
v -3.236888 -1.934276 -0.759999
v -3.229936 -1.915539 0.760001
v -3.229936 -1.915539 -0.759999
v -3.222929 -1.896926 0.760001
v -3.222929 -1.896926 -0.759999
v -3.215878 -1.878480 0.760001
v -3.215878 -1.878480 -0.759999
v -3.208790 -1.860241 0.760001
v -3.208790 -1.860241 -0.759999
v -3.201675 -1.842251 0.760001
v -3.201675 -1.842251 -0.759999
v -3.194542 -1.824551 0.760001
v -3.194542 -1.824551 -0.759999
v -3.187400 -1.807184 0.760001
v -3.187400 -1.807184 -0.759999
v -3.296498 -1.765337 0.760001
v -3.296498 -1.765337 -0.759999
v -3.312757 -1.802879 0.760001
v -3.312757 -1.802879 -0.759999
v -3.328955 -1.841988 0.760001
v -3.328955 -1.841988 -0.759999
v -3.344918 -1.882238 0.760001
v -3.344918 -1.882238 -0.759999
v -3.360476 -1.923205 0.760001
v -3.360476 -1.923205 -0.759999
v -3.375455 -1.964463 0.760001
v -3.375455 -1.964463 -0.759999
v -3.389686 -2.005585 0.760001
v -3.389686 -2.005585 -0.759999
v -3.402997 -2.046148 0.760001
v -3.402997 -2.046148 -0.759999
v -3.415217 -2.085724 0.760001
v -3.415217 -2.085724 -0.759999
v -3.426174 -2.123888 0.760001
v -3.426174 -2.123888 -0.759999
v -3.435697 -2.160216 0.760001
v -3.435697 -2.160216 -0.759999
v -3.443614 -2.194281 0.760001
v -3.443614 -2.194281 -0.759999
v -3.449755 -2.225658 0.760001
v -3.449755 -2.225658 -0.759999
v -3.369231 -2.264517 0.760001
v -3.369231 -2.264517 -0.759999
v -3.379434 -2.271175 0.760001
v -3.379434 -2.271175 -0.759999
v -3.390457 -2.277677 0.760001
v -3.390457 -2.277677 -0.759999
v -3.402147 -2.283993 0.760001
v -3.402147 -2.283993 -0.759999
v -3.414351 -2.290090 0.760001
v -3.414351 -2.290090 -0.759999
v -3.426917 -2.295939 0.760001
v -3.426917 -2.295939 -0.759999
v -3.439690 -2.301507 0.760001
v -3.439690 -2.301507 -0.759999
v -3.452517 -2.306764 0.760001
v -3.452517 -2.306764 -0.759999
v -3.465245 -2.311678 0.760001
v -3.465245 -2.311678 -0.759999
v -3.477720 -2.316219 0.760001
v -3.477720 -2.316219 -0.759999
v -3.489790 -2.320355 0.760001
v -3.489790 -2.320355 -0.759999
v -3.501300 -2.324055 0.760001
v -3.501300 -2.324055 -0.759999
v -3.512097 -2.327288 0.760001
v -3.512097 -2.327288 -0.759999
v -3.506310 -2.389073 0.760001
v -3.506310 -2.389073 -0.759999
v -3.499134 -2.443198 0.760001
v -3.499134 -2.443198 -0.759999
v -3.490261 -2.490100 0.760001
v -3.490261 -2.490100 -0.759999
v -3.479387 -2.530214 0.760001
v -3.479387 -2.530214 -0.759999
v -3.466204 -2.563977 0.760001
v -3.466204 -2.563977 -0.759999
v -3.450405 -2.591823 0.760001
v -3.450405 -2.591823 -0.759999
v -3.431684 -2.614190 0.760001
v -3.431684 -2.614190 -0.759999
v -3.409734 -2.631512 0.760001
v -3.409734 -2.631512 -0.759999
v -3.384248 -2.644226 0.760001
v -3.384248 -2.644226 -0.759999
v -3.354920 -2.652768 0.760001
v -3.354920 -2.652768 -0.759999
v -3.321444 -2.657573 0.760001
v -3.321444 -2.657573 -0.759999
v -3.283511 -2.659078 0.760001
v -3.283511 -2.659078 -0.759999
v -3.268775 -2.659078 0.760001
v -3.268775 -2.659078 -0.759999
v -3.246364 -2.659078 0.760001
v -3.246364 -2.659078 -0.759999
v -3.217801 -2.659078 0.760001
v -3.217801 -2.659078 -0.759999
v -3.184611 -2.659078 0.760001
v -3.184611 -2.659078 -0.759999
v -3.148318 -2.659078 0.760001
v -3.148318 -2.659078 -0.759999
v -3.110447 -2.659078 0.760001
v -3.110447 -2.659078 -0.759999
v -3.072522 -2.659078 0.760001
v -3.072522 -2.659078 -0.759999
v -3.036067 -2.659078 0.760001
v -3.036067 -2.659078 -0.759999
v -3.002606 -2.659078 0.760001
v -3.002606 -2.659078 -0.759999
v -2.973665 -2.659078 0.760001
v -2.973665 -2.659078 -0.759999
v -2.950767 -2.659078 0.760001
v -2.950767 -2.659078 -0.759999
v -2.935435 -2.659078 0.760001
v -2.935435 -2.659078 -0.759999
v -2.887268 -2.657959 0.760001
v -2.887268 -2.657959 -0.759999
v -2.845134 -2.654359 0.760001
v -2.845134 -2.654359 -0.759999
v -2.808682 -2.647916 0.760001
v -2.808682 -2.647916 -0.759999
v -2.777560 -2.638265 0.760001
v -2.777560 -2.638265 -0.759999
v -2.751418 -2.625044 0.760001
v -2.751418 -2.625044 -0.759999
v -2.729902 -2.607890 0.760001
v -2.729902 -2.607890 -0.759999
v -2.712662 -2.586438 0.760001
v -2.712662 -2.586438 -0.759999
v -2.699345 -2.560327 0.760001
v -2.699345 -2.560327 -0.759999
v -2.689599 -2.529192 0.760001
v -2.689599 -2.529192 -0.759999
v -2.683074 -2.492671 0.760001
v -2.683074 -2.492671 -0.759999
v -2.679416 -2.450400 0.760001
v -2.679416 -2.450400 -0.759999
v -2.678275 -2.402015 0.760001
v -2.678275 -2.402015 -0.759999
v -2.678275 -1.887890 0.760001
v -2.678275 -1.887890 -0.759999
v -2.648971 -1.970687 0.760001
v -2.648971 -1.970687 -0.759999
v -2.616799 -2.051585 0.760001
v -2.616799 -2.051585 -0.759999
v -2.581596 -2.130427 0.760001
v -2.581596 -2.130427 -0.759999
v -2.543200 -2.207059 0.760001
v -2.543200 -2.207059 -0.759999
v -2.501450 -2.281325 0.760001
v -2.501450 -2.281325 -0.759999
v -2.456182 -2.353069 0.760001
v -2.456182 -2.353069 -0.759999
v -2.407234 -2.422135 0.760001
v -2.407234 -2.422135 -0.759999
v -2.354445 -2.488367 0.760001
v -2.354445 -2.488367 -0.759999
v -2.297650 -2.551610 0.760001
v -2.297650 -2.551610 -0.759999
v -2.236688 -2.611709 0.760001
v -2.236688 -2.611709 -0.759999
v -2.171396 -2.668507 0.760001
v -2.171396 -2.668507 -0.759999
v -2.101613 -2.721849 0.760001
v -2.101613 -2.721849 -0.759999
v -2.093898 -2.708800 0.760001
v -2.093898 -2.708800 -0.759999
v -2.085128 -2.695169 0.760001
v -2.085128 -2.695169 -0.759999
v -2.075437 -2.681123 0.760001
v -2.075437 -2.681123 -0.759999
v -2.064960 -2.666828 0.760001
v -2.064960 -2.666828 -0.759999
v -2.053835 -2.652449 0.760001
v -2.053835 -2.652449 -0.759999
v -2.042195 -2.638154 0.760001
v -2.042195 -2.638154 -0.759999
v -2.030177 -2.624108 0.760001
v -2.030177 -2.624108 -0.759999
v -2.017915 -2.610477 0.760001
v -2.017915 -2.610477 -0.759999
v -2.005545 -2.597428 0.760001
v -2.005545 -2.597428 -0.759999
v -1.993202 -2.585125 0.760001
v -1.993202 -2.585125 -0.759999
v -1.981021 -2.573736 0.760001
v -1.981021 -2.573736 -0.759999
v -1.969138 -2.563427 0.760001
v -1.969138 -2.563427 -0.759999
v -2.056214 -2.499161 0.760001
v -2.056214 -2.499161 -0.759999
v -2.135840 -2.429167 0.760001
v -2.135840 -2.429167 -0.759999
v -2.208359 -2.353816 0.760001
v -2.208359 -2.353816 -0.759999
v -2.274114 -2.273484 0.760001
v -2.274114 -2.273484 -0.759999
v -2.333446 -2.188544 0.760001
v -2.333446 -2.188544 -0.759999
v -2.386700 -2.099369 0.760001
v -2.386700 -2.099369 -0.759999
v -2.434216 -2.006333 0.760001
v -2.434216 -2.006333 -0.759999
v -2.476339 -1.909810 0.760001
v -2.476339 -1.909810 -0.759999
v -2.513412 -1.810173 0.760001
v -2.513412 -1.810173 -0.759999
v -2.545775 -1.707796 0.760001
v -2.545775 -1.707796 -0.759999
v -2.573774 -1.603053 0.760001
v -2.573774 -1.603053 -0.759999
v -2.597750 -1.496317 0.760001
v -2.597750 -1.496317 -0.759999
v -2.174347 -1.496317 0.760001
v -2.174347 -1.496317 -0.759999
v -2.174347 -0.264807 0.760001
v -2.174347 -0.264807 -0.759999
v -2.561384 -0.264807 0.760001
v -2.561384 -0.264807 -0.759999
v -2.570518 -0.239740 0.760001
v -2.570518 -0.239741 -0.759999
v -2.579687 -0.213978 0.760001
v -2.579687 -0.213979 -0.759999
v -2.588821 -0.187698 0.760001
v -2.588821 -0.187698 -0.759999
v -2.597847 -0.161074 0.760001
v -2.597847 -0.161074 -0.759999
v -2.606691 -0.134285 0.760001
v -2.606691 -0.134285 -0.759999
v -2.615284 -0.107506 0.760001
v -2.615284 -0.107506 -0.759999
v -2.623552 -0.080913 0.760001
v -2.623552 -0.080913 -0.759999
v -2.631423 -0.054684 0.760001
v -2.631423 -0.054684 -0.759999
v -2.638825 -0.028995 0.760001
v -2.638825 -0.028995 -0.759999
v -2.645686 -0.004022 0.760001
v -2.645686 -0.004022 -0.759999
v -2.651934 0.020059 0.760001
v -2.651934 0.020059 -0.759999
v -2.657495 0.043071 0.760001
v -2.657495 0.043071 -0.759999
v -2.875691 0.010190 0.760001
v -2.875691 0.010190 -0.759999
v -2.866496 -0.013716 0.760001
v -2.866496 -0.013716 -0.759999
v -2.857111 -0.037580 0.760001
v -2.857111 -0.037580 -0.759999
v -2.847564 -0.061361 0.760001
v -2.847564 -0.061361 -0.759999
v -2.837881 -0.085018 0.760001
v -2.837881 -0.085018 -0.759999
v -2.828092 -0.108509 0.760001
v -2.828092 -0.108509 -0.759999
v -2.818219 -0.131792 0.760001
v -2.818219 -0.131792 -0.759999
v -2.808293 -0.154826 0.760001
v -2.808293 -0.154826 -0.759999
v -2.798341 -0.177570 0.760001
v -2.798341 -0.177570 -0.759999
v -2.788388 -0.199981 0.760001
v -2.788388 -0.199981 -0.759999
v -2.778462 -0.222019 0.760001
v -2.778462 -0.222019 -0.759999
v -2.768591 -0.243641 0.760001
v -2.768591 -0.243641 -0.759999
v -2.758801 -0.264807 0.760001
v -2.758801 -0.264807 -0.759999
v -3.369231 -0.264807 0.760001
v -3.369231 -0.264807 -0.759999
v -3.369231 -1.496317 0.760001
v -3.369231 -1.496317 -0.759999
v -2.776983 -1.496317 0.760001
v -2.776983 -1.496317 -0.759999
v -2.756203 -1.600936 0.760001
v -2.756203 -1.600936 -0.759999
v -2.849715 -1.600936 0.760001
v -2.849715 -1.600936 -0.759999
v -2.849715 -2.399026 0.760001
v -2.849715 -2.399026 -0.759999
v -2.850022 -2.416430 0.760001
v -2.850022 -2.416430 -0.759999
v -2.851097 -2.431394 0.760001
v -2.851097 -2.431394 -0.759999
v -2.853165 -2.444096 0.760001
v -2.853165 -2.444096 -0.759999
v -2.856450 -2.454712 0.760001
v -2.856450 -2.454712 -0.759999
v -2.861177 -2.463418 0.760001
v -2.861177 -2.463418 -0.759999
v -2.867574 -2.470391 0.760001
v -2.867574 -2.470391 -0.759999
v -2.875864 -2.475806 0.760001
v -2.875864 -2.475806 -0.759999
v -2.886273 -2.479842 0.760001
v -2.886273 -2.479842 -0.759999
v -2.899029 -2.482674 0.760001
v -2.899029 -2.482674 -0.759999
v -2.914354 -2.484478 0.760001
v -2.914354 -2.484478 -0.759999
v -2.932475 -2.485431 0.760001
v -2.932475 -2.485431 -0.759999
v -2.953618 -2.485710 0.760001
v -2.953618 -2.485710 -0.759999
v -2.968040 -2.485710 0.760001
v -2.968040 -2.485710 -0.759999
v -2.988447 -2.485710 0.760001
v -2.988447 -2.485710 -0.759999
v -3.013689 -2.485710 0.760001
v -3.013689 -2.485710 -0.759999
v -3.042610 -2.485710 0.760001
v -3.042610 -2.485710 -0.759999
v -3.074058 -2.485710 0.760001
v -3.074058 -2.485710 -0.759999
v -3.106876 -2.485710 0.760001
v -3.106876 -2.485710 -0.759999
v -3.139912 -2.485710 0.760001
v -3.139912 -2.485710 -0.759999
v -3.172008 -2.485710 0.760001
v -3.172008 -2.485710 -0.759999
v -3.202012 -2.485710 0.760001
v -3.202012 -2.485710 -0.759999
v -3.228770 -2.485710 0.760001
v -3.228770 -2.485710 -0.759999
v -3.251126 -2.485710 0.760001
v -3.251126 -2.485710 -0.759999
v -3.267925 -2.485710 0.760001
v -3.267925 -2.485710 -0.759999
v -3.283755 -2.485070 0.760001
v -3.283755 -2.485070 -0.759999
v -3.297570 -2.482831 0.760001
v -3.297570 -2.482831 -0.759999
v -3.309528 -2.478518 0.760001
v -3.309528 -2.478518 -0.759999
v -3.319781 -2.471650 0.760001
v -3.319781 -2.471650 -0.759999
v -3.328484 -2.461752 0.760001
v -3.328484 -2.461752 -0.759999
v -3.335788 -2.448346 0.760001
v -3.335788 -2.448346 -0.759999
v -3.341847 -2.430955 0.760001
v -3.341847 -2.430955 -0.759999
v -3.346816 -2.409101 0.760001
v -3.346816 -2.409101 -0.759999
v -3.350846 -2.382306 0.760001
v -3.350846 -2.382306 -0.759999
v -3.354092 -2.350093 0.760001
v -3.354092 -2.350093 -0.759999
v -3.356705 -2.311986 0.760001
v -3.356705 -2.311986 -0.759999
v -3.358840 -2.267506 0.760001
v -3.358840 -2.267506 -0.759999
v -3.335463 -2.279462 0.760001
v -3.335463 -2.279462 -0.759999
v -3.306889 -2.159898 0.760001
v -3.306889 -2.159898 -0.759999
v -3.237661 -2.174684 0.760001
v -3.237661 -2.174684 -0.759999
v -3.177573 -2.187768 0.760001
v -3.177573 -2.187768 -0.759999
v -3.125909 -2.199317 0.760001
v -3.125909 -2.199317 -0.759999
v -3.081957 -2.209495 0.760001
v -3.081957 -2.209495 -0.759999
v -3.045002 -2.218469 0.760001
v -3.045002 -2.218469 -0.759999
v -3.014336 -2.226406 0.760001
v -3.014336 -2.226406 -0.759999
v -2.989243 -2.233470 0.760001
v -2.989243 -2.233470 -0.759999
v -2.969010 -2.239829 0.760001
v -2.969010 -2.239829 -0.759999
v -2.952927 -2.245648 0.760001
v -2.952927 -2.245648 -0.759999
v -2.940281 -2.251093 0.760001
v -2.940281 -2.251093 -0.759999
v -2.930358 -2.256331 0.760001
v -2.930358 -2.256331 -0.759999
v -2.922447 -2.261528 0.760001
v -2.922447 -2.261528 -0.759999
v -2.920732 -2.252361 0.760001
v -2.920732 -2.252361 -0.759999
v -2.918262 -2.241503 0.760001
v -2.918262 -2.241503 -0.759999
v -2.915142 -2.229254 0.760001
v -2.915142 -2.229254 -0.759999
v -2.911480 -2.215916 0.760001
v -2.911480 -2.215916 -0.759999
v -2.907386 -2.201789 0.760001
v -2.907386 -2.201789 -0.759999
v -2.902966 -2.187173 0.760001
v -2.902966 -2.187173 -0.759999
v -2.898330 -2.172372 0.760001
v -2.898330 -2.172372 -0.759999
v -2.893586 -2.157684 0.760001
v -2.893586 -2.157684 -0.759999
v -2.888842 -2.143411 0.760001
v -2.888842 -2.143411 -0.759999
v -2.884206 -2.129855 0.760001
v -2.884206 -2.129855 -0.759999
v -2.879786 -2.117315 0.760001
v -2.879786 -2.117315 -0.759999
v -2.875691 -2.106094 0.760001
v -2.875691 -2.106094 -0.759999
v -2.628922 -1.308004 0.760001
v -2.628922 -1.308004 -0.759999
v -2.633308 -1.279548 0.760001
v -2.633308 -1.279548 -0.759999
v -2.637399 -1.250989 0.760001
v -2.637399 -1.250989 -0.759999
v -2.641218 -1.222347 0.760001
v -2.641218 -1.222347 -0.759999
v -2.644794 -1.193643 0.760001
v -2.644794 -1.193643 -0.759999
v -2.648154 -1.164897 0.760001
v -2.648154 -1.164897 -0.759999
v -2.651325 -1.136131 0.760001
v -2.651325 -1.136131 -0.759999
v -2.654334 -1.107364 0.760001
v -2.654334 -1.107364 -0.759999
v -2.657207 -1.078618 0.760001
v -2.657207 -1.078618 -0.759999
v -2.659971 -1.049913 0.760001
v -2.659971 -1.049913 -0.759999
v -2.662654 -1.021271 0.760001
v -2.662654 -1.021271 -0.759999
v -2.665283 -0.992712 0.760001
v -2.665283 -0.992712 -0.759999
v -2.667886 -0.964257 0.760001
v -2.667886 -0.964257 -0.759999
v -2.353579 -0.964257 0.760001
v -2.353579 -0.964257 -0.759999
v -2.353579 -1.308004 0.760001
v -2.353579 -1.308004 -0.759999
v -3.184803 -1.308004 0.760001
v -3.184803 -1.308004 -0.759999
v -3.184803 -0.964257 0.760001
v -3.184803 -0.964257 -0.759999
v -2.844521 -0.964257 0.760001
v -2.844521 -0.964257 -0.759999
v -2.841919 -0.992712 0.760001
v -2.841919 -0.992712 -0.759999
v -2.839301 -1.021271 0.760001
v -2.839301 -1.021271 -0.759999
v -2.836647 -1.049913 0.760001
v -2.836647 -1.049913 -0.759999
v -2.833938 -1.078618 0.760001
v -2.833938 -1.078618 -0.759999
v -2.831157 -1.107364 0.760001
v -2.831157 -1.107364 -0.759999
v -2.828286 -1.136131 0.760001
v -2.828286 -1.136131 -0.759999
v -2.825307 -1.164897 0.760001
v -2.825307 -1.164897 -0.759999
v -2.822202 -1.193643 0.760001
v -2.822202 -1.193643 -0.759999
v -2.818952 -1.222347 0.760001
v -2.818952 -1.222347 -0.759999
v -2.815539 -1.250989 0.760001
v -2.815539 -1.250989 -0.759999
v -2.811946 -1.279548 0.760001
v -2.811946 -1.279548 -0.759999
v -2.808155 -1.308004 0.760001
v -2.808155 -1.308004 -0.759999
v -2.678275 -0.787900 0.760001
v -2.678275 -0.787900 -0.759999
v -2.688666 -0.450131 0.760001
v -2.688666 -0.450131 -0.759999
v -2.353579 -0.450131 0.760001
v -2.353579 -0.450131 -0.759999
v -2.353579 -0.787900 0.760001
v -2.353579 -0.787900 -0.759999
v -3.184803 -0.787900 0.760001
v -3.184803 -0.787900 -0.759999
v -3.184803 -0.450131 0.760001
v -3.184803 -0.450131 -0.759999
v -2.867898 -0.450131 0.760001
v -2.867898 -0.450131 -0.759999
v -2.854910 -0.787900 0.760001
v -2.854910 -0.787900 -0.759999
v -4.050229 -1.613041 0.760001
v -4.050229 -1.613041 -0.759999
v -4.058898 -1.694290 0.760001
v -4.058898 -1.694290 -0.759999
v -4.072564 -1.767111 0.760001
v -4.072564 -1.767111 -0.759999
v -4.090586 -1.831650 0.760001
v -4.090586 -1.831650 -0.759999
v -4.112324 -1.888052 0.760001
v -4.112324 -1.888052 -0.759999
v -4.137137 -1.936462 0.760001
v -4.137137 -1.936462 -0.759999
v -4.164386 -1.977026 0.760001
v -4.164386 -1.977026 -0.759999
v -4.193430 -2.009889 0.760001
v -4.193430 -2.009889 -0.759999
v -4.223629 -2.035196 0.760001
v -4.223629 -2.035196 -0.759999
v -4.254341 -2.053093 0.760001
v -4.254341 -2.053093 -0.759999
v -4.284928 -2.063724 0.760001
v -4.284928 -2.063724 -0.759999
v -4.314748 -2.067236 0.760001
v -4.314748 -2.067236 -0.759999
v -4.345582 -2.063003 0.760001
v -4.345582 -2.063003 -0.759999
v -4.376993 -2.050062 0.760001
v -4.376993 -2.050062 -0.759999
v -4.408910 -2.028051 0.760001
v -4.408910 -2.028051 -0.759999
v -4.441259 -1.996604 0.760001
v -4.441259 -1.996604 -0.759999
v -4.473969 -1.955361 0.760001
v -4.473969 -1.955361 -0.759999
v -4.506969 -1.903956 0.760001
v -4.506969 -1.903956 -0.759999
v -4.540184 -1.842027 0.760001
v -4.540184 -1.842027 -0.759999
v -4.573544 -1.769211 0.760001
v -4.573544 -1.769211 -0.759999
v -4.606976 -1.685145 0.760001
v -4.606976 -1.685145 -0.759999
v -4.640407 -1.589464 0.760001
v -4.640407 -1.589464 -0.759999
v -4.673767 -1.481806 0.760001
v -4.673767 -1.481806 -0.759999
v -4.706982 -1.361808 0.760001
v -4.706982 -1.361808 -0.759999
v -4.722939 -1.299062 0.760001
v -4.722939 -1.299062 -0.759999
v -4.738321 -1.234978 0.760001
v -4.738321 -1.234978 -0.759999
v -4.753089 -1.169711 0.760001
v -4.753089 -1.169711 -0.759999
v -4.767207 -1.103416 0.760001
v -4.767207 -1.103416 -0.759999
v -4.780640 -1.036250 0.760001
v -4.780640 -1.036250 -0.759999
v -4.793350 -0.968367 0.760001
v -4.793350 -0.968367 -0.759999
v -4.805305 -0.899924 0.760001
v -4.805305 -0.899924 -0.759999
v -4.816464 -0.831076 0.760001
v -4.816464 -0.831076 -0.759999
v -4.826795 -0.761979 0.760001
v -4.826795 -0.761979 -0.759999
v -4.836259 -0.692788 0.760001
v -4.836259 -0.692788 -0.759999
v -4.844821 -0.623660 0.760001
v -4.844821 -0.623660 -0.759999
v -4.852445 -0.554750 0.760001
v -4.852445 -0.554750 -0.759999
v -4.731833 -0.581112 0.760001
v -4.731833 -0.581112 -0.759999
v -4.619627 -0.623167 0.760001
v -4.619627 -0.623167 -0.759999
v -4.516223 -0.679171 0.760001
v -4.516223 -0.679171 -0.759999
v -4.422018 -0.747381 0.760001
v -4.422018 -0.747381 -0.759999
v -4.337411 -0.826052 0.760001
v -4.337411 -0.826052 -0.759999
v -4.262796 -0.913442 0.760001
v -4.262796 -0.913442 -0.759999
v -4.198572 -1.007806 0.760001
v -4.198572 -1.007806 -0.759999
v -4.145136 -1.107402 0.760001
v -4.145136 -1.107402 -0.759999
v -4.102883 -1.210484 0.760001
v -4.102883 -1.210484 -0.759999
v -4.072211 -1.315310 0.760001
v -4.072211 -1.315310 -0.759999
v -4.053516 -1.420137 0.760001
v -4.053516 -1.420137 -0.759999
v -4.047197 -1.523219 0.760001
v -4.047197 -1.523219 -0.759999
v -4.871609 -1.560265 0.760001
v -4.871609 -1.560265 -0.759999
v -4.829116 -1.695286 0.760001
v -4.829116 -1.695286 -0.759999
v -4.784747 -1.817646 0.760001
v -4.784747 -1.817646 -0.759999
v -4.738538 -1.927301 0.760001
v -4.738538 -1.927301 -0.759999
v -4.690525 -2.024212 0.760001
v -4.690525 -2.024212 -0.759999
v -4.640744 -2.108336 0.760001
v -4.640744 -2.108336 -0.759999
v -4.589231 -2.179631 0.760001
v -4.589231 -2.179631 -0.759999
v -4.536022 -2.238057 0.760001
v -4.536022 -2.238057 -0.759999
v -4.481153 -2.283572 0.760001
v -4.481153 -2.283572 -0.759999
v -4.424663 -2.316134 0.760001
v -4.424663 -2.316134 -0.759999
v -4.366584 -2.335701 0.760001
v -4.366584 -2.335701 -0.759999
v -4.306954 -2.342233 0.760001
v -4.306954 -2.342233 -0.759999
v -4.249290 -2.335948 0.760001
v -4.249290 -2.335948 -0.759999
v -4.192430 -2.317365 0.760001
v -4.192430 -2.317365 -0.759999
v -4.137177 -2.286888 0.760001
v -4.137177 -2.286888 -0.759999
v -4.084331 -2.244921 0.760001
v -4.084331 -2.244921 -0.759999
v -4.034696 -2.191870 0.760001
v -4.034696 -2.191870 -0.759999
v -3.989075 -2.128139 0.760001
v -3.989075 -2.128139 -0.759999
v -3.948270 -2.054132 0.760001
v -3.948270 -2.054132 -0.759999
v -3.913084 -1.970256 0.760001
v -3.913084 -1.970256 -0.759999
v -3.884320 -1.876914 0.760001
v -3.884320 -1.876914 -0.759999
v -3.862781 -1.774511 0.760001
v -3.862781 -1.774511 -0.759999
v -3.849268 -1.663453 0.760001
v -3.849268 -1.663453 -0.759999
v -3.844586 -1.544143 0.760001
v -3.844586 -1.544143 -0.759999
v -3.854817 -1.383947 0.760001
v -3.854817 -1.383947 -0.759999
v -3.884657 -1.228806 0.760001
v -3.884657 -1.228806 -0.759999
v -3.932823 -1.080412 0.760001
v -3.932823 -1.080412 -0.759999
v -3.998036 -0.940455 0.760001
v -3.998036 -0.940455 -0.759999
v -4.079015 -0.810628 0.760001
v -4.079015 -0.810628 -0.759999
v -4.174479 -0.692622 0.760001
v -4.174479 -0.692622 -0.759999
v -4.283147 -0.588130 0.760001
v -4.283147 -0.588130 -0.759999
v -4.403739 -0.498843 0.760001
v -4.403739 -0.498843 -0.759999
v -4.534973 -0.426452 0.760001
v -4.534973 -0.426452 -0.759999
v -4.675570 -0.372650 0.760001
v -4.675570 -0.372650 -0.759999
v -4.824248 -0.339128 0.760001
v -4.824248 -0.339128 -0.759999
v -4.979727 -0.327578 0.760001
v -4.979727 -0.327578 -0.759999
v -5.126989 -0.337633 0.760001
v -5.126989 -0.337634 -0.759999
v -5.264473 -0.366921 0.760001
v -5.264473 -0.366921 -0.759999
v -5.391604 -0.414122 0.760001
v -5.391604 -0.414122 -0.759999
v -5.507804 -0.477919 0.760001
v -5.507804 -0.477919 -0.759999
v -5.612494 -0.556993 0.760001
v -5.612494 -0.556993 -0.759999
v -5.705099 -0.650027 0.760001
v -5.705099 -0.650027 -0.759999
v -5.785041 -0.755703 0.760001
v -5.785041 -0.755703 -0.759999
v -5.851742 -0.872702 0.760001
v -5.851742 -0.872702 -0.759999
v -5.904626 -0.999706 0.760001
v -5.904626 -0.999706 -0.759999
v -5.943114 -1.135397 0.760001
v -5.943114 -1.135397 -0.759999
v -5.966631 -1.278457 0.760001
v -5.966631 -1.278457 -0.759999
v -5.974598 -1.427568 0.760001
v -5.974598 -1.427568 -0.759999
v -5.967190 -1.580069 0.760001
v -5.967190 -1.580069 -0.759999
v -5.945195 -1.723447 0.760001
v -5.945195 -1.723447 -0.759999
v -5.908970 -1.857298 0.760001
v -5.908970 -1.857298 -0.759999
v -5.858862 -1.981216 0.760001
v -5.858862 -1.981216 -0.759999
v -5.795226 -2.094797 0.760001
v -5.795226 -2.094797 -0.759999
v -5.718412 -2.197635 0.760001
v -5.718412 -2.197635 -0.759999
v -5.628774 -2.289327 0.760001
v -5.628774 -2.289327 -0.759999
v -5.526661 -2.369467 0.760001
v -5.526661 -2.369467 -0.759999
v -5.412427 -2.437651 0.760001
v -5.412427 -2.437651 -0.759999
v -5.286422 -2.493473 0.760001
v -5.286422 -2.493473 -0.759999
v -5.148998 -2.536530 0.760001
v -5.148998 -2.536530 -0.759999
v -5.000507 -2.566416 0.760001
v -5.000507 -2.566416 -0.759999
v -4.878422 -2.345222 0.760001
v -4.878422 -2.345222 -0.759999
v -4.899137 -2.342859 0.760001
v -4.899137 -2.342859 -0.759999
v -4.919683 -2.340268 0.760001
v -4.919683 -2.340268 -0.759999
v -4.939992 -2.337469 0.760001
v -4.939992 -2.337469 -0.759999
v -4.960005 -2.334484 0.760001
v -4.960005 -2.334484 -0.759999
v -4.979656 -2.331332 0.760001
v -4.979656 -2.331332 -0.759999
v -4.998883 -2.328035 0.760001
v -4.998883 -2.328035 -0.759999
v -5.017624 -2.324614 0.760001
v -5.017624 -2.324614 -0.759999
v -5.035814 -2.321088 0.760001
v -5.035814 -2.321088 -0.759999
v -5.053391 -2.317480 0.760001
v -5.053391 -2.317480 -0.759999
v -5.070292 -2.313809 0.760001
v -5.070292 -2.313809 -0.759999
v -5.086453 -2.310097 0.760001
v -5.086453 -2.310097 -0.759999
v -5.101812 -2.306364 0.760001
v -5.101812 -2.306364 -0.759999
v -5.184639 -2.280562 0.760001
v -5.184639 -2.280562 -0.759999
v -5.266131 -2.246416 0.760001
v -5.266131 -2.246416 -0.759999
v -5.345172 -2.203800 0.760001
v -5.345172 -2.203800 -0.759999
v -5.420640 -2.152591 0.760001
v -5.420640 -2.152591 -0.759999
v -5.491418 -2.092664 0.760001
v -5.491418 -2.092664 -0.759999
v -5.556388 -2.023894 0.760001
v -5.556388 -2.023894 -0.759999
v -5.614430 -1.946156 0.760001
v -5.614430 -1.946156 -0.759999
v -5.664428 -1.859327 0.760001
v -5.664428 -1.859327 -0.759999
v -5.705261 -1.763281 0.760001
v -5.705261 -1.763281 -0.759999
v -5.735813 -1.657895 0.760001
v -5.735813 -1.657895 -0.759999
v -5.754965 -1.543043 0.760001
v -5.754965 -1.543043 -0.759999
v -5.761598 -1.418601 0.760001
v -5.761598 -1.418601 -0.759999
v -5.756383 -1.307526 0.760001
v -5.756383 -1.307526 -0.759999
v -5.740888 -1.200562 0.760001
v -5.740888 -1.200562 -0.759999
v -5.715326 -1.098580 0.760001
v -5.715326 -1.098580 -0.759999
v -5.679916 -1.002451 0.760001
v -5.679916 -1.002451 -0.759999
v -5.634874 -0.913048 0.760001
v -5.634874 -0.913048 -0.759999
v -5.580416 -0.831242 0.760001
v -5.580416 -0.831242 -0.759999
v -5.516757 -0.757905 0.760001
v -5.516757 -0.757905 -0.759999
v -5.444116 -0.693909 0.760001
v -5.444116 -0.693909 -0.759999
v -5.362707 -0.640126 0.760001
v -5.362707 -0.640126 -0.759999
v -5.272747 -0.597428 0.760001
v -5.272747 -0.597428 -0.759999
v -5.174454 -0.566686 0.760001
v -5.174454 -0.566686 -0.759999
v -5.068045 -0.548772 0.760001
v -5.068045 -0.548772 -0.759999
v -5.059273 -0.619484 0.760001
v -5.059273 -0.619484 -0.759999
v -5.049824 -0.691017 0.760001
v -5.049824 -0.691017 -0.759999
v -5.039673 -0.763193 0.760001
v -5.039673 -0.763193 -0.759999
v -5.028791 -0.835836 0.760001
v -5.028791 -0.835836 -0.759999
v -5.017152 -0.908770 0.760001
v -5.017152 -0.908770 -0.759999
v -5.004727 -0.981818 0.760001
v -5.004727 -0.981818 -0.759999
v -4.991491 -1.054804 0.760001
v -4.991491 -1.054804 -0.759999
v -4.977417 -1.127551 0.760001
v -4.977417 -1.127551 -0.759999
v -4.962477 -1.199882 0.760001
v -4.962477 -1.199882 -0.759999
v -4.946644 -1.271622 0.760001
v -4.946644 -1.271622 -0.759999
v -4.929890 -1.342595 0.760001
v -4.929890 -1.342595 -0.759999
v -4.912189 -1.412622 0.760001
v -4.912189 -1.412622 -0.759999
v -7.200654 -2.258538 0.760002
v -7.200654 -2.258538 -0.759998
v -7.811082 -2.258538 0.760002
v -7.811082 -2.258538 -0.759998
v -7.811082 -1.968595 0.760002
v -7.811082 -1.968595 -0.759998
v -7.200654 -1.968595 0.760002
v -7.200654 -1.968595 -0.759998
v -7.200654 -1.520230 0.760002
v -7.200654 -1.520230 -0.759998
v -7.200654 -1.795228 0.760002
v -7.200654 -1.795228 -0.759998
v -7.811082 -1.795228 0.760002
v -7.811082 -1.795228 -0.759998
v -7.811082 -1.520230 0.760002
v -7.811082 -1.520230 -0.759998
v -7.992913 -2.434895 0.760002
v -7.992913 -2.434895 -0.759998
v -7.200654 -2.434895 0.760002
v -7.200654 -2.434895 -0.759998
v -7.200654 -2.587340 0.760002
v -7.200654 -2.587340 -0.759998
v -7.024018 -2.587340 0.760002
v -7.024018 -2.587340 -0.759998
v -7.024018 -1.343873 0.760002
v -7.024018 -1.343873 -0.759998
v -7.992913 -1.343873 0.760002
v -7.992913 -1.343873 -0.759998
v -6.642175 -0.946322 0.760001
v -6.642175 -0.946322 -0.759999
v -7.208446 -0.946322 0.760002
v -7.208446 -0.946322 -0.759998
v -7.208446 -0.680292 0.760001
v -7.208446 -0.680292 -0.759999
v -6.642175 -0.680292 0.760001
v -6.642175 -0.680292 -0.759999
v -6.642175 -0.264807 0.760001
v -6.642175 -0.264807 -0.759999
v -6.642175 -0.515892 0.760001
v -6.642175 -0.515892 -0.759999
v -7.208446 -0.515892 0.760001
v -7.208446 -0.515892 -0.759999
v -7.208446 -0.264807 0.760001
v -7.208446 -0.264807 -0.759999
v -7.811082 -0.949311 0.760002
v -7.811082 -0.949311 -0.759998
v -8.395537 -0.949311 0.760002
v -8.395537 -0.949311 -0.759998
v -8.395537 -0.680292 0.760002
v -8.395537 -0.680292 -0.759998
v -7.811082 -0.680292 0.760002
v -7.811082 -0.680292 -0.759998
v -7.811082 -0.264807 0.760002
v -7.811082 -0.264807 -0.759998
v -7.811082 -0.515892 0.760002
v -7.811082 -0.515892 -0.759998
v -8.395537 -0.515892 0.760002
v -8.395537 -0.515892 -0.759998
v -8.395537 -0.264807 0.760002
v -8.395537 -0.264807 -0.759998
v -8.592954 -2.416961 0.760002
v -8.592954 -2.416961 -0.759998
v -8.592341 -2.451358 0.760002
v -8.592341 -2.451358 -0.759998
v -8.590440 -2.482901 0.760002
v -8.590440 -2.482901 -0.759998
v -8.587150 -2.511725 0.760002
v -8.587150 -2.511725 -0.759998
v -8.582370 -2.537964 0.760002
v -8.582370 -2.537964 -0.759998
v -8.576003 -2.561754 0.760002
v -8.576003 -2.561754 -0.759998
v -8.567952 -2.583230 0.760002
v -8.567952 -2.583230 -0.759998
v -8.558112 -2.602525 0.760002
v -8.558112 -2.602525 -0.759998
v -8.546390 -2.619777 0.760002
v -8.546390 -2.619777 -0.759998
v -8.532681 -2.635118 0.760002
v -8.532681 -2.635118 -0.759998
v -8.516891 -2.648685 0.760002
v -8.516891 -2.648685 -0.759998
v -8.498918 -2.660613 0.760002
v -8.498918 -2.660613 -0.759998
v -8.478660 -2.671034 0.760002
v -8.478660 -2.671034 -0.759998
v -8.456677 -2.680021 0.760002
v -8.456677 -2.680021 -0.759998
v -8.432252 -2.687627 0.760002
v -8.432252 -2.687627 -0.759998
v -8.405318 -2.693967 0.760002
v -8.405318 -2.693967 -0.759998
v -8.375813 -2.699154 0.760002
v -8.375813 -2.699154 -0.759998
v -8.343677 -2.703304 0.760002
v -8.343677 -2.703304 -0.759998
v -8.308843 -2.706530 0.760002
v -8.308843 -2.706530 -0.759998
v -8.271249 -2.708947 0.760002
v -8.271249 -2.708947 -0.759998
v -8.230830 -2.710668 0.760002
v -8.230830 -2.710668 -0.759998
v -8.187528 -2.711808 0.760002
v -8.187528 -2.711808 -0.759998
v -8.141274 -2.712481 0.760002
v -8.141274 -2.712481 -0.759998
v -8.092010 -2.712801 0.760002
v -8.092010 -2.712801 -0.759998
v -8.039670 -2.712882 0.760002
v -8.039670 -2.712882 -0.759998
v -8.036704 -2.696366 0.760002
v -8.036704 -2.696366 -0.759998
v -8.033044 -2.678397 0.760002
v -8.033044 -2.678397 -0.759998
v -8.028752 -2.659265 0.760002
v -8.028752 -2.659265 -0.759998
v -8.023892 -2.639262 0.760002
v -8.023892 -2.639262 -0.759998
v -8.018527 -2.618677 0.760002
v -8.018527 -2.618677 -0.759998
v -8.012721 -2.597802 0.760002
v -8.012721 -2.597802 -0.759998
v -8.006536 -2.576926 0.760002
v -8.006536 -2.576926 -0.759998
v -8.000033 -2.556342 0.760002
v -8.000033 -2.556342 -0.759998
v -7.993279 -2.536338 0.760002
v -7.993279 -2.536338 -0.759998
v -7.986337 -2.517207 0.760002
v -7.986337 -2.517207 -0.759998
v -7.979266 -2.499237 0.760002
v -7.979266 -2.499237 -0.759998
v -7.972133 -2.482721 0.760002
v -7.972133 -2.482721 -0.759998
v -8.011682 -2.484035 0.760002
v -8.011682 -2.484035 -0.759998
v -8.050841 -2.485018 0.760002
v -8.050841 -2.485018 -0.759998
v -8.089227 -2.485710 0.760002
v -8.089227 -2.485710 -0.759998
v -8.126447 -2.486152 0.760002
v -8.126447 -2.486152 -0.759998
v -8.162118 -2.486388 0.760002
v -8.162118 -2.486388 -0.759998
v -8.195849 -2.486457 0.760002
v -8.195849 -2.486457 -0.759998
v -8.227252 -2.486402 0.760002
v -8.227252 -2.486402 -0.759998
v -8.255942 -2.486263 0.760002
v -8.255942 -2.486263 -0.759998
v -8.281528 -2.486083 0.760002
v -8.281528 -2.486083 -0.759998
v -8.303624 -2.485904 0.760002
v -8.303624 -2.485904 -0.759998
v -8.321841 -2.485765 0.760002
v -8.321841 -2.485765 -0.759998
v -8.335793 -2.485710 0.760002
v -8.335793 -2.485710 -0.759998
v -8.346244 -2.484698 0.760002
v -8.346244 -2.484698 -0.759998
v -8.355552 -2.483095 0.760002
v -8.355552 -2.483095 -0.759998
v -8.363757 -2.480807 0.760002
v -8.363757 -2.480807 -0.759998
v -8.370908 -2.477740 0.760002
v -8.370908 -2.477740 -0.759998
v -8.377049 -2.473801 0.760002
v -8.377049 -2.473801 -0.759998
v -8.382226 -2.468897 0.760002
v -8.382226 -2.468897 -0.759998
v -8.386481 -2.462934 0.760002
v -8.386481 -2.462934 -0.759998
v -8.389861 -2.455819 0.760002
v -8.389861 -2.455819 -0.759998
v -8.392413 -2.447459 0.760002
v -8.392413 -2.447459 -0.759998
v -8.394179 -2.437760 0.760002
v -8.394179 -2.437760 -0.759998
v -8.395205 -2.426629 0.760002
v -8.395205 -2.426629 -0.759998
v -8.395537 -2.413972 0.760002
v -8.395537 -2.413972 -0.759998
v -8.395537 -1.122679 0.760002
v -8.395537 -1.122679 -0.759998
v -7.626657 -1.122679 0.760002
v -7.626657 -1.122679 -0.759998
v -7.626657 -0.091439 0.760002
v -7.626657 -0.091439 -0.759998
v -8.494246 -0.091439 0.760002
v -8.494246 -0.091439 -0.759998
v -8.592954 -0.091439 0.760002
v -8.592954 -0.091439 -0.759998
v -7.390277 -1.116701 0.760002
v -7.390277 -1.116701 -0.759998
v -6.642175 -1.116701 0.760001
v -6.642175 -1.116701 -0.759999
v -6.642175 -2.715871 0.760002
v -6.642175 -2.715871 -0.759998
v -6.447357 -2.715871 0.760002
v -6.447357 -2.715871 -0.759998
v -6.447357 -0.091439 0.760001
v -6.447357 -0.091439 -0.759999
v -7.390277 -0.091439 0.760001
v -7.390277 -0.091439 -0.759999
vn -0.0000 -0.0000 -1.0000
vn -0.0000 -0.0000 1.0000
vn -0.9707 -0.2403 -0.0000
vn -0.9683 -0.2500 -0.0000
vn -0.9657 -0.2596 -0.0000
vn -0.9631 -0.2693 -0.0000
vn -0.9603 -0.2791 -0.0000
vn -0.9574 -0.2889 -0.0000
vn -0.9543 -0.2988 -0.0000
vn -0.9511 -0.3089 -0.0000
vn -0.9477 -0.3191 -0.0000
vn -0.9441 -0.3295 -0.0000
vn -0.9404 -0.3402 -0.0000
vn -0.8667 0.4988 -0.0000
vn 0.7548 0.6559 -0.0000
vn -0.7548 0.6559 -0.0000
vn -0.7548 -0.6559 -0.0000
vn 0.7548 -0.6559 -0.0000
vn -0.5740 -0.8188 -0.0000
vn -0.9099 -0.4149 -0.0000
vn -0.9045 -0.4265 -0.0000
vn -0.8986 -0.4389 -0.0000
vn -0.8920 -0.4520 -0.0000
vn -0.8848 -0.4659 -0.0000
vn -0.8769 -0.4807 -0.0000
vn -0.8680 -0.4965 -0.0000
vn -0.8582 -0.5133 -0.0000
vn -0.8473 -0.5311 -0.0000
vn -0.8351 -0.5501 -0.0000
vn -0.8214 -0.5704 -0.0000
vn -0.1080 -0.9942 -0.0000
vn 0.6816 -0.7317 -0.0000
vn 0.6621 -0.7494 -0.0000
vn 0.6465 -0.7629 -0.0000
vn 0.6334 -0.7738 -0.0000
vn 0.6217 -0.7833 -0.0000
vn 0.6106 -0.7919 -0.0000
vn 0.5997 -0.8002 -0.0000
vn 0.5882 -0.8087 -0.0000
vn 0.5755 -0.8178 -0.0000
vn 0.5606 -0.8281 -0.0000
vn 0.5419 -0.8404 -0.0000
vn 0.9878 -0.1554 -0.0000
vn 0.8155 0.5788 -0.0000
vn 0.8445 0.5355 -0.0000
vn 0.8685 0.4956 -0.0000
vn 0.8886 0.4587 -0.0000
vn 0.9055 0.4244 -0.0000
vn 0.9199 0.3922 -0.0000
vn 0.9323 0.3618 -0.0000
vn 0.9430 0.3328 -0.0000
vn 0.9524 0.3050 -0.0000
vn 0.9606 0.2779 -0.0000
vn 0.9679 0.2514 -0.0000
vn 0.5659 0.8245 -0.0000
vn -0.8871 0.4615 -0.0000
vn -0.8226 -0.5686 -0.0000
vn -0.8109 -0.5852 -0.0000
vn -0.7991 -0.6011 -0.0000
vn -0.7873 -0.6165 -0.0000
vn -0.7755 -0.6314 -0.0000
vn -0.7636 -0.6457 -0.0000
vn -0.7517 -0.6595 -0.0000
vn -0.7399 -0.6727 -0.0000
vn -0.7281 -0.6855 -0.0000
vn -0.7163 -0.6978 -0.0000
vn -0.7046 -0.7096 -0.0000
vn -0.9527 0.3040 -0.0000
vn -0.3431 -0.9393 -0.0000
vn -0.6277 -0.7784 -0.0000
vn -0.6220 -0.7830 -0.0000
vn -0.6163 -0.7875 -0.0000
vn -0.6107 -0.7919 -0.0000
vn -0.6051 -0.7961 -0.0000
vn -0.5997 -0.8003 -0.0000
vn -0.5943 -0.8043 -0.0000
vn -0.5889 -0.8082 -0.0000
vn -0.5836 -0.8120 -0.0000
vn -0.5784 -0.8157 -0.0000
vn -0.5733 -0.8194 -0.0000
vn -0.9719 0.2353 -0.0000
vn 0.5819 -0.8133 -0.0000
vn -0.4886 -0.8725 -0.0000
vn -0.4788 -0.8779 -0.0000
vn -0.4695 -0.8829 -0.0000
vn -0.4607 -0.8876 -0.0000
vn -0.4523 -0.8919 -0.0000
vn -0.4443 -0.8959 -0.0000
vn -0.4369 -0.8995 -0.0000
vn -0.4299 -0.9029 -0.0000
vn -0.4234 -0.9059 -0.0000
vn -0.4174 -0.9087 -0.0000
vn -0.4120 -0.9112 -0.0000
vn 0.3501 -0.9367 -0.0000
vn 0.8687 -0.4953 -0.0000
vn 0.8605 -0.5094 -0.0000
vn 0.8537 -0.5208 -0.0000
vn 0.8476 -0.5307 -0.0000
vn 0.8418 -0.5398 -0.0000
vn 0.8360 -0.5488 -0.0000
vn 0.8298 -0.5581 -0.0000
vn 0.8229 -0.5682 -0.0000
vn 0.8149 -0.5797 -0.0000
vn 0.8050 -0.5933 -0.0000
vn 0.7921 -0.6104 -0.0000
vn 0.9769 0.2138 -0.0000
vn 0.3864 0.9223 -0.0000
vn 0.4059 0.9139 -0.0000
vn 0.4254 0.9050 -0.0000
vn 0.4447 0.8957 -0.0000
vn 0.4639 0.8859 -0.0000
vn 0.4830 0.8756 -0.0000
vn 0.5020 0.8649 -0.0000
vn 0.5210 0.8536 -0.0000
vn 0.5399 0.8417 -0.0000
vn 0.5588 0.8293 -0.0000
vn 0.5777 0.8163 -0.0000
vn 0.9699 -0.2434 -0.0000
vn -0.4269 0.9043 -0.0000
vn 0.7636 0.6457 -0.0000
vn 0.7719 0.6357 -0.0000
vn 0.7798 0.6260 -0.0000
vn 0.7873 0.6166 -0.0000
vn 0.7944 0.6074 -0.0000
vn 0.8011 0.5985 -0.0000
vn 0.8075 0.5899 -0.0000
vn 0.8135 0.5816 -0.0000
vn 0.8191 0.5737 -0.0000
vn 0.8244 0.5660 -0.0000
vn 0.8294 0.5586 -0.0000
vn 0.2358 0.9718 -0.0000
vn -0.9841 0.1774 -0.0000
vn 0.6511 0.7590 -0.0000
vn 0.6603 0.7510 -0.0000
vn 0.6694 0.7429 -0.0000
vn 0.6785 0.7346 -0.0000
vn 0.6874 0.7262 -0.0000
vn 0.6963 0.7177 -0.0000
vn 0.7052 0.7090 -0.0000
vn 0.7139 0.7003 -0.0000
vn 0.7225 0.6914 -0.0000
vn 0.7310 0.6823 -0.0000
vn 0.7395 0.6732 -0.0000
vn 0.9435 -0.3315 -0.0000
vn 0.3535 0.9354 -0.0000
vn 0.5596 0.8288 -0.0000
vn 0.5485 0.8362 -0.0000
vn 0.5391 0.8422 -0.0000
vn 0.5313 0.8472 -0.0000
vn 0.5250 0.8511 -0.0000
vn 0.5201 0.8541 -0.0000
vn 0.5166 0.8562 -0.0000
vn 0.5148 0.8573 -0.0000
vn 0.5149 0.8573 -0.0000
vn 0.5172 0.8559 -0.0000
vn 0.5227 0.8525 -0.0000
vn 0.5437 0.8393 -0.0000
vn 0.5627 0.8267 -0.0000
vn 0.5673 0.8235 -0.0000
vn 0.5734 0.8193 -0.0000
vn 0.5810 0.8139 -0.0000
vn 0.5900 0.8074 -0.0000
vn 0.6005 0.7996 -0.0000
vn 0.6122 0.7907 -0.0000
vn 0.6250 0.7806 -0.0000
vn 0.6386 0.7695 -0.0000
vn 0.6528 0.7575 -0.0000
vn 0.6672 0.7448 -0.0000
vn -0.1966 0.9805 -0.0000
vn -0.9786 -0.2058 -0.0000
vn -0.5640 -0.8258 -0.0000
vn -0.5550 -0.8318 -0.0000
vn -0.5468 -0.8372 -0.0000
vn -0.5395 -0.8420 -0.0000
vn -0.5330 -0.8461 -0.0000
vn -0.5274 -0.8496 -0.0000
vn -0.5227 -0.8525 -0.0000
vn -0.5188 -0.8549 -0.0000
vn -0.5158 -0.8567 -0.0000
vn -0.5136 -0.8580 -0.0000
vn -0.5122 -0.8589 -0.0000
vn -0.5089 -0.8608 -0.0000
vn -0.5040 -0.8637 -0.0000
vn -0.5018 -0.8650 -0.0000
vn -0.5025 -0.8646 -0.0000
vn -0.5055 -0.8628 -0.0000
vn -0.5105 -0.8599 -0.0000
vn -0.5173 -0.8558 -0.0000
vn -0.5261 -0.8504 -0.0000
vn -0.5368 -0.8437 -0.0000
vn -0.5499 -0.8352 -0.0000
vn -0.5656 -0.8247 -0.0000
vn -0.5846 -0.8113 -0.0000
vn -0.6037 -0.7972 -0.0000
vn -0.6300 -0.7766 -0.0000
vn -0.6663 -0.7457 -0.0000
vn -0.7053 -0.7089 -0.0000
vn -0.7467 -0.6652 -0.0000
vn -0.7898 -0.6134 -0.0000
vn -0.8335 -0.5525 -0.0000
vn -0.8764 -0.4816 -0.0000
vn -0.9163 -0.4006 -0.0000
vn -0.9508 -0.3098 -0.0000
vn -0.9775 -0.2110 -0.0000
vn -0.9943 -0.1066 -0.0000
vn -1.0000 0.0088 -0.0000
vn -0.9891 0.1473 -0.0000
vn -0.9529 0.3032 -0.0000
vn -0.8880 0.4599 -0.0000
vn -0.7961 0.6051 -0.0000
vn -0.6849 0.7286 -0.0000
vn -0.5650 0.8251 -0.0000
vn -0.4462 0.8949 -0.0000
vn -0.3351 0.9422 -0.0000
vn -0.2349 0.9720 -0.0000
vn -0.1463 0.9892 -0.0000
vn -0.0687 0.9976 -0.0000
vn -0.0103 0.9999 -0.0000
vn 0.0230 0.9997 -0.0000
vn 0.0443 0.9990 -0.0000
vn 0.0642 0.9979 -0.0000
vn 0.0833 0.9965 -0.0000
vn 0.1021 0.9948 -0.0000
vn 0.1211 0.9926 -0.0000
vn 0.1410 0.9900 -0.0000
vn 0.1624 0.9867 -0.0000
vn 0.1860 0.9826 -0.0000
vn 0.2130 0.9770 -0.0000
vn 0.2451 0.9695 -0.0000
vn -0.6732 0.7395 -0.0000
vn -0.8042 -0.5943 -0.0000
vn -0.1757 -0.9844 -0.0000
vn -0.1593 -0.9872 -0.0000
vn -0.1436 -0.9896 -0.0000
vn -0.1283 -0.9917 -0.0000
vn -0.1133 -0.9936 -0.0000
vn -0.0982 -0.9952 -0.0000
vn -0.0830 -0.9965 -0.0000
vn -0.0675 -0.9977 -0.0000
vn -0.0515 -0.9987 -0.0000
vn -0.0350 -0.9994 -0.0000
vn -0.0178 -0.9998 -0.0000
vn 0.0104 -0.9999 -0.0000
vn 0.0632 -0.9980 -0.0000
vn 0.1355 -0.9908 -0.0000
vn 0.2199 -0.9755 -0.0000
vn 0.3178 -0.9482 -0.0000
vn 0.4292 -0.9032 -0.0000
vn 0.5511 -0.8345 -0.0000
vn 0.6762 -0.7367 -0.0000
vn 0.7930 -0.6093 -0.0000
vn 0.8885 -0.4589 -0.0000
vn 0.9543 -0.2987 -0.0000
vn 0.9897 -0.1430 -0.0000
vn 0.9999 -0.0106 -0.0000
vn 0.9956 0.0942 -0.0000
vn 0.9820 0.1888 -0.0000
vn 0.9597 0.2812 -0.0000
vn 0.9296 0.3685 -0.0000
vn 0.8937 0.4487 -0.0000
vn 0.8540 0.5202 -0.0000
vn 0.8126 0.5828 -0.0000
vn 0.7713 0.6364 -0.0000
vn 0.7315 0.6819 -0.0000
vn 0.6940 0.7199 -0.0000
vn 0.6596 0.7516 -0.0000
vn 0.9818 0.1901 -0.0000
vn 0.9058 -0.4237 -0.0000
vn 0.9116 -0.4111 -0.0000
vn 0.9164 -0.4002 -0.0000
vn 0.9204 -0.3909 -0.0000
vn 0.9239 -0.3827 -0.0000
vn 0.9269 -0.3754 -0.0000
vn 0.9295 -0.3689 -0.0000
vn 0.9318 -0.3631 -0.0000
vn 0.9338 -0.3578 -0.0000
vn 0.9356 -0.3530 -0.0000
vn 0.9373 -0.3485 -0.0000
vn 0.9427 0.3336 -0.0000
vn -0.4470 0.8946 -0.0000
vn -0.9497 0.3132 -0.0000
vn -0.9459 0.3246 -0.0000
vn -0.9420 0.3356 -0.0000
vn -0.9381 0.3463 -0.0000
vn -0.9342 0.3568 -0.0000
vn -0.9301 0.3672 -0.0000
vn -0.9259 0.3777 -0.0000
vn -0.9215 0.3883 -0.0000
vn -0.9168 0.3992 -0.0000
vn -0.9118 0.4107 -0.0000
vn -0.9062 0.4228 -0.0000
vn -0.2998 0.9540 -0.0000
vn 0.4240 0.9057 -0.0000
vn 0.5642 0.8256 -0.0000
vn 0.6639 0.7478 -0.0000
vn 0.7341 0.6790 -0.0000
vn 0.7840 0.6207 -0.0000
vn 0.8202 0.5721 -0.0000
vn 0.8469 0.5317 -0.0000
vn 0.8671 0.4982 -0.0000
vn 0.8825 0.4703 -0.0000
vn 0.8946 0.4469 -0.0000
vn 0.9040 0.4275 -0.0000
vn 0.9082 0.4185 -0.0000
vn 0.9131 0.4077 -0.0000
vn 0.9212 0.3891 -0.0000
vn 0.9272 0.3745 -0.0000
vn 0.9324 0.3613 -0.0000
vn 0.9373 0.3484 -0.0000
vn 0.9422 0.3350 -0.0000
vn 0.9472 0.3207 -0.0000
vn 0.9524 0.3049 -0.0000
vn 0.9579 0.2872 -0.0000
vn 0.9637 0.2670 -0.0000
vn 0.9699 0.2434 -0.0000
vn 0.5155 0.8569 -0.0000
vn -0.9252 0.3795 -0.0000
vn -0.9514 -0.3080 -0.0000
vn -0.9465 -0.3226 -0.0000
vn -0.9416 -0.3368 -0.0000
vn -0.9365 -0.3505 -0.0000
vn -0.9314 -0.3641 -0.0000
vn -0.9260 -0.3776 -0.0000
vn -0.9203 -0.3911 -0.0000
vn -0.9144 -0.4049 -0.0000
vn -0.9079 -0.4191 -0.0000
vn -0.9010 -0.4338 -0.0000
vn -0.8933 -0.4494 -0.0000
vn -0.8771 0.4802 -0.0000
vn 0.6504 0.7596 -0.0000
vn 0.9452 0.3265 -0.0000
vn 0.9460 0.3242 -0.0000
vn 0.9469 0.3216 -0.0000
vn 0.9479 0.3186 -0.0000
vn 0.9490 0.3152 -0.0000
vn 0.9503 0.3113 -0.0000
vn 0.9517 0.3070 -0.0000
vn 0.9532 0.3022 -0.0000
vn 0.9549 0.2970 -0.0000
vn 0.9566 0.2912 -0.0000
vn 0.9585 0.2850 -0.0000
vn 0.4703 0.8825 -0.0000
vn -0.9393 0.3431 -0.0000
vn -0.9368 -0.3499 -0.0000
vn -0.9314 -0.3640 -0.0000
vn -0.9258 -0.3779 -0.0000
vn -0.9201 -0.3917 -0.0000
vn -0.9141 -0.4056 -0.0000
vn -0.9077 -0.4196 -0.0000
vn -0.9009 -0.4340 -0.0000
vn -0.8936 -0.4489 -0.0000
vn -0.8856 -0.4644 -0.0000
vn -0.8672 -0.4980 -0.0000
vn -0.8766 0.4812 -0.0000
vn 0.8775 0.4795 -0.0000
vn 0.9650 -0.2622 -0.0000
vn 0.9623 -0.2722 -0.0000
vn 0.9593 -0.2823 -0.0000
vn 0.9562 -0.2926 -0.0000
vn 0.9529 -0.3032 -0.0000
vn 0.9494 -0.3141 -0.0000
vn 0.9456 -0.3253 -0.0000
vn 0.9415 -0.3370 -0.0000
vn 0.9371 -0.3491 -0.0000
vn 0.9323 -0.3618 -0.0000
vn 0.9270 -0.3750 -0.0000
vn 0.9497 0.3131 -0.0000
vn -0.4004 0.9163 -0.0000
vn -0.9291 0.3698 -0.0000
vn -0.9376 0.3477 -0.0000
vn -0.9449 0.3274 -0.0000
vn -0.9513 0.3081 -0.0000
vn -0.9572 0.2895 -0.0000
vn -0.9626 0.2710 -0.0000
vn -0.9677 0.2520 -0.0000
vn -0.9727 0.2321 -0.0000
vn -0.9776 0.2104 -0.0000
vn -0.9825 0.1862 -0.0000
vn -0.9874 0.1580 -0.0000
vn -0.8998 -0.4363 -0.0000
vn 0.5612 -0.8277 -0.0000
vn 0.9941 -0.1080 -0.0000
vn 0.9928 -0.1195 -0.0000
vn 0.9915 -0.1304 -0.0000
vn 0.9900 -0.1410 -0.0000
vn 0.9885 -0.1513 -0.0000
vn 0.9869 -0.1614 -0.0000
vn 0.9852 -0.1714 -0.0000
vn 0.9834 -0.1813 -0.0000
vn 0.9816 -0.1912 -0.0000
vn 0.9796 -0.2011 -0.0000
vn 0.9775 -0.2110 -0.0000
vn 0.5974 -0.8020 -0.0000
vn -0.1990 -0.9800 -0.0000
vn -0.2046 -0.9789 -0.0000
vn -0.2120 -0.9773 -0.0000
vn -0.2221 -0.9750 -0.0000
vn -0.2358 -0.9718 -0.0000
vn -0.2549 -0.9670 -0.0000
vn -0.2813 -0.9596 -0.0000
vn -0.3180 -0.9481 -0.0000
vn -0.3678 -0.9299 -0.0000
vn -0.4311 -0.9023 -0.0000
vn -0.5015 -0.8651 -0.0000
vn 0.4481 -0.8940 -0.0000
vn 0.9748 -0.2232 -0.0000
vn 0.9701 -0.2425 -0.0000
vn 0.9665 -0.2568 -0.0000
vn 0.9634 -0.2682 -0.0000
vn 0.9606 -0.2780 -0.0000
vn 0.9579 -0.2870 -0.0000
vn 0.9553 -0.2957 -0.0000
vn 0.9525 -0.3046 -0.0000
vn 0.9493 -0.3142 -0.0000
vn 0.9409 -0.3388 -0.0000
vn 0.9327 0.3608 -0.0000
vn 0.4545 0.8907 -0.0000
vn 0.5931 0.8051 -0.0000
vn 0.6854 0.7281 -0.0000
vn 0.7468 0.6650 -0.0000
vn 0.7882 0.6154 -0.0000
vn 0.8166 0.5772 -0.0000
vn 0.8363 0.5483 -0.0000
vn 0.8500 0.5268 -0.0000
vn 0.8594 0.5114 -0.0000
vn 0.8655 0.5009 -0.0000
vn 0.8692 0.4945 -0.0000
vn 0.8712 0.4909 -0.0000
vn 0.8767 0.4810 -0.0000
vn 0.8849 0.4658 -0.0000
vn 0.8910 0.4539 -0.0000
vn 0.8961 0.4438 -0.0000
vn 0.9006 0.4347 -0.0000
vn 0.9047 0.4261 -0.0000
vn 0.9086 0.4177 -0.0000
vn 0.9124 0.4093 -0.0000
vn 0.9162 0.4008 -0.0000
vn 0.9200 0.3919 -0.0000
vn 0.9239 0.3826 -0.0000
vn 0.8485 -0.5291 -0.0000
vn -0.1329 -0.9911 -0.0000
vn -0.1406 -0.9901 -0.0000
vn -0.1503 -0.9886 -0.0000
vn -0.1630 -0.9866 -0.0000
vn -0.1795 -0.9838 -0.0000
vn -0.2010 -0.9796 -0.0000
vn -0.2291 -0.9734 -0.0000
vn -0.2652 -0.9642 -0.0000
vn -0.3102 -0.9507 -0.0000
vn -0.3627 -0.9319 -0.0000
vn -0.4178 -0.9086 -0.0000
vn 0.4959 -0.8684 -0.0000
vn 0.9756 -0.2197 -0.0000
vn 0.9715 -0.2369 -0.0000
vn 0.9682 -0.2504 -0.0000
vn 0.9651 -0.2620 -0.0000
vn 0.9620 -0.2730 -0.0000
vn 0.9588 -0.2840 -0.0000
vn 0.9511 -0.3088 -0.0000
vn 0.9460 -0.3241 -0.0000
vn 0.9394 -0.3430 -0.0000
vn 0.9301 -0.3673 -0.0000
vn 0.9349 0.3550 -0.0000
vn 0.4152 0.9097 -0.0000
vn 0.5516 0.8341 -0.0000
vn 0.6510 0.7591 -0.0000
vn 0.7226 0.6913 -0.0000
vn 0.7743 0.6328 -0.0000
vn 0.8123 0.5832 -0.0000
vn 0.8408 0.5414 -0.0000
vn 0.8625 0.5061 -0.0000
vn 0.8793 0.4763 -0.0000
vn 0.8925 0.4510 -0.0000
vn 0.9030 0.4296 -0.0000
vn 0.9053 0.4248 -0.0000
vn 0.9085 0.4180 -0.0000
vn 0.9176 0.3976 -0.0000
vn 0.9242 0.3819 -0.0000
vn 0.9299 0.3678 -0.0000
vn 0.9352 0.3541 -0.0000
vn 0.9404 0.3400 -0.0000
vn 0.9457 0.3249 -0.0000
vn 0.9513 0.3083 -0.0000
vn 0.9571 0.2896 -0.0000
vn 0.9634 0.2682 -0.0000
vn 0.9700 0.2432 -0.0000
vn 0.5249 0.8512 -0.0000
vn -0.9230 0.3848 -0.0000
vn -0.9497 -0.3131 -0.0000
vn -0.9450 -0.3270 -0.0000
vn -0.9402 -0.3406 -0.0000
vn -0.9352 -0.3541 -0.0000
vn -0.9300 -0.3676 -0.0000
vn -0.9245 -0.3812 -0.0000
vn -0.9186 -0.3952 -0.0000
vn -0.9122 -0.4097 -0.0000
vn -0.9053 -0.4249 -0.0000
vn -0.8976 -0.4409 -0.0000
vn -0.8890 -0.4580 -0.0000
vn -0.8801 0.4748 -0.0000
vn 0.6397 0.7686 -0.0000
vn 0.9373 0.3485 -0.0000
vn 0.9377 0.3475 -0.0000
vn 0.9383 0.3457 -0.0000
vn 0.9393 0.3432 -0.0000
vn 0.9419 0.3360 -0.0000
vn 0.9435 0.3313 -0.0000
vn 0.9454 0.3259 -0.0000
vn 0.9475 0.3197 -0.0000
vn 0.9499 0.3127 -0.0000
vn 0.4651 0.8853 -0.0000
vn -0.9417 0.3364 -0.0000
vn -0.9280 -0.3725 -0.0000
vn -0.9226 -0.3859 -0.0000
vn -0.9169 -0.3992 -0.0000
vn -0.9109 -0.4127 -0.0000
vn -0.9045 -0.4264 -0.0000
vn -0.8978 -0.4404 -0.0000
vn -0.8905 -0.4550 -0.0000
vn -0.8826 -0.4701 -0.0000
vn -0.8739 -0.4861 -0.0000
vn -0.8642 -0.5031 -0.0000
vn -0.8534 -0.5213 -0.0000
vn -0.8834 0.4686 -0.0000
vn 0.8805 0.4740 -0.0000
vn 0.9616 -0.2743 -0.0000
vn 0.9591 -0.2831 -0.0000
vn 0.9563 -0.2923 -0.0000
vn 0.9534 -0.3018 -0.0000
vn 0.9502 -0.3117 -0.0000
vn 0.9467 -0.3220 -0.0000
vn 0.9429 -0.3329 -0.0000
vn 0.9388 -0.3445 -0.0000
vn 0.9342 -0.3567 -0.0000
vn 0.9291 -0.3698 -0.0000
vn 0.9235 -0.3837 -0.0000
vn 0.9528 0.3034 -0.0000
vn -0.3862 0.9224 -0.0000
vn -0.9238 0.3830 -0.0000
vn -0.9328 0.3605 -0.0000
vn -0.9404 0.3400 -0.0000
vn -0.9471 0.3208 -0.0000
vn -0.9532 0.3024 -0.0000
vn -0.9587 0.2844 -0.0000
vn -0.9639 0.2663 -0.0000
vn -0.9689 0.2475 -0.0000
vn -0.9738 0.2274 -0.0000
vn -0.9787 0.2051 -0.0000
vn -0.9837 0.1796 -0.0000
vn -0.9108 -0.4128 -0.0000
vn 0.5313 -0.8472 -0.0000
vn 0.9903 -0.1390 -0.0000
vn 0.9889 -0.1485 -0.0000
vn 0.9875 -0.1578 -0.0000
vn 0.9859 -0.1671 -0.0000
vn 0.9843 -0.1764 -0.0000
vn 0.9826 -0.1857 -0.0000
vn 0.9808 -0.1951 -0.0000
vn 0.9788 -0.2047 -0.0000
vn 0.9767 -0.2145 -0.0000
vn 0.9745 -0.2246 -0.0000
vn 0.9720 -0.2350 -0.0000
vn 0.5871 -0.8095 -0.0000
vn -0.1935 -0.9811 -0.0000
vn -0.1966 -0.9805 -0.0000
vn -0.2012 -0.9796 -0.0000
vn -0.2081 -0.9781 -0.0000
vn -0.2184 -0.9759 -0.0000
vn -0.2337 -0.9723 -0.0000
vn -0.2566 -0.9665 -0.0000
vn -0.2908 -0.9568 -0.0000
vn -0.3404 -0.9403 -0.0000
vn -0.4080 -0.9130 -0.0000
vn -0.4883 -0.8727 -0.0000
vn 0.4257 -0.9049 -0.0000
vn 0.9662 -0.2580 -0.0000
vn 0.9657 -0.2595 -0.0000
vn 0.9648 -0.2628 -0.0000
vn 0.9636 -0.2675 -0.0000
vn 0.9618 -0.2737 -0.0000
vn 0.9596 -0.2814 -0.0000
vn 0.9567 -0.2911 -0.0000
vn 0.9479 -0.3185 -0.0000
vn 0.9411 -0.3383 -0.0000
vn 0.9312 -0.3645 -0.0000
vn 0.9354 0.3535 -0.0000
vn 0.4255 0.9050 -0.0000
vn 0.5581 0.8297 -0.0000
vn 0.6513 0.7588 -0.0000
vn 0.7165 0.6976 -0.0000
vn 0.7629 0.6465 -0.0000
vn 0.7965 0.6047 -0.0000
vn 0.8213 0.5706 -0.0000
vn 0.8399 0.5428 -0.0000
vn 0.8649 0.5020 -0.0000
vn 0.8732 0.4873 -0.0000
vn 0.8700 0.4930 -0.0000
vn 0.8680 0.4965 -0.0000
vn 0.8765 0.4815 -0.0000
vn 0.8826 0.4701 -0.0000
vn 0.8876 0.4605 -0.0000
vn 0.8920 0.4520 -0.0000
vn 0.8960 0.4440 -0.0000
vn 0.8998 0.4362 -0.0000
vn 0.9036 0.4285 -0.0000
vn 0.9073 0.4205 -0.0000
vn 0.9111 0.4122 -0.0000
vn 0.9150 0.4035 -0.0000
vn 0.8506 -0.5258 -0.0000
vn -0.1518 -0.9884 -0.0000
vn -0.1583 -0.9874 -0.0000
vn -0.1669 -0.9860 -0.0000
vn -0.1781 -0.9840 -0.0000
vn -0.1929 -0.9812 -0.0000
vn -0.2125 -0.9772 -0.0000
vn -0.2383 -0.9712 -0.0000
vn -0.2720 -0.9623 -0.0000
vn -0.3145 -0.9493 -0.0000
vn -0.3648 -0.9311 -0.0000
vn -0.4184 -0.9083 -0.0000
vn 0.4964 -0.8681 -0.0000
vn 0.9760 -0.2178 -0.0000
vn 0.9723 -0.2336 -0.0000
vn 0.9693 -0.2461 -0.0000
vn 0.9664 -0.2571 -0.0000
vn 0.9635 -0.2676 -0.0000
vn 0.9605 -0.2784 -0.0000
vn 0.9570 -0.2901 -0.0000
vn 0.9529 -0.3034 -0.0000
vn 0.9477 -0.3192 -0.0000
vn 0.9408 -0.3389 -0.0000
vn 0.9311 -0.3648 -0.0000
vn 0.9338 0.3579 -0.0000
vn 0.5211 0.8535 -0.0000
vn 0.6424 0.7664 -0.0000
vn 0.7276 0.6860 -0.0000
vn 0.7871 0.6168 -0.0000
vn 0.8292 0.5590 -0.0000
vn 0.8594 0.5113 -0.0000
vn 0.8816 0.4721 -0.0000
vn 0.8981 0.4398 -0.0000
vn 0.9106 0.4132 -0.0000
vn 0.9203 0.3913 -0.0000
vn 0.9277 0.3732 -0.0000
vn 0.9276 0.3737 -0.0000
vn 0.9286 0.3711 -0.0000
vn 0.9360 0.3519 -0.0000
vn 0.9415 0.3371 -0.0000
vn 0.9461 0.3240 -0.0000
vn 0.9502 0.3115 -0.0000
vn 0.9542 0.2991 -0.0000
vn 0.9582 0.2861 -0.0000
vn 0.9622 0.2724 -0.0000
vn 0.9663 0.2575 -0.0000
vn 0.9705 0.2410 -0.0000
vn 0.9749 0.2226 -0.0000
vn 0.8277 -0.5612 -0.0000
vn -0.6519 -0.7583 -0.0000
vn -0.9672 -0.2541 -0.0000
vn -0.9644 -0.2646 -0.0000
vn -0.9614 -0.2751 -0.0000
vn -0.9583 -0.2857 -0.0000
vn -0.9550 -0.2966 -0.0000
vn -0.9514 -0.3078 -0.0000
vn -0.9476 -0.3195 -0.0000
vn -0.9434 -0.3318 -0.0000
vn -0.9387 -0.3448 -0.0000
vn -0.9334 -0.3587 -0.0000
vn -0.9275 -0.3737 -0.0000
vn -0.8349 0.5504 -0.0000
vn 0.8976 0.4408 -0.0000
vn 0.9464 -0.3230 -0.0000
vn 0.9447 -0.3278 -0.0000
vn 0.9429 -0.3330 -0.0000
vn 0.9410 -0.3384 -0.0000
vn 0.9389 -0.3441 -0.0000
vn 0.9366 -0.3503 -0.0000
vn 0.9342 -0.3568 -0.0000
vn 0.9314 -0.3639 -0.0000
vn 0.9284 -0.3715 -0.0000
vn 0.9251 -0.3798 -0.0000
vn 0.9213 -0.3888 -0.0000
vn 0.9416 0.3369 -0.0000
vn -0.4230 0.9061 -0.0000
vn -0.9192 0.3939 -0.0000
vn -0.9257 0.3783 -0.0000
vn -0.9315 0.3638 -0.0000
vn -0.9367 0.3501 -0.0000
vn -0.9416 0.3367 -0.0000
vn -0.9463 0.3234 -0.0000
vn -0.9508 0.3098 -0.0000
vn -0.9554 0.2954 -0.0000
vn -0.9601 0.2797 -0.0000
vn -0.9650 0.2622 -0.0000
vn -0.9703 0.2418 -0.0000
vn -0.9105 -0.4136 -0.0000
vn 0.5284 -0.8490 -0.0000
vn 0.9776 -0.2103 -0.0000
vn 0.9761 -0.2173 -0.0000
vn 0.9747 -0.2234 -0.0000
vn 0.9735 -0.2288 -0.0000
vn 0.9724 -0.2334 -0.0000
vn 0.9714 -0.2373 -0.0000
vn 0.9706 -0.2407 -0.0000
vn 0.9694 -0.2456 -0.0000
vn 0.9689 -0.2473 -0.0000
vn 0.9686 -0.2486 -0.0000
vn 0.5697 -0.8219 -0.0000
vn -0.2268 -0.9739 -0.0000
vn -0.2293 -0.9733 -0.0000
vn -0.2333 -0.9724 -0.0000
vn -0.2395 -0.9709 -0.0000
vn -0.2489 -0.9685 -0.0000
vn -0.2632 -0.9647 -0.0000
vn -0.2850 -0.9585 -0.0000
vn -0.3178 -0.9482 -0.0000
vn -0.3657 -0.9307 -0.0000
vn -0.4312 -0.9023 -0.0000
vn -0.5094 -0.8605 -0.0000
vn 0.4521 -0.8920 -0.0000
vn 0.9782 -0.2075 -0.0000
vn 0.9725 -0.2331 -0.0000
vn 0.9679 -0.2515 -0.0000
vn 0.9640 -0.2658 -0.0000
vn 0.9607 -0.2777 -0.0000
vn 0.9576 -0.2882 -0.0000
vn 0.9545 -0.2981 -0.0000
vn 0.9514 -0.3078 -0.0000
vn 0.9481 -0.3180 -0.0000
vn 0.9442 -0.3295 -0.0000
vn 0.9392 -0.3433 -0.0000
vn 0.9456 0.3253 -0.0000
vn 0.3884 0.9215 -0.0000
vn 0.5223 0.8527 -0.0000
vn 0.6248 0.7808 -0.0000
vn 0.7012 0.7129 -0.0000
vn 0.7578 0.6524 -0.0000
vn 0.7999 0.6001 -0.0000
vn 0.8315 0.5556 -0.0000
vn 0.8554 0.5179 -0.0000
vn 0.8739 0.4861 -0.0000
vn 0.8882 0.4594 -0.0000
vn 0.8994 0.4371 -0.0000
vn 0.9099 0.4147 -0.0000
vn 0.9197 0.3927 -0.0000
vn 0.9271 0.3748 -0.0000
vn 0.9333 0.3592 -0.0000
vn 0.9389 0.3441 -0.0000
vn 0.9445 0.3286 -0.0000
vn 0.9501 0.3120 -0.0000
vn 0.9559 0.2938 -0.0000
vn 0.9619 0.2736 -0.0000
vn 0.9681 0.2506 -0.0000
vn 0.9745 0.2242 -0.0000
vn 0.9811 0.1935 -0.0000
vn 0.5524 0.8336 -0.0000
vn -0.9100 0.4147 -0.0000
vn -0.9669 -0.2550 -0.0000
vn -0.9617 -0.2742 -0.0000
vn -0.9564 -0.2920 -0.0000
vn -0.9512 -0.3087 -0.0000
vn -0.9459 -0.3245 -0.0000
vn -0.9406 -0.3395 -0.0000
vn -0.9353 -0.3539 -0.0000
vn -0.9299 -0.3677 -0.0000
vn -0.9245 -0.3813 -0.0000
vn -0.9188 -0.3947 -0.0000
vn -0.9130 -0.4080 -0.0000
vn -0.8501 0.5266 -0.0000
vn 0.8957 0.4446 -0.0000
vn 0.9435 -0.3314 -0.0000
vn 0.9423 -0.3347 -0.0000
vn 0.9411 -0.3381 -0.0000
vn 0.9398 -0.3418 -0.0000
vn 0.9383 -0.3458 -0.0000
vn 0.9367 -0.3501 -0.0000
vn 0.9350 -0.3547 -0.0000
vn 0.9331 -0.3596 -0.0000
vn 0.9310 -0.3650 -0.0000
vn 0.9287 -0.3708 -0.0000
vn 0.9262 -0.3771 -0.0000
vn 0.9375 0.3479 -0.0000
vn -0.4309 0.9024 -0.0000
vn -0.9208 0.3900 -0.0000
vn -0.9268 0.3757 -0.0000
vn -0.9322 0.3618 -0.0000
vn -0.9374 0.3482 -0.0000
vn -0.9425 0.3342 -0.0000
vn -0.9476 0.3194 -0.0000
vn -0.9529 0.3034 -0.0000
vn -0.9584 0.2855 -0.0000
vn -0.9643 0.2648 -0.0000
vn -0.9708 0.2400 -0.0000
vn -0.9779 0.2092 -0.0000
vn -0.9126 -0.4089 -0.0000
vn -0.9987 -0.0516 -0.0000
vn -0.5275 0.8496 -0.0000
vn -0.4918 0.8707 -0.0000
vn -0.4612 0.8873 -0.0000
vn -0.4345 0.9007 -0.0000
vn -0.4108 0.9117 -0.0000
vn -0.3895 0.9210 -0.0000
vn -0.3697 0.9291 -0.0000
vn -0.3511 0.9363 -0.0000
vn -0.3331 0.9429 -0.0000
vn -0.3151 0.9491 -0.0000
vn -0.2965 0.9550 -0.0000
vn -0.8574 0.5146 -0.0000
vn -0.9937 -0.1124 -0.0000
vn -0.9873 -0.1587 -0.0000
vn -0.9746 -0.2238 -0.0000
vn -0.9498 -0.3129 -0.0000
vn -0.9032 -0.4292 -0.0000
vn -0.8223 -0.5691 -0.0000
vn -0.6979 -0.7162 -0.0000
vn -0.3651 -0.9310 -0.0000
vn -0.2116 -0.9773 -0.0000
vn -0.0910 -0.9958 -0.0000
vn -0.0198 -0.9998 -0.0000
vn -0.0000 -1.0000 -0.0000
vn 0.0116 -0.9999 -0.0000
vn 0.0542 -0.9985 -0.0000
vn 0.1298 -0.9915 -0.0000
vn 0.2358 -0.9718 -0.0000
vn 0.3756 -0.9268 -0.0000
vn 0.5412 -0.8409 -0.0000
vn 0.7069 -0.7073 -0.0000
vn 0.8403 -0.5421 -0.0000
vn 0.9261 -0.3772 -0.0000
vn 0.9714 -0.2375 -0.0000
vn 0.9914 -0.1311 -0.0000
vn 0.9985 -0.0549 -0.0000
vn 0.9999 -0.0118 -0.0000
vn 0.2198 -0.9755 -0.0000
vn -0.9361 -0.3516 -0.0000
vn -0.9214 -0.3887 -0.0000
vn -0.9038 -0.4279 -0.0000
vn -0.8832 -0.4691 -0.0000
vn -0.8590 -0.5119 -0.0000
vn -0.8312 -0.5560 -0.0000
vn -0.7993 -0.6009 -0.0000
vn -0.7634 -0.6459 -0.0000
vn -0.7235 -0.6904 -0.0000
vn -0.6796 -0.7336 -0.0000
vn -0.6322 -0.7748 -0.0000
vn 0.2200 -0.9755 -0.0000
vn 0.8511 -0.5251 -0.0000
vn 0.8322 -0.5545 -0.0000
vn 0.8149 -0.5795 -0.0000
vn 0.7988 -0.6016 -0.0000
vn 0.7833 -0.6217 -0.0000
vn 0.7677 -0.6408 -0.0000
vn 0.7517 -0.6595 -0.0000
vn 0.7347 -0.6784 -0.0000
vn 0.7159 -0.6982 -0.0000
vn 0.6946 -0.7194 -0.0000
vn 0.6693 -0.7430 -0.0000
vn 0.9995 0.0329 -0.0000
vn 0.6278 0.7784 -0.0000
vn 0.6911 0.7227 -0.0000
vn 0.7479 0.6638 -0.0000
vn 0.7975 0.6033 -0.0000
vn 0.8398 0.5429 -0.0000
vn 0.8751 0.4839 -0.0000
vn 0.9273 0.3744 -0.0000
vn 0.9457 0.3251 -0.0000
vn 0.9600 0.2799 -0.0000
vn 0.9711 0.2387 -0.0000
vn 0.8296 -0.5583 -0.0000
vn 0.6078 0.7941 -0.0000
vn 0.9408 0.3388 -0.0000
vn 0.9433 0.3318 -0.0000
vn 0.9458 0.3247 -0.0000
vn 0.9483 0.3173 -0.0000
vn 0.9509 0.3095 -0.0000
vn 0.9536 0.3012 -0.0000
vn 0.9564 0.2922 -0.0000
vn 0.9594 0.2822 -0.0000
vn 0.9626 0.2709 -0.0000
vn 0.9661 0.2580 -0.0000
vn 0.9700 0.2430 -0.0000
vn 0.6059 0.7955 -0.0000
vn -0.8986 0.4388 -0.0000
vn -0.9320 -0.3625 -0.0000
vn -0.9293 -0.3693 -0.0000
vn -0.9268 -0.3757 -0.0000
vn -0.9243 -0.3817 -0.0000
vn -0.9219 -0.3875 -0.0000
vn -0.9195 -0.3930 -0.0000
vn -0.9172 -0.3983 -0.0000
vn -0.9150 -0.4034 -0.0000
vn -0.9129 -0.4083 -0.0000
vn -0.9107 -0.4130 -0.0000
vn -0.9087 -0.4176 -0.0000
vn -0.8865 0.4627 -0.0000
vn -0.6760 -0.7369 -0.0000
vn -0.8220 0.5695 -0.0000
vn -0.9990 0.0447 -0.0000
vn -0.9932 0.1162 -0.0000
vn -0.9736 0.2283 -0.0000
vn -0.9219 0.3873 -0.0000
vn -0.8151 0.5793 -0.0000
vn -0.6486 0.7612 -0.0000
vn -0.4577 0.8891 -0.0000
vn -0.2903 0.9569 -0.0000
vn -0.1671 0.9859 -0.0000
vn -0.0848 0.9964 -0.0000
vn -0.0329 0.9995 -0.0000
vn -0.0066 1.0000 -0.0000
vn -0.0000 1.0000 -0.0000
vn 0.0202 0.9998 -0.0000
vn 0.1004 0.9949 -0.0000
vn 0.2512 0.9679 -0.0000
vn 0.4526 0.8917 -0.0000
vn 0.6610 0.7504 -0.0000
vn 0.8206 0.5715 -0.0000
vn 0.9146 0.4044 -0.0000
vn 0.9613 0.2755 -0.0000
vn 0.9827 0.1853 -0.0000
vn 0.9922 0.1245 -0.0000
vn 0.9964 0.0843 -0.0000
vn 0.9983 0.0582 -0.0000
vn 0.6217 -0.7832 -0.0000
vn 0.4783 -0.8782 -0.0000
vn 0.5846 -0.8113 -0.0000
vn -0.2108 -0.9775 -0.0000
vn -0.2155 -0.9765 -0.0000
vn -0.2219 -0.9751 -0.0000
vn -0.2308 -0.9730 -0.0000
vn -0.2433 -0.9700 -0.0000
vn -0.2608 -0.9654 -0.0000
vn -0.2855 -0.9584 -0.0000
vn -0.3201 -0.9474 -0.0000
vn -0.3681 -0.9298 -0.0000
vn -0.4316 -0.9021 -0.0000
vn -0.5087 -0.8609 -0.0000
vn 0.4571 -0.8894 -0.0000
vn 0.9792 -0.2029 -0.0000
vn 0.9721 -0.2344 -0.0000
vn 0.9667 -0.2558 -0.0000
vn 0.9624 -0.2715 -0.0000
vn 0.9588 -0.2839 -0.0000
vn 0.9558 -0.2942 -0.0000
vn 0.9530 -0.3031 -0.0000
vn 0.9503 -0.3114 -0.0000
vn 0.9476 -0.3195 -0.0000
vn 0.9447 -0.3280 -0.0000
vn 0.9413 -0.3376 -0.0000
vn 0.9228 0.3854 -0.0000
vn 0.6942 0.7198 -0.0000
vn 0.9891 0.1471 -0.0000
vn 0.9906 0.1370 -0.0000
vn 0.9918 0.1279 -0.0000
vn 0.9928 0.1199 -0.0000
vn 0.9936 0.1128 -0.0000
vn 0.9943 0.1068 -0.0000
vn 0.9948 0.1017 -0.0000
vn 0.9952 0.0977 -0.0000
vn 0.9955 0.0946 -0.0000
vn 0.9957 0.0925 -0.0000
vn 0.9958 0.0914 -0.0000
vn 0.7876 -0.6162 -0.0000
vn -0.7195 -0.6945 -0.0000
vn -0.9958 -0.0912 -0.0000
vn -0.9958 -0.0918 -0.0000
vn -0.9957 -0.0931 -0.0000
vn -0.9955 -0.0951 -0.0000
vn -0.9952 -0.0978 -0.0000
vn -0.9949 -0.1012 -0.0000
vn -0.9945 -0.1052 -0.0000
vn -0.9939 -0.1100 -0.0000
vn -0.9933 -0.1154 -0.0000
vn -0.9926 -0.1216 -0.0000
vn -0.9917 -0.1285 -0.0000
vn -0.8016 0.5979 -0.0000
vn 0.7432 0.6691 -0.0000
vn 0.7662 -0.6427 -0.0000
vn -0.7402 -0.6724 -0.0000
vn -0.7689 0.6393 -0.0000
vn -0.9976 0.0699 -0.0000
vn -0.9894 0.1453 -0.0000
vn -0.9739 0.2268 -0.0000
vn -0.9493 0.3144 -0.0000
vn -0.9129 0.4082 -0.0000
vn -0.8617 0.5074 -0.0000
vn -0.7918 0.6108 -0.0000
vn -0.6983 0.7158 -0.0000
vn -0.5757 0.8177 -0.0000
vn -0.4187 0.9081 -0.0000
vn -0.2246 0.9745 -0.0000
vn 0.0096 1.0000 -0.0000
vn 0.2615 0.9652 -0.0000
vn 0.4781 0.8783 -0.0000
vn 0.6353 0.7722 -0.0000
vn 0.7422 0.6702 -0.0000
vn 0.8137 0.5813 -0.0000
vn 0.8622 0.5067 -0.0000
vn 0.8957 0.4447 -0.0000
vn 0.9195 0.3931 -0.0000
vn 0.9368 0.3497 -0.0000
vn 0.9498 0.3129 -0.0000
vn 0.9596 0.2814 -0.0000
vn 0.9665 0.2566 -0.0000
vn 0.9708 0.2399 -0.0000
vn 0.9739 0.2270 -0.0000
vn 0.9767 0.2145 -0.0000
vn 0.9793 0.2022 -0.0000
vn 0.9840 0.1780 -0.0000
vn 0.9861 0.1660 -0.0000
vn 0.9881 0.1539 -0.0000
vn 0.9899 0.1417 -0.0000
vn 0.9916 0.1292 -0.0000
vn 0.9932 0.1164 -0.0000
vn 0.7345 -0.6786 -0.0000
vn -0.2833 -0.9590 -0.0000
vn -0.4150 -0.9098 -0.0000
vn -0.5329 -0.8462 -0.0000
vn -0.6353 -0.7723 -0.0000
vn -0.7222 -0.6916 -0.0000
vn -0.7950 -0.6066 -0.0000
vn -0.8553 -0.5181 -0.0000
vn -0.9046 -0.4263 -0.0000
vn -0.9439 -0.3302 -0.0000
vn -0.9736 -0.2283 -0.0000
vn -0.9930 -0.1184 -0.0000
vn -0.9999 -0.0137 -0.0000
vn -0.9592 -0.2826 -0.0000
vn -0.9472 -0.3206 -0.0000
vn -0.9311 -0.3647 -0.0000
vn -0.9093 -0.4162 -0.0000
vn -0.8790 -0.4768 -0.0000
vn -0.8366 -0.5478 -0.0000
vn -0.7765 -0.6301 -0.0000
vn -0.6911 -0.7228 -0.0000
vn -0.5717 -0.8205 -0.0000
vn -0.4122 -0.9111 -0.0000
vn -0.2159 -0.9764 -0.0000
vn -0.0003 -1.0000 -0.0000
vn 0.2112 -0.9775 -0.0000
vn 0.3993 -0.9168 -0.0000
vn 0.5551 -0.8318 -0.0000
vn 0.6784 -0.7346 -0.0000
vn 0.7737 -0.6335 -0.0000
vn 0.8461 -0.5330 -0.0000
vn 0.9004 -0.4352 -0.0000
vn 0.9401 -0.3409 -0.0000
vn 0.9682 -0.2503 -0.0000
vn 0.9866 -0.1634 -0.0000
vn 0.9968 -0.0800 -0.0000
vn 0.9999 0.0123 -0.0000
vn 0.9920 0.1264 -0.0000
vn 0.9685 0.2490 -0.0000
vn 0.9307 0.3659 -0.0000
vn 0.8148 0.5798 -0.0000
vn 0.7371 0.6758 -0.0000
vn 0.6458 0.7635 -0.0000
vn 0.5407 0.8412 -0.0000
vn 0.4216 0.9068 -0.0000
vn 0.2898 0.9571 -0.0000
vn 0.1476 0.9890 -0.0000
vn 0.0030 1.0000 -0.0000
vn -0.1388 0.9903 -0.0000
vn -0.2793 0.9602 -0.0000
vn -0.4163 0.9092 -0.0000
vn -0.5439 0.8391 -0.0000
vn -0.6579 0.7531 -0.0000
vn -0.7553 0.6554 -0.0000
vn -0.8352 0.5500 -0.0000
vn -0.8979 0.4403 -0.0000
vn -0.9444 0.3289 -0.0000
vn -0.9760 0.2177 -0.0000
vn -0.9942 0.1078 -0.0000
vn -1.0000 0.0024 -0.0000
vn -0.9950 -0.1001 -0.0000
vn -0.9784 -0.2066 -0.0000
vn -0.9480 -0.3183 -0.0000
vn -0.9017 -0.4323 -0.0000
vn -0.8389 -0.5443 -0.0000
vn -0.7602 -0.6497 -0.0000
vn -0.6681 -0.7441 -0.0000
vn -0.5665 -0.8241 -0.0000
vn -0.4600 -0.8879 -0.0000
vn -0.3528 -0.9357 -0.0000
vn -0.2486 -0.9686 -0.0000
vn 0.4531 -0.8915 -0.0000
vn 0.9210 0.3896 -0.0000
vn 0.1192 0.9929 -0.0000
vn 0.1308 0.9914 -0.0000
vn 0.1420 0.9899 -0.0000
vn 0.1530 0.9882 -0.0000
vn 0.1637 0.9865 -0.0000
vn 0.1743 0.9847 -0.0000
vn 0.1849 0.9828 -0.0000
vn 0.1957 0.9807 -0.0000
vn 0.2067 0.9784 -0.0000
vn 0.2181 0.9759 -0.0000
vn 0.2300 0.9732 -0.0000
vn 0.2670 0.9637 -0.0000
vn 0.3425 0.9395 -0.0000
vn 0.4312 0.9022 -0.0000
vn 0.5190 0.8548 -0.0000
vn 0.6050 0.7962 -0.0000
vn 0.6879 0.7258 -0.0000
vn 0.7657 0.6432 -0.0000
vn 0.8357 0.5492 -0.0000
vn 0.8953 0.4455 -0.0000
vn 0.9422 0.3351 -0.0000
vn 0.9751 0.2216 -0.0000
vn 0.9941 0.1089 -0.0000
vn 1.0000 0.0032 -0.0000
vn 0.9955 -0.0952 -0.0000
vn 0.9811 -0.1933 -0.0000
vn 0.9556 -0.2946 -0.0000
vn 0.9173 -0.3981 -0.0000
vn 0.8646 -0.5025 -0.0000
vn 0.7958 -0.6056 -0.0000
vn 0.7101 -0.7041 -0.0000
vn 0.6081 -0.7939 -0.0000
vn 0.4917 -0.8708 -0.0000
vn 0.3649 -0.9310 -0.0000
vn 0.2331 -0.9725 -0.0000
vn -0.6521 -0.7581 -0.0000
vn -0.9919 -0.1270 -0.0000
vn -0.9908 -0.1351 -0.0000
vn -0.9896 -0.1437 -0.0000
vn -0.9882 -0.1529 -0.0000
vn -0.9867 -0.1626 -0.0000
vn -0.9849 -0.1731 -0.0000
vn -0.9829 -0.1842 -0.0000
vn -0.9806 -0.1961 -0.0000
vn -0.9779 -0.2089 -0.0000
vn -0.9749 -0.2226 -0.0000
vn -0.9714 -0.2374 -0.0000
vn -1.0000 -0.0089 -0.0000
vn -0.9992 -0.0390 -0.0000
vn -0.9962 -0.0868 -0.0000
vn -0.9892 -0.1463 -0.0000
vn -0.9757 -0.2189 -0.0000
vn -0.9524 -0.3049 -0.0000
vn -0.9152 -0.4030 -0.0000
vn -0.8609 -0.5087 -0.0000
vn -0.7885 -0.6150 -0.0000
vn -0.7006 -0.7135 -0.0000
vn -0.6038 -0.7971 -0.0000
vn -0.5063 -0.8624 -0.0000
vn -0.4185 -0.9082 -0.0000
vn -0.3383 -0.9410 -0.0000
vn -0.2635 -0.9647 -0.0000
vn -0.2013 -0.9795 -0.0000
vn -0.1507 -0.9886 -0.0000
vn -0.1102 -0.9939 -0.0000
vn -0.0782 -0.9969 -0.0000
vn -0.0534 -0.9986 -0.0000
vn -0.0344 -0.9994 -0.0000
vn -0.0204 -0.9998 -0.0000
vn -0.0105 -0.9999 -0.0000
vn -0.0040 -1.0000 -0.0000
vn 0.6833 -0.7301 -0.0000
vn 0.9821 -0.1881 -0.0000
vn 0.9779 -0.2092 -0.0000
vn 0.9738 -0.2275 -0.0000
vn 0.9697 -0.2442 -0.0000
vn 0.9656 -0.2601 -0.0000
vn 0.9611 -0.2760 -0.0000
vn 0.9562 -0.2927 -0.0000
vn 0.9506 -0.3105 -0.0000
vn 0.9438 -0.3306 -0.0000
vn 0.9354 -0.3537 -0.0000
vn 0.9244 -0.3813 -0.0000
vn 0.8740 0.4860 -0.0000
vn -0.0291 0.9996 -0.0000
vn -0.0216 0.9998 -0.0000
vn -0.0150 0.9999 -0.0000
vn -0.0092 1.0000 -0.0000
vn -0.0043 1.0000 -0.0000
vn -0.0001 1.0000 -0.0000
vn 0.0033 1.0000 -0.0000
vn 0.0059 1.0000 -0.0000
vn 0.0076 1.0000 -0.0000
vn 0.0079 1.0000 -0.0000
vn 0.0058 1.0000 -0.0000
vn 0.0502 0.9987 -0.0000
vn 0.1332 0.9911 -0.0000
vn 0.2196 0.9756 -0.0000
vn 0.3324 0.9431 -0.0000
vn 0.4693 0.8831 -0.0000
vn 0.6175 0.7866 -0.0000
vn 0.7552 0.6555 -0.0000
vn 0.9326 0.3610 -0.0000
vn 0.9718 0.2357 -0.0000
vn 0.9908 0.1356 -0.0000
vn 0.9983 0.0590 -0.0000
vn 0.9999 0.0131 -0.0000
vt 0.980198 0.000000
vt 0.178218 0.000000
vt 0.990099 0.000000
vt 1.000000 0.000000
vt 0.207921 0.000000
vt 0.950495 0.000000
vt 0.910891 0.000000
vt 0.257426 0.000000
vt 0.920792 0.000000
vt 0.930693 0.000000
vt 0.940594 0.000000
vt 0.287129 0.000000
vt 0.297030 0.000000
vt 0.188119 0.000000
vt 0.198020 0.000000
vt 0.267327 0.000000
vt 0.277228 0.000000
vt 0.168317 0.000000
vt 0.158416 0.000000
vt 0.247525 0.000000
vt 0.237624 0.000000
vt 0.138614 0.000000
vt 0.148515 0.000000
vt 0.217822 0.000000
vt 0.227723 0.000000
vt 0.960396 0.000000
vt 0.900990 0.000000
vt 0.970297 0.000000
vt 0.891089 0.000000
vt 0.108911 0.000000
vt 0.039604 0.000000
vt 0.118812 0.000000
vt 0.128713 0.000000
vt 0.069307 0.000000
vt 0.079208 0.000000
vt 0.049505 0.000000
vt 0.059406 0.000000
vt 0.029703 0.000000
vt 0.019802 0.000000
vt 0.000000 0.000000
vt 0.009901 0.000000
vt 0.089109 0.000000
vt 0.881188 0.000000
vt 0.306931 0.000000
vt 0.871287 0.000000
vt 0.099010 0.000000
vt 0.861386 0.000000
vt 0.851485 0.000000
vt 0.316832 0.000000
vt 0.841584 0.000000
vt 0.831683 0.000000
vt 0.821782 0.000000
vt 0.811881 0.000000
vt 0.801980 0.000000
vt 0.792079 0.000000
vt 0.643564 0.000000
vt 0.663366 0.000000
vt 0.653465 0.000000
vt 0.326733 0.000000
vt 0.782178 0.000000
vt 0.673267 0.000000
vt 0.772277 0.000000
vt 0.683168 0.000000
vt 0.693069 0.000000
vt 0.762376 0.000000
vt 0.752475 0.000000
vt 0.742574 0.000000
vt 0.732673 0.000000
vt 0.702970 0.000000
vt 0.722772 0.000000
vt 0.712871 0.000000
vt 0.633663 0.000000
vt 0.336634 0.000000
vt 0.623762 0.000000
vt 0.613861 0.000000
vt 0.346535 0.000000
vt 0.603960 0.000000
vt 0.356436 0.000000
vt 0.594059 0.000000
vt 0.366337 0.000000
vt 0.584158 0.000000
vt 0.376238 0.000000
vt 0.574257 0.000000
vt 0.386139 0.000000
vt 0.396040 0.000000
vt 0.564356 0.000000
vt 0.405941 0.000000
vt 0.554455 0.000000
vt 0.415842 0.000000
vt 0.425743 0.000000
vt 0.544554 0.000000
vt 0.435644 0.000000
vt 0.445545 0.000000
vt 0.455446 0.000000
vt 0.534653 0.000000
vt 0.465347 0.000000
vt 0.475248 0.000000
vt 0.485149 0.000000
vt 0.495050 0.000000
vt 0.504951 0.000000
vt 0.514852 0.000000
vt 0.524752 0.000000
vt 0.525641 0.000000
vt 0.538462 0.000000
vt 0.532051 0.000000
vt 0.544872 0.000000
vt 0.519231 0.000000
vt 0.551282 0.000000
vt 0.512821 0.000000
vt 0.557692 0.000000
vt 0.506410 0.000000
vt 0.564103 0.000000
vt 0.500000 0.000000
vt 0.224359 0.000000
vt 0.923077 0.000000
vt 0.929487 0.000000
vt 0.916667 0.000000
vt 0.230769 0.000000
vt 0.217949 0.000000
vt 0.570513 0.000000
vt 0.910256 0.000000
vt 0.237179 0.000000
vt 0.493590 0.000000
vt 0.903846 0.000000
vt 0.935897 0.000000
vt 0.243590 0.000000
vt 0.211538 0.000000
vt 0.897436 0.000000
vt 0.576923 0.000000
vt 0.250000 0.000000
vt 0.942308 0.000000
vt 0.487179 0.000000
vt 0.205128 0.000000
vt 0.891026 0.000000
vt 0.256410 0.000000
vt 0.583333 0.000000
vt 0.884615 0.000000
vt 0.198718 0.000000
vt 0.948718 0.000000
vt 0.480769 0.000000
vt 0.262821 0.000000
vt 0.192308 0.000000
vt 0.878205 0.000000
vt 0.955128 0.000000
vt 0.589744 0.000000
vt 0.185897 0.000000
vt 0.961538 0.000000
vt 0.871795 0.000000
vt 0.269231 0.000000
vt 0.474359 0.000000
vt 0.179487 0.000000
vt 0.967949 0.000000
vt 0.596154 0.000000
vt 0.865385 0.000000
vt 0.275641 0.000000
vt 0.173077 0.000000
vt 0.974359 0.000000
vt 0.467949 0.000000
vt 0.858974 0.000000
vt 0.166667 0.000000
vt 0.282051 0.000000
vt 0.980769 0.000000
vt 0.602564 0.000000
vt 0.160256 0.000000
vt 0.987179 0.000000
vt 0.852564 0.000000
vt 0.288462 0.000000
vt 0.461538 0.000000
vt 0.153846 0.000000
vt 0.993590 0.000000
vt 0.608974 0.000000
vt 0.147436 0.000000
vt 0.846154 0.000000
vt 0.294872 0.000000
vt 0.141026 0.000000
vt 0.455128 0.000000
vt 0.307692 0.000000
vt 0.839744 0.000000
vt 0.301282 0.000000
vt 0.615385 0.000000
vt 0.134615 0.000000
vt 0.833333 0.000000
vt 0.448718 0.000000
vt 0.314103 0.000000
vt 0.621795 0.000000
vt 0.128205 0.000000
vt 0.006410 0.000000
vt 0.826923 0.000000
vt 0.442308 0.000000
vt 0.121795 0.000000
vt 0.012821 0.000000
vt 0.320513 0.000000
vt 0.628205 0.000000
vt 0.820513 0.000000
vt 0.019231 0.000000
vt 0.115385 0.000000
vt 0.435897 0.000000
vt 0.326923 0.000000
vt 0.025641 0.000000
vt 0.108974 0.000000
vt 0.634615 0.000000
vt 0.814103 0.000000
vt 0.429487 0.000000
vt 0.032051 0.000000
vt 0.102564 0.000000
vt 0.333333 0.000000
vt 0.038462 0.000000
vt 0.807692 0.000000
vt 0.096154 0.000000
vt 0.423077 0.000000
vt 0.044872 0.000000
vt 0.641026 0.000000
vt 0.089744 0.000000
vt 0.051282 0.000000
vt 0.801282 0.000000
vt 0.339744 0.000000
vt 0.083333 0.000000
vt 0.057692 0.000000
vt 0.076923 0.000000
vt 0.064103 0.000000
vt 0.416667 0.000000
vt 0.070513 0.000000
vt 0.794872 0.000000
vt 0.647436 0.000000
vt 0.346154 0.000000
vt 0.410256 0.000000
vt 0.788462 0.000000
vt 0.352564 0.000000
vt 0.403846 0.000000
vt 0.653846 0.000000
vt 0.782051 0.000000
vt 0.358974 0.000000
vt 0.397436 0.000000
vt 0.775641 0.000000
vt 0.769231 0.000000
vt 0.365385 0.000000
vt 0.391026 0.000000
vt 0.660256 0.000000
vt 0.762821 0.000000
vt 0.756410 0.000000
vt 0.750000 0.000000
vt 0.371795 0.000000
vt 0.384615 0.000000
vt 0.743590 0.000000
vt 0.737179 0.000000
vt 0.730769 0.000000
vt 0.724359 0.000000
vt 0.717949 0.000000
vt 0.711538 0.000000
vt 0.378205 0.000000
vt 0.705128 0.000000
vt 0.698718 0.000000
vt 0.692308 0.000000
vt 0.685897 0.000000
vt 0.666667 0.000000
vt 0.673077 0.000000
vt 0.679487 0.000000
vt 0.697436 0.000000
vt 0.694872 0.000000
vt 0.689744 0.000000
vt 0.700000 0.000000
vt 0.687180 0.000000
vt 0.702564 0.000000
vt 0.684615 0.000000
vt 0.682051 0.000000
vt 0.707692 0.000000
vt 0.710256 0.000000
vt 0.676923 0.000000
vt 0.712821 0.000000
vt 0.715385 0.000000
vt 0.674359 0.000000
vt 0.671795 0.000000
vt 0.720513 0.000000
vt 0.669231 0.000000
vt 0.723077 0.000000
vt 0.725641 0.000000
vt 0.664103 0.000000
vt 0.728205 0.000000
vt 0.002564 0.000000
vt 0.007692 0.000000
vt 0.005128 0.000000
vt 0.658974 0.000000
vt 0.661538 0.000000
vt 0.984615 0.000000
vt 0.997436 0.000000
vt 0.994872 0.000000
vt 0.733333 0.000000
vt 0.989744 0.000000
vt 0.982051 0.000000
vt 0.992308 0.000000
vt 0.938462 0.000000
vt 0.946154 0.000000
vt 0.071795 0.000000
vt 0.074359 0.000000
vt 0.079487 0.000000
vt 0.941026 0.000000
vt 0.933333 0.000000
vt 0.951282 0.000000
vt 0.943590 0.000000
vt 0.930769 0.000000
vt 0.953846 0.000000
vt 0.928205 0.000000
vt 0.956410 0.000000
vt 0.925641 0.000000
vt 0.958974 0.000000
vt 0.920513 0.000000
vt 0.964103 0.000000
vt 0.069231 0.000000
vt 0.066667 0.000000
vt 0.082051 0.000000
vt 0.084615 0.000000
vt 0.917949 0.000000
vt 0.966667 0.000000
vt 0.915385 0.000000
vt 0.969231 0.000000
vt 0.087179 0.000000
vt 0.912821 0.000000
vt 0.971795 0.000000
vt 0.907692 0.000000
vt 0.976923 0.000000
vt 0.061538 0.000000
vt 0.905128 0.000000
vt 0.979487 0.000000
vt 0.092308 0.000000
vt 0.058974 0.000000
vt 0.146154 0.000000
vt 0.151282 0.000000
vt 0.148718 0.000000
vt 0.094872 0.000000
vt 0.056410 0.000000
vt 0.143590 0.000000
vt 0.097436 0.000000
vt 0.053846 0.000000
vt 0.656410 0.000000
vt 0.735897 0.000000
vt 0.738462 0.000000
vt 0.138462 0.000000
vt 0.156410 0.000000
vt 0.135897 0.000000
vt 0.100000 0.000000
vt 0.338462 0.000000
vt 0.335897 0.000000
vt 0.133333 0.000000
vt 0.158974 0.000000
vt 0.130769 0.000000
vt 0.741026 0.000000
vt 0.651282 0.000000
vt 0.330769 0.000000
vt 0.048718 0.000000
vt 0.341026 0.000000
vt 0.161538 0.000000
vt 0.343590 0.000000
vt 0.328205 0.000000
vt 0.125641 0.000000
vt 0.046154 0.000000
vt 0.105128 0.000000
vt 0.123077 0.000000
vt 0.325641 0.000000
vt 0.648718 0.000000
vt 0.043590 0.000000
vt 0.164103 0.000000
vt 0.120513 0.000000
vt 0.348718 0.000000
vt 0.107692 0.000000
vt 0.323077 0.000000
vt 0.041026 0.000000
vt 0.117949 0.000000
vt 0.402564 0.000000
vt 0.407692 0.000000
vt 0.405128 0.000000
vt 0.351282 0.000000
vt 0.110256 0.000000
vt 0.035897 0.000000
vt 0.400000 0.000000
vt 0.646154 0.000000
vt 0.353846 0.000000
vt 0.112821 0.000000
vt 0.033333 0.000000
vt 0.317949 0.000000
vt 0.412821 0.000000
vt 0.394872 0.000000
vt 0.169231 0.000000
vt 0.356410 0.000000
vt 0.030769 0.000000
vt 0.392308 0.000000
vt 0.315385 0.000000
vt 0.028205 0.000000
vt 0.389744 0.000000
vt 0.415385 0.000000
vt 0.566667 0.000000
vt 0.561538 0.000000
vt 0.387179 0.000000
vt 0.643590 0.000000
vt 0.171795 0.000000
vt 0.312821 0.000000
vt 0.023077 0.000000
vt 0.417949 0.000000
vt 0.361538 0.000000
vt 0.020513 0.000000
vt 0.382051 0.000000
vt 0.310256 0.000000
vt 0.017949 0.000000
vt 0.379487 0.000000
vt 0.015385 0.000000
vt 0.364103 0.000000
vt 0.420513 0.000000
vt 0.569231 0.000000
vt 0.376923 0.000000
vt 0.212821 0.000000
vt 0.174359 0.000000
vt 0.010256 0.000000
vt 0.274359 0.000000
vt 0.374359 0.000000
vt 0.271795 0.000000
vt 0.305128 0.000000
vt 0.366667 0.000000
vt 0.215385 0.000000
vt 0.210256 0.000000
vt 0.302564 0.000000
vt 0.207692 0.000000
vt 0.266667 0.000000
vt 0.300000 0.000000
vt 0.369231 0.000000
vt 0.176923 0.000000
vt 0.297436 0.000000
vt 0.264103 0.000000
vt 0.425641 0.000000
vt 0.571795 0.000000
vt 0.220513 0.000000
vt 0.202564 0.000000
vt 0.261538 0.000000
vt 0.292308 0.000000
vt 0.289744 0.000000
vt 0.200000 0.000000
vt 0.287179 0.000000
vt 0.258974 0.000000
vt 0.223077 0.000000
vt 0.284615 0.000000
vt 0.428205 0.000000
vt 0.197436 0.000000
vt 0.279487 0.000000
vt 0.638462 0.000000
vt 0.225641 0.000000
vt 0.276923 0.000000
vt 0.902564 0.000000
vt 0.900000 0.000000
vt 0.194872 0.000000
vt 0.253846 0.000000
vt 0.228205 0.000000
vt 0.430769 0.000000
vt 0.894872 0.000000
vt 0.574359 0.000000
vt 0.251282 0.000000
vt 0.892308 0.000000
vt 0.233333 0.000000
vt 0.189744 0.000000
vt 0.187179 0.000000
vt 0.184615 0.000000
vt 0.182051 0.000000
vt 0.248718 0.000000
vt 0.235897 0.000000
vt 0.889744 0.000000
vt 0.841026 0.000000
vt 0.843590 0.000000
vt 0.838462 0.000000
vt 0.433333 0.000000
vt 0.246154 0.000000
vt 0.238462 0.000000
vt 0.887179 0.000000
vt 0.241026 0.000000
vt 0.848718 0.000000
vt 0.635897 0.000000
vt 0.835897 0.000000
vt 0.851282 0.000000
vt 0.882051 0.000000
vt 0.853846 0.000000
vt 0.879487 0.000000
vt 0.856410 0.000000
vt 0.438462 0.000000
vt 0.876923 0.000000
vt 0.861538 0.000000
vt 0.864103 0.000000
vt 0.874359 0.000000
vt 0.866667 0.000000
vt 0.869231 0.000000
vt 0.441026 0.000000
vt 0.443590 0.000000
vt 0.633333 0.000000
vt 0.446154 0.000000
vt 0.579487 0.000000
vt 0.451282 0.000000
vt 0.453846 0.000000
vt 0.456410 0.000000
vt 0.458974 0.000000
vt 0.830769 0.000000
vt 0.464103 0.000000
vt 0.466667 0.000000
vt 0.469231 0.000000
vt 0.471795 0.000000
vt 0.828205 0.000000
vt 0.582051 0.000000
vt 0.630769 0.000000
vt 0.825641 0.000000
vt 0.746154 0.000000
vt 0.558974 0.000000
vt 0.823077 0.000000
vt 0.748718 0.000000
vt 0.584615 0.000000
vt 0.751282 0.000000
vt 0.476923 0.000000
vt 0.753846 0.000000
vt 0.817949 0.000000
vt 0.556410 0.000000
vt 0.815385 0.000000
vt 0.758974 0.000000
vt 0.761538 0.000000
vt 0.812820 0.000000
vt 0.764103 0.000000
vt 0.810256 0.000000
vt 0.766667 0.000000
vt 0.771795 0.000000
vt 0.805128 0.000000
vt 0.774359 0.000000
vt 0.776923 0.000000
vt 0.779487 0.000000
vt 0.784615 0.000000
vt 0.787179 0.000000
vt 0.789744 0.000000
vt 0.792308 0.000000
vt 0.797436 0.000000
vt 0.800000 0.000000
vt 0.802564 0.000000
vt 0.587179 0.000000
vt 0.479487 0.000000
vt 0.553846 0.000000
vt 0.625641 0.000000
vt 0.482051 0.000000
vt 0.548718 0.000000
vt 0.623077 0.000000
vt 0.484615 0.000000
vt 0.620513 0.000000
vt 0.617949 0.000000
vt 0.546154 0.000000
vt 0.543590 0.000000
vt 0.612821 0.000000
vt 0.592308 0.000000
vt 0.489744 0.000000
vt 0.610256 0.000000
vt 0.541026 0.000000
vt 0.492308 0.000000
vt 0.607692 0.000000
vt 0.494872 0.000000
vt 0.535897 0.000000
vt 0.605128 0.000000
vt 0.497436 0.000000
vt 0.533333 0.000000
vt 0.530769 0.000000
vt 0.528205 0.000000
vt 0.523077 0.000000
vt 0.520513 0.000000
vt 0.517949 0.000000
vt 0.515385 0.000000
vt 0.510256 0.000000
vt 0.507692 0.000000
vt 0.505128 0.000000
vt 0.502564 0.000000
vt 0.600000 0.000000
vt 0.597436 0.000000
vt 0.594872 0.000000
vt 0.002770 0.000000
vt 0.008310 0.000000
vt 0.005540 0.000000
vt 0.011080 0.000000
vt 0.581717 0.000000
vt 0.587258 0.000000
vt 0.584488 0.000000
vt 0.099723 0.000000
vt 0.105263 0.000000
vt 0.102493 0.000000
vt 0.030471 0.000000
vt 0.036011 0.000000
vt 0.033241 0.000000
vt 0.013850 0.000000
vt 0.019391 0.000000
vt 0.016620 0.000000
vt 0.022161 0.000000
vt 0.590028 0.000000
vt 0.578947 0.000000
vt 0.108033 0.000000
vt 0.096953 0.000000
vt 0.592798 0.000000
vt 0.576177 0.000000
vt 0.110803 0.000000
vt 0.094183 0.000000
vt 0.595568 0.000000
vt 0.113573 0.000000
vt 0.573407 0.000000
vt 0.091413 0.000000
vt 0.598338 0.000000
vt 0.116343 0.000000
vt 0.570637 0.000000
vt 0.088643 0.000000
vt 0.601108 0.000000
vt 0.119114 0.000000
vt 0.567867 0.000000
vt 0.085873 0.000000
vt 0.603878 0.000000
vt 0.121884 0.000000
vt 0.565097 0.000000
vt 0.083102 0.000000
vt 0.606648 0.000000
vt 0.562327 0.000000
vt 0.124654 0.000000
vt 0.080332 0.000000
vt 0.609418 0.000000
vt 0.653740 0.000000
vt 0.659280 0.000000
vt 0.656510 0.000000
vt 0.559557 0.000000
vt 0.171745 0.000000
vt 0.177285 0.000000
vt 0.174515 0.000000
vt 0.650970 0.000000
vt 0.127424 0.000000
vt 0.168975 0.000000
vt 0.077562 0.000000
vt 0.648199 0.000000
vt 0.612188 0.000000
vt 0.166205 0.000000
vt 0.556787 0.000000
vt 0.645429 0.000000
vt 0.662050 0.000000
vt 0.163435 0.000000
vt 0.642659 0.000000
vt 0.180055 0.000000
vt 0.130194 0.000000
vt 0.074792 0.000000
vt 0.554017 0.000000
vt 0.639889 0.000000
vt 0.160665 0.000000
vt 0.614958 0.000000
vt 0.637119 0.000000
vt 0.157895 0.000000
vt 0.072022 0.000000
vt 0.551247 0.000000
vt 0.132964 0.000000
vt 0.634349 0.000000
vt 0.155125 0.000000
vt 0.548476 0.000000
vt 0.664820 0.000000
vt 0.069252 0.000000
vt 0.631579 0.000000
vt 0.617729 0.000000
vt 0.152355 0.000000
vt 0.182825 0.000000
vt 0.545706 0.000000
vt 0.628809 0.000000
vt 0.066482 0.000000
vt 0.149584 0.000000
vt 0.542936 0.000000
vt 0.135734 0.000000
vt 0.626039 0.000000
vt 0.063712 0.000000
vt 0.540166 0.000000
vt 0.146814 0.000000
vt 0.620499 0.000000
vt 0.060942 0.000000
vt 0.623269 0.000000
vt 0.537396 0.000000
vt 0.144044 0.000000
vt 0.534626 0.000000
vt 0.058172 0.000000
vt 0.667590 0.000000
vt 0.531856 0.000000
vt 0.138504 0.000000
vt 0.055402 0.000000
vt 0.141274 0.000000
vt 0.185596 0.000000
vt 0.529086 0.000000
vt 0.052632 0.000000
vt 0.526316 0.000000
vt 0.523546 0.000000
vt 0.049861 0.000000
vt 0.520776 0.000000
vt 0.997230 0.000000
vt 0.047091 0.000000
vt 0.044321 0.000000
vt 0.994460 0.000000
vt 0.041551 0.000000
vt 0.038781 0.000000
vt 0.991690 0.000000
vt 0.518006 0.000000
vt 0.515235 0.000000
vt 0.670360 0.000000
vt 0.988920 0.000000
vt 0.512465 0.000000
vt 0.188366 0.000000
vt 0.986150 0.000000
vt 0.933518 0.000000
vt 0.509695 0.000000
vt 0.983379 0.000000
vt 0.506925 0.000000
vt 0.980609 0.000000
vt 0.504155 0.000000
vt 0.936288 0.000000
vt 0.930748 0.000000
vt 0.977839 0.000000
vt 0.501385 0.000000
vt 0.939058 0.000000
vt 0.673130 0.000000
vt 0.941828 0.000000
vt 0.975069 0.000000
vt 0.498615 0.000000
vt 0.944598 0.000000
vt 0.947368 0.000000
vt 0.451524 0.000000
vt 0.191136 0.000000
vt 0.972299 0.000000
vt 0.495845 0.000000
vt 0.950139 0.000000
vt 0.454294 0.000000
vt 0.448753 0.000000
vt 0.952909 0.000000
vt 0.457064 0.000000
vt 0.969529 0.000000
vt 0.955679 0.000000
vt 0.493075 0.000000
vt 0.958449 0.000000
vt 0.459834 0.000000
vt 0.961219 0.000000
vt 0.927978 0.000000
vt 0.462604 0.000000
vt 0.966759 0.000000
vt 0.963989 0.000000
vt 0.465374 0.000000
vt 0.490305 0.000000
vt 0.468144 0.000000
vt 0.470914 0.000000
vt 0.487535 0.000000
vt 0.473684 0.000000
vt 0.476454 0.000000
vt 0.479224 0.000000
vt 0.484765 0.000000
vt 0.481994 0.000000
vt 0.445983 0.000000
vt 0.675900 0.000000
vt 0.925208 0.000000
vt 0.193906 0.000000
vt 0.443213 0.000000
vt 0.922438 0.000000
vt 0.678670 0.000000
vt 0.728532 0.000000
vt 0.734072 0.000000
vt 0.731302 0.000000
vt 0.440443 0.000000
vt 0.196676 0.000000
vt 0.919668 0.000000
vt 0.246537 0.000000
vt 0.252078 0.000000
vt 0.249307 0.000000
vt 0.725762 0.000000
vt 0.736842 0.000000
vt 0.437673 0.000000
vt 0.916898 0.000000
vt 0.681440 0.000000
vt 0.722992 0.000000
vt 0.243767 0.000000
vt 0.254848 0.000000
vt 0.199446 0.000000
vt 0.720222 0.000000
vt 0.434903 0.000000
vt 0.739612 0.000000
vt 0.240997 0.000000
vt 0.914127 0.000000
vt 0.717452 0.000000
vt 0.238227 0.000000
vt 0.257618 0.000000
vt 0.432133 0.000000
vt 0.684211 0.000000
vt 0.714681 0.000000
vt 0.911357 0.000000
vt 0.235457 0.000000
vt 0.742382 0.000000
vt 0.202216 0.000000
vt 0.711911 0.000000
vt 0.429363 0.000000
vt 0.232687 0.000000
vt 0.908587 0.000000
vt 0.260388 0.000000
vt 0.709141 0.000000
vt 0.229917 0.000000
vt 0.745152 0.000000
vt 0.426593 0.000000
vt 0.905817 0.000000
vt 0.686981 0.000000
vt 0.706371 0.000000
vt 0.227147 0.000000
vt 0.204986 0.000000
vt 0.263158 0.000000
vt 0.903047 0.000000
vt 0.423823 0.000000
vt 0.703601 0.000000
vt 0.224377 0.000000
vt 0.900277 0.000000
vt 0.747922 0.000000
vt 0.421053 0.000000
vt 0.897507 0.000000
vt 0.700831 0.000000
vt 0.221607 0.000000
vt 0.689751 0.000000
vt 0.418283 0.000000
vt 0.265928 0.000000
vt 0.894737 0.000000
vt 0.207756 0.000000
vt 0.218837 0.000000
vt 0.698061 0.000000
vt 0.415512 0.000000
vt 0.750693 0.000000
vt 0.891967 0.000000
vt 0.216066 0.000000
vt 0.412742 0.000000
vt 0.695291 0.000000
vt 0.268698 0.000000
vt 0.889197 0.000000
vt 0.692521 0.000000
vt 0.409972 0.000000
vt 0.213296 0.000000
vt 0.886427 0.000000
vt 0.753463 0.000000
vt 0.210526 0.000000
vt 0.407202 0.000000
vt 0.883657 0.000000
vt 0.404432 0.000000
vt 0.271468 0.000000
vt 0.880886 0.000000
vt 0.401662 0.000000
vt 0.878116 0.000000
vt 0.756233 0.000000
vt 0.875346 0.000000
vt 0.398892 0.000000
vt 0.872576 0.000000
vt 0.396122 0.000000
vt 0.869806 0.000000
vt 0.274238 0.000000
vt 0.867036 0.000000
vt 0.864266 0.000000
vt 0.393352 0.000000
vt 0.861496 0.000000
vt 0.390582 0.000000
vt 0.387812 0.000000
vt 0.800554 0.000000
vt 0.759003 0.000000
vt 0.858726 0.000000
vt 0.385042 0.000000
vt 0.382271 0.000000
vt 0.803324 0.000000
vt 0.797784 0.000000
vt 0.855956 0.000000
vt 0.379501 0.000000
vt 0.318560 0.000000
vt 0.277008 0.000000
vt 0.795014 0.000000
vt 0.853186 0.000000
vt 0.806094 0.000000
vt 0.376731 0.000000
vt 0.321330 0.000000
vt 0.315789 0.000000
vt 0.792244 0.000000
vt 0.850416 0.000000
vt 0.373961 0.000000
vt 0.808864 0.000000
vt 0.761773 0.000000
vt 0.313019 0.000000
vt 0.324100 0.000000
vt 0.847645 0.000000
vt 0.789474 0.000000
vt 0.371191 0.000000
vt 0.811634 0.000000
vt 0.310249 0.000000
vt 0.279778 0.000000
vt 0.844875 0.000000
vt 0.326870 0.000000
vt 0.368421 0.000000
vt 0.814404 0.000000
vt 0.786704 0.000000
vt 0.307479 0.000000
vt 0.817174 0.000000
vt 0.842105 0.000000
vt 0.329640 0.000000
vt 0.365651 0.000000
vt 0.783934 0.000000
vt 0.819945 0.000000
vt 0.764543 0.000000
vt 0.304709 0.000000
vt 0.332410 0.000000
vt 0.839335 0.000000
vt 0.822715 0.000000
vt 0.362881 0.000000
vt 0.781163 0.000000
vt 0.825485 0.000000
vt 0.335180 0.000000
vt 0.301939 0.000000
vt 0.836565 0.000000
vt 0.282548 0.000000
vt 0.828255 0.000000
vt 0.360111 0.000000
vt 0.778393 0.000000
vt 0.337950 0.000000
vt 0.831025 0.000000
vt 0.833795 0.000000
vt 0.299169 0.000000
vt 0.340720 0.000000
vt 0.357341 0.000000
vt 0.775623 0.000000
vt 0.343490 0.000000
vt 0.772853 0.000000
vt 0.770083 0.000000
vt 0.767313 0.000000
vt 0.296399 0.000000
vt 0.354571 0.000000
vt 0.346260 0.000000
vt 0.349030 0.000000
vt 0.351801 0.000000
vt 0.293629 0.000000
vt 0.290859 0.000000
vt 0.288089 0.000000
vt 0.285319 0.000000
vt 0.027701 0.000000
vt 0.024931 0.000000
vt 0.910959 0.000000
vt 0.924658 0.000000
vt 0.917808 0.000000
vt 0.931507 0.000000
vt 0.904110 0.000000
vt 0.938356 0.000000
vt 0.897260 0.000000
vt 0.945205 0.000000
vt 0.890411 0.000000
vt 0.952055 0.000000
vt 0.150685 0.000000
vt 0.164384 0.000000
vt 0.157534 0.000000
vt 0.143836 0.000000
vt 0.883562 0.000000
vt 0.136986 0.000000
vt 0.130137 0.000000
vt 0.123288 0.000000
vt 0.116438 0.000000
vt 0.109589 0.000000
vt 0.958904 0.000000
vt 0.102740 0.000000
vt 0.095890 0.000000
vt 0.876712 0.000000
vt 0.089041 0.000000
vt 0.082192 0.000000
vt 0.075342 0.000000
vt 0.068493 0.000000
vt 0.965753 0.000000
vt 0.061644 0.000000
vt 0.869863 0.000000
vt 0.054795 0.000000
vt 0.171233 0.000000
vt 0.047945 0.000000
vt 0.178082 0.000000
vt 0.972603 0.000000
vt 0.184932 0.000000
vt 0.191781 0.000000
vt 0.041096 0.000000
vt 0.198630 0.000000
vt 0.863014 0.000000
vt 0.205479 0.000000
vt 0.212329 0.000000
vt 0.219178 0.000000
vt 0.034247 0.000000
vt 0.226027 0.000000
vt 0.979452 0.000000
vt 0.232877 0.000000
vt 0.239726 0.000000
vt 0.027397 0.000000
vt 0.246575 0.000000
vt 0.253425 0.000000
vt 0.856164 0.000000
vt 0.020548 0.000000
vt 0.260274 0.000000
vt 0.986301 0.000000
vt 0.013699 0.000000
vt 0.267123 0.000000
vt 0.849315 0.000000
vt 0.273973 0.000000
vt 0.993151 0.000000
vt 0.006849 0.000000
vt 0.280822 0.000000
vt 0.842466 0.000000
vt 0.287671 0.000000
vt 0.294521 0.000000
vt 0.835616 0.000000
vt 0.301370 0.000000
vt 0.828767 0.000000
vt 0.308219 0.000000
vt 0.315068 0.000000
vt 0.821918 0.000000
vt 0.321918 0.000000
vt 0.815068 0.000000
vt 0.328767 0.000000
vt 0.808219 0.000000
vt 0.335616 0.000000
vt 0.801370 0.000000
vt 0.342466 0.000000
vt 0.794521 0.000000
vt 0.349315 0.000000
vt 0.356164 0.000000
vt 0.787671 0.000000
vt 0.363014 0.000000
vt 0.780822 0.000000
vt 0.369863 0.000000
vt 0.773973 0.000000
vt 0.376712 0.000000
vt 0.383562 0.000000
vt 0.767123 0.000000
vt 0.390411 0.000000
vt 0.760274 0.000000
vt 0.397260 0.000000
vt 0.753425 0.000000
vt 0.404110 0.000000
vt 0.410959 0.000000
vt 0.746575 0.000000
vt 0.417808 0.000000
vt 0.739726 0.000000
vt 0.424658 0.000000
vt 0.431507 0.000000
vt 0.732877 0.000000
vt 0.438356 0.000000
vt 0.445205 0.000000
vt 0.726027 0.000000
vt 0.452055 0.000000
vt 0.458904 0.000000
vt 0.568493 0.000000
vt 0.582192 0.000000
vt 0.575342 0.000000
vt 0.719178 0.000000
vt 0.561644 0.000000
vt 0.465753 0.000000
vt 0.554795 0.000000
vt 0.547945 0.000000
vt 0.472603 0.000000
vt 0.541096 0.000000
vt 0.534247 0.000000
vt 0.527397 0.000000
vt 0.479452 0.000000
vt 0.520548 0.000000
vt 0.712329 0.000000
vt 0.513699 0.000000
vt 0.486301 0.000000
vt 0.506849 0.000000
vt 0.493151 0.000000
vt 0.705479 0.000000
vt 0.698630 0.000000
vt 0.691781 0.000000
vt 0.589041 0.000000
vt 0.595890 0.000000
vt 0.684932 0.000000
vt 0.602740 0.000000
vt 0.609589 0.000000
vt 0.616438 0.000000
vt 0.678082 0.000000
vt 0.623288 0.000000
vt 0.630137 0.000000
vt 0.636986 0.000000
vt 0.671233 0.000000
vt 0.643836 0.000000
vt 0.650685 0.000000
vt 0.664384 0.000000
vt 0.657534 0.000000
vt 0.652542 0.000000
vt 0.669492 0.000000
vt 0.661017 0.000000
vt 0.677966 0.000000
vt 0.788136 0.000000
vt 0.805085 0.000000
vt 0.796610 0.000000
vt 0.779661 0.000000
vt 0.771186 0.000000
vt 0.762712 0.000000
vt 0.754237 0.000000
vt 0.745763 0.000000
vt 0.008475 0.000000
vt 0.737288 0.000000
vt 0.728814 0.000000
vt 0.016949 0.000000
vt 0.720339 0.000000
vt 0.635593 0.000000
vt 0.644068 0.000000
vt 0.686441 0.000000
vt 0.694915 0.000000
vt 0.711864 0.000000
vt 0.025424 0.000000
vt 0.703390 0.000000
vt 0.033898 0.000000
vt 0.627119 0.000000
vt 0.915254 0.000000
vt 0.906780 0.000000
vt 0.042373 0.000000
vt 0.618644 0.000000
vt 0.923729 0.000000
vt 0.898305 0.000000
vt 0.050847 0.000000
vt 0.889831 0.000000
vt 0.881356 0.000000
vt 0.059322 0.000000
vt 0.872881 0.000000
vt 0.864407 0.000000
vt 0.067797 0.000000
vt 0.855932 0.000000
vt 0.847458 0.000000
vt 0.076271 0.000000
vt 0.838983 0.000000
vt 0.830508 0.000000
vt 0.084746 0.000000
vt 0.822034 0.000000
vt 0.813559 0.000000
vt 0.093220 0.000000
vt 0.932203 0.000000
vt 0.601695 0.000000
vt 0.610169 0.000000
vt 0.101695 0.000000
vt 0.110169 0.000000
vt 0.593220 0.000000
vt 0.584746 0.000000
vt 0.118644 0.000000
vt 0.127119 0.000000
vt 0.135593 0.000000
vt 0.144068 0.000000
vt 0.576271 0.000000
vt 0.152542 0.000000
vt 0.161017 0.000000
vt 0.567797 0.000000
vt 0.169492 0.000000
vt 0.177966 0.000000
vt 0.559322 0.000000
vt 0.186441 0.000000
vt 0.194915 0.000000
vt 0.550847 0.000000
vt 0.203390 0.000000
vt 0.211864 0.000000
vt 0.542373 0.000000
vt 0.220339 0.000000
vt 0.228814 0.000000
vt 0.974576 0.000000
vt 0.237288 0.000000
vt 0.533898 0.000000
vt 0.525424 0.000000
vt 0.516949 0.000000
vt 0.508475 0.000000
vt 0.983051 0.000000
vt 0.288136 0.000000
vt 0.991525 0.000000
vt 0.296610 0.000000
vt 0.279661 0.000000
vt 0.491525 0.000000
vt 0.305085 0.000000
vt 0.313559 0.000000
vt 0.483051 0.000000
vt 0.474576 0.000000
vt 0.322034 0.000000
vt 0.466102 0.000000
vt 0.330508 0.000000
vt 0.457627 0.000000
vt 0.338983 0.000000
vt 0.449153 0.000000
vt 0.347458 0.000000
vt 0.440678 0.000000
vt 0.432203 0.000000
vt 0.355932 0.000000
vt 0.423729 0.000000
vt 0.364407 0.000000
vt 0.415254 0.000000
vt 0.372881 0.000000
vt 0.406780 0.000000
vt 0.381356 0.000000
vt 0.398305 0.000000
vt 0.389830 0.000000
vt 0.957627 0.000000
vt 0.949153 0.000000
vt 0.966102 0.000000
vt 0.940678 0.000000
vt 0.262712 0.000000
vt 0.254237 0.000000
vt 0.271186 0.000000
vt 0.245763 0.000000
vt 0.169014 0.000000
vt 0.197183 0.000000
vt 0.183099 0.000000
vt 0.211268 0.000000
vt 0.971831 0.000000
vt 0.985915 0.000000
vt 0.014085 0.000000
vt 0.957747 0.000000
vt 0.028169 0.000000
vt 0.042254 0.000000
vt 0.943662 0.000000
vt 0.056338 0.000000
vt 0.070423 0.000000
vt 0.084507 0.000000
vt 0.929577 0.000000
vt 0.098592 0.000000
vt 0.112676 0.000000
vt 0.126761 0.000000
vt 0.915493 0.000000
vt 0.140845 0.000000
vt 0.154930 0.000000
vt 0.901408 0.000000
vt 0.225352 0.000000
vt 0.239437 0.000000
vt 0.887324 0.000000
vt 0.873239 0.000000
vt 0.478873 0.000000
vt 0.492958 0.000000
vt 0.464789 0.000000
vt 0.450704 0.000000
vt 0.253521 0.000000
vt 0.267606 0.000000
vt 0.507042 0.000000
vt 0.859155 0.000000
vt 0.521127 0.000000
vt 0.845070 0.000000
vt 0.535211 0.000000
vt 0.549296 0.000000
vt 0.830986 0.000000
vt 0.563380 0.000000
vt 0.577465 0.000000
vt 0.816901 0.000000
vt 0.591549 0.000000
vt 0.605634 0.000000
vt 0.802817 0.000000
vt 0.788732 0.000000
vt 0.774648 0.000000
vt 0.619718 0.000000
vt 0.760563 0.000000
vt 0.746479 0.000000
vt 0.732394 0.000000
vt 0.718310 0.000000
vt 0.633803 0.000000
vt 0.704225 0.000000
vt 0.690141 0.000000
vt 0.676056 0.000000
vt 0.661972 0.000000
vt 0.647887 0.000000
vt 0.422535 0.000000
vt 0.436620 0.000000
vt 0.281690 0.000000
vt 0.295775 0.000000
vt 0.408451 0.000000
vt 0.394366 0.000000
vt 0.309859 0.000000
vt 0.323944 0.000000
vt 0.366197 0.000000
vt 0.380282 0.000000
vt 0.338028 0.000000
vt 0.352113 0.000000
vt 0.000000 1.000000
vt 0.013889 1.000000
vt 0.013889 0.000000
vt 0.027778 1.000000
vt 0.027778 0.000000
vt 0.041667 1.000000
vt 0.041667 0.000000
vt 0.055556 1.000000
vt 0.055556 0.000000
vt 0.069444 1.000000
vt 0.069444 0.000000
vt 0.083333 1.000000
vt 0.097222 1.000000
vt 0.097222 0.000000
vt 0.111111 1.000000
vt 0.111111 0.000000
vt 0.125000 1.000000
vt 0.125000 0.000000
vt 0.138889 1.000000
vt 0.138889 0.000000
vt 0.152778 1.000000
vt 0.152778 0.000000
vt 0.166667 1.000000
vt 0.180556 1.000000
vt 0.180556 0.000000
vt 0.194444 1.000000
vt 0.194444 0.000000
vt 0.208333 1.000000
vt 0.208333 0.000000
vt 0.222222 1.000000
vt 0.222222 0.000000
vt 0.236111 1.000000
vt 0.236111 0.000000
vt 0.250000 1.000000
vt 0.263889 1.000000
vt 0.263889 0.000000
vt 0.277778 1.000000
vt 0.277778 0.000000
vt 0.291667 1.000000
vt 0.291667 0.000000
vt 0.305556 1.000000
vt 0.305556 0.000000
vt 0.319444 1.000000
vt 0.319444 0.000000
vt 0.333333 1.000000
vt 0.347222 1.000000
vt 0.347222 0.000000
vt 0.361111 1.000000
vt 0.361111 0.000000
vt 0.375000 1.000000
vt 0.375000 0.000000
vt 0.388889 1.000000
vt 0.388889 0.000000
vt 0.402778 1.000000
vt 0.402778 0.000000
vt 0.416667 1.000000
vt 0.430556 1.000000
vt 0.430556 0.000000
vt 0.444444 1.000000
vt 0.444444 0.000000
vt 0.458333 1.000000
vt 0.458333 0.000000
vt 0.472222 1.000000
vt 0.472222 0.000000
vt 0.486111 1.000000
vt 0.486111 0.000000
vt 0.500000 1.000000
vt 0.513889 1.000000
vt 0.513889 0.000000
vt 0.527778 1.000000
vt 0.527778 0.000000
vt 0.541667 1.000000
vt 0.541667 0.000000
vt 0.555556 1.000000
vt 0.555556 0.000000
vt 0.569444 1.000000
vt 0.569444 0.000000
vt 0.583333 1.000000
vt 0.597222 1.000000
vt 0.597222 0.000000
vt 0.611111 1.000000
vt 0.611111 0.000000
vt 0.625000 1.000000
vt 0.625000 0.000000
vt 0.638889 1.000000
vt 0.638889 0.000000
vt 0.652778 1.000000
vt 0.652778 0.000000
vt 0.666667 1.000000
vt 0.680556 1.000000
vt 0.680556 0.000000
vt 0.694444 1.000000
vt 0.694444 0.000000
vt 0.708333 1.000000
vt 0.708333 0.000000
vt 0.722222 1.000000
vt 0.722222 0.000000
vt 0.736111 1.000000
vt 0.736111 0.000000
vt 0.750000 1.000000
vt 0.763889 1.000000
vt 0.763889 0.000000
vt 0.777778 1.000000
vt 0.777778 0.000000
vt 0.791667 1.000000
vt 0.791667 0.000000
vt 0.805556 1.000000
vt 0.805556 0.000000
vt 0.819444 1.000000
vt 0.819444 0.000000
vt 0.833333 1.000000
vt 0.847222 1.000000
vt 0.847222 0.000000
vt 0.861111 1.000000
vt 0.861111 0.000000
vt 0.875000 1.000000
vt 0.875000 0.000000
vt 0.888889 1.000000
vt 0.888889 0.000000
vt 0.902778 1.000000
vt 0.902778 0.000000
vt 0.916667 1.000000
vt 0.930556 1.000000
vt 0.930556 0.000000
vt 0.944444 1.000000
vt 0.944444 0.000000
vt 0.958333 1.000000
vt 0.958333 0.000000
vt 0.972222 1.000000
vt 0.972222 0.000000
vt 0.986111 1.000000
vt 0.986111 0.000000
vt 1.000000 1.000000
vt 0.010417 1.000000
vt 0.010417 0.000000
vt 0.020833 1.000000
vt 0.020833 0.000000
vt 0.031250 1.000000
vt 0.031250 0.000000
vt 0.052083 1.000000
vt 0.052083 0.000000
vt 0.062500 1.000000
vt 0.062500 0.000000
vt 0.072917 1.000000
vt 0.072917 0.000000
vt 0.093750 1.000000
vt 0.093750 0.000000
vt 0.104167 1.000000
vt 0.104167 0.000000
vt 0.114583 1.000000
vt 0.114583 0.000000
vt 0.135417 1.000000
vt 0.135417 0.000000
vt 0.145833 1.000000
vt 0.145833 0.000000
vt 0.156250 1.000000
vt 0.156250 0.000000
vt 0.177083 1.000000
vt 0.177083 0.000000
vt 0.187500 1.000000
vt 0.187500 0.000000
vt 0.197917 1.000000
vt 0.197917 0.000000
vt 0.218750 1.000000
vt 0.218750 0.000000
vt 0.229167 1.000000
vt 0.229167 0.000000
vt 0.239583 1.000000
vt 0.239583 0.000000
vt 0.260417 1.000000
vt 0.260417 0.000000
vt 0.270833 1.000000
vt 0.270833 0.000000
vt 0.281250 1.000000
vt 0.281250 0.000000
vt 0.302083 1.000000
vt 0.302083 0.000000
vt 0.312500 1.000000
vt 0.312500 0.000000
vt 0.322917 1.000000
vt 0.322917 0.000000
vt 0.343750 1.000000
vt 0.343750 0.000000
vt 0.354167 1.000000
vt 0.354167 0.000000
vt 0.364583 1.000000
vt 0.364583 0.000000
vt 0.385417 1.000000
vt 0.385417 0.000000
vt 0.395833 1.000000
vt 0.395833 0.000000
vt 0.406250 1.000000
vt 0.406250 0.000000
vt 0.427083 1.000000
vt 0.427083 0.000000
vt 0.437500 1.000000
vt 0.437500 0.000000
vt 0.447917 1.000000
vt 0.447917 0.000000
vt 0.468750 1.000000
vt 0.468750 0.000000
vt 0.479167 1.000000
vt 0.479167 0.000000
vt 0.489583 1.000000
vt 0.489583 0.000000
vt 0.510417 1.000000
vt 0.510417 0.000000
vt 0.520833 1.000000
vt 0.520833 0.000000
vt 0.531250 1.000000
vt 0.531250 0.000000
vt 0.552083 1.000000
vt 0.552083 0.000000
vt 0.562500 1.000000
vt 0.562500 0.000000
vt 0.572917 1.000000
vt 0.572917 0.000000
vt 0.593750 1.000000
vt 0.593750 0.000000
vt 0.604167 1.000000
vt 0.604167 0.000000
vt 0.614583 1.000000
vt 0.614583 0.000000
vt 0.635417 1.000000
vt 0.635417 0.000000
vt 0.645833 1.000000
vt 0.645833 0.000000
vt 0.656250 1.000000
vt 0.656250 0.000000
vt 0.677083 1.000000
vt 0.677083 0.000000
vt 0.687500 1.000000
vt 0.687500 0.000000
vt 0.697917 1.000000
vt 0.697917 0.000000
vt 0.718750 1.000000
vt 0.718750 0.000000
vt 0.729167 1.000000
vt 0.729167 0.000000
vt 0.739583 1.000000
vt 0.739583 0.000000
vt 0.760417 1.000000
vt 0.760417 0.000000
vt 0.770833 1.000000
vt 0.770833 0.000000
vt 0.781250 1.000000
vt 0.781250 0.000000
vt 0.802083 1.000000
vt 0.802083 0.000000
vt 0.812500 1.000000
vt 0.812500 0.000000
vt 0.822917 1.000000
vt 0.822917 0.000000
vt 0.843750 1.000000
vt 0.843750 0.000000
vt 0.854167 1.000000
vt 0.854167 0.000000
vt 0.864583 1.000000
vt 0.864583 0.000000
vt 0.885417 1.000000
vt 0.885417 0.000000
vt 0.895833 1.000000
vt 0.895833 0.000000
vt 0.906250 1.000000
vt 0.906250 0.000000
vt 0.927083 1.000000
vt 0.927083 0.000000
vt 0.937500 1.000000
vt 0.937500 0.000000
vt 0.947917 1.000000
vt 0.947917 0.000000
vt 0.968750 1.000000
vt 0.968750 0.000000
vt 0.979167 1.000000
vt 0.979167 0.000000
vt 0.989583 1.000000
vt 0.989583 0.000000
vt 0.066667 1.000000
vt 0.133333 1.000000
vt 0.200000 1.000000
vt 0.266667 1.000000
vt 0.400000 1.000000
vt 0.466667 1.000000
vt 0.533333 1.000000
vt 0.600000 1.000000
vt 0.733333 1.000000
vt 0.800000 1.000000
vt 0.866667 1.000000
vt 0.933333 1.000000
vt 0.006803 1.000000
vt 0.006803 0.000000
vt 0.013605 1.000000
vt 0.013605 0.000000
vt 0.020408 1.000000
vt 0.020408 0.000000
vt 0.027211 1.000000
vt 0.027211 0.000000
vt 0.034014 1.000000
vt 0.034014 0.000000
vt 0.040816 1.000000
vt 0.040816 0.000000
vt 0.047619 1.000000
vt 0.047619 0.000000
vt 0.054422 1.000000
vt 0.054422 0.000000
vt 0.061224 1.000000
vt 0.061224 0.000000
vt 0.068027 1.000000
vt 0.068027 0.000000
vt 0.074830 1.000000
vt 0.074830 0.000000
vt 0.081633 1.000000
vt 0.081633 0.000000
vt 0.088435 1.000000
vt 0.088435 0.000000
vt 0.095238 1.000000
vt 0.095238 0.000000
vt 0.102041 1.000000
vt 0.102041 0.000000
vt 0.108844 1.000000
vt 0.108844 0.000000
vt 0.115646 1.000000
vt 0.115646 0.000000
vt 0.122449 1.000000
vt 0.122449 0.000000
vt 0.129252 1.000000
vt 0.129252 0.000000
vt 0.136054 1.000000
vt 0.136054 0.000000
vt 0.142857 1.000000
vt 0.142857 0.000000
vt 0.149660 1.000000
vt 0.149660 0.000000
vt 0.156463 1.000000
vt 0.156463 0.000000
vt 0.163265 1.000000
vt 0.163265 0.000000
vt 0.170068 1.000000
vt 0.170068 0.000000
vt 0.176871 1.000000
vt 0.176871 0.000000
vt 0.183673 1.000000
vt 0.183673 0.000000
vt 0.190476 1.000000
vt 0.190476 0.000000
vt 0.197279 1.000000
vt 0.197279 0.000000
vt 0.204082 1.000000
vt 0.204082 0.000000
vt 0.210884 1.000000
vt 0.210884 0.000000
vt 0.217687 1.000000
vt 0.217687 0.000000
vt 0.224490 1.000000
vt 0.224490 0.000000
vt 0.231293 1.000000
vt 0.231293 0.000000
vt 0.238095 1.000000
vt 0.238095 0.000000
vt 0.244898 1.000000
vt 0.244898 0.000000
vt 0.251701 1.000000
vt 0.251701 0.000000
vt 0.258503 1.000000
vt 0.258503 0.000000
vt 0.265306 1.000000
vt 0.265306 0.000000
vt 0.272109 1.000000
vt 0.272109 0.000000
vt 0.278912 1.000000
vt 0.278912 0.000000
vt 0.285714 1.000000
vt 0.285714 0.000000
vt 0.292517 1.000000
vt 0.292517 0.000000
vt 0.299320 1.000000
vt 0.299320 0.000000
vt 0.306122 1.000000
vt 0.306122 0.000000
vt 0.312925 1.000000
vt 0.312925 0.000000
vt 0.319728 1.000000
vt 0.319728 0.000000
vt 0.326531 1.000000
vt 0.326531 0.000000
vt 0.340136 1.000000
vt 0.340136 0.000000
vt 0.346939 1.000000
vt 0.346939 0.000000
vt 0.353741 1.000000
vt 0.353741 0.000000
vt 0.360544 1.000000
vt 0.360544 0.000000
vt 0.367347 1.000000
vt 0.367347 0.000000
vt 0.374150 1.000000
vt 0.374150 0.000000
vt 0.380952 1.000000
vt 0.380952 0.000000
vt 0.387755 1.000000
vt 0.387755 0.000000
vt 0.394558 1.000000
vt 0.394558 0.000000
vt 0.401361 1.000000
vt 0.401361 0.000000
vt 0.408163 1.000000
vt 0.408163 0.000000
vt 0.414966 1.000000
vt 0.414966 0.000000
vt 0.421769 1.000000
vt 0.421769 0.000000
vt 0.428571 1.000000
vt 0.428571 0.000000
vt 0.435374 1.000000
vt 0.435374 0.000000
vt 0.442177 1.000000
vt 0.442177 0.000000
vt 0.448980 1.000000
vt 0.448980 0.000000
vt 0.455782 1.000000
vt 0.455782 0.000000
vt 0.462585 1.000000
vt 0.462585 0.000000
vt 0.469388 1.000000
vt 0.469388 0.000000
vt 0.476190 1.000000
vt 0.476190 0.000000
vt 0.482993 1.000000
vt 0.482993 0.000000
vt 0.489796 1.000000
vt 0.489796 0.000000
vt 0.496599 1.000000
vt 0.496599 0.000000
vt 0.503401 1.000000
vt 0.503401 0.000000
vt 0.510204 1.000000
vt 0.510204 0.000000
vt 0.517007 1.000000
vt 0.517007 0.000000
vt 0.523810 1.000000
vt 0.523810 0.000000
vt 0.530612 1.000000
vt 0.530612 0.000000
vt 0.537415 1.000000
vt 0.537415 0.000000
vt 0.544218 1.000000
vt 0.544218 0.000000
vt 0.551020 1.000000
vt 0.551020 0.000000
vt 0.557823 1.000000
vt 0.557823 0.000000
vt 0.564626 1.000000
vt 0.564626 0.000000
vt 0.571429 1.000000
vt 0.571429 0.000000
vt 0.578231 1.000000
vt 0.578231 0.000000
vt 0.585034 1.000000
vt 0.585034 0.000000
vt 0.591837 1.000000
vt 0.591837 0.000000
vt 0.598639 1.000000
vt 0.598639 0.000000
vt 0.605442 1.000000
vt 0.605442 0.000000
vt 0.612245 1.000000
vt 0.612245 0.000000
vt 0.619048 1.000000
vt 0.619048 0.000000
vt 0.625850 1.000000
vt 0.625850 0.000000
vt 0.632653 1.000000
vt 0.632653 0.000000
vt 0.639456 1.000000
vt 0.639456 0.000000
vt 0.646259 1.000000
vt 0.646259 0.000000
vt 0.653061 1.000000
vt 0.653061 0.000000
vt 0.659864 1.000000
vt 0.659864 0.000000
vt 0.673469 1.000000
vt 0.673469 0.000000
vt 0.680272 1.000000
vt 0.680272 0.000000
vt 0.687075 1.000000
vt 0.687075 0.000000
vt 0.693878 1.000000
vt 0.693878 0.000000
vt 0.700680 1.000000
vt 0.700680 0.000000
vt 0.707483 1.000000
vt 0.707483 0.000000
vt 0.714286 1.000000
vt 0.714286 0.000000
vt 0.721088 1.000000
vt 0.721088 0.000000
vt 0.727891 1.000000
vt 0.727891 0.000000
vt 0.734694 1.000000
vt 0.734694 0.000000
vt 0.741497 1.000000
vt 0.741497 0.000000
vt 0.748299 1.000000
vt 0.748299 0.000000
vt 0.755102 1.000000
vt 0.755102 0.000000
vt 0.761905 1.000000
vt 0.761905 0.000000
vt 0.768707 1.000000
vt 0.768707 0.000000
vt 0.775510 1.000000
vt 0.775510 0.000000
vt 0.782313 1.000000
vt 0.782313 0.000000
vt 0.789116 1.000000
vt 0.789116 0.000000
vt 0.795918 1.000000
vt 0.795918 0.000000
vt 0.802721 1.000000
vt 0.802721 0.000000
vt 0.809524 1.000000
vt 0.809524 0.000000
vt 0.816327 1.000000
vt 0.816327 0.000000
vt 0.823129 1.000000
vt 0.823129 0.000000
vt 0.829932 1.000000
vt 0.829932 0.000000
vt 0.836735 1.000000
vt 0.836735 0.000000
vt 0.843537 1.000000
vt 0.843537 0.000000
vt 0.850340 1.000000
vt 0.850340 0.000000
vt 0.857143 1.000000
vt 0.857143 0.000000
vt 0.863946 1.000000
vt 0.863946 0.000000
vt 0.870748 1.000000
vt 0.870748 0.000000
vt 0.877551 1.000000
vt 0.877551 0.000000
vt 0.884354 1.000000
vt 0.884354 0.000000
vt 0.891156 1.000000
vt 0.891156 0.000000
vt 0.897959 1.000000
vt 0.897959 0.000000
vt 0.904762 1.000000
vt 0.904762 0.000000
vt 0.911565 1.000000
vt 0.911565 0.000000
vt 0.918367 1.000000
vt 0.918367 0.000000
vt 0.925170 1.000000
vt 0.925170 0.000000
vt 0.931973 1.000000
vt 0.931973 0.000000
vt 0.938776 1.000000
vt 0.938776 0.000000
vt 0.945578 1.000000
vt 0.945578 0.000000
vt 0.952381 1.000000
vt 0.952381 0.000000
vt 0.959184 1.000000
vt 0.959184 0.000000
vt 0.965986 1.000000
vt 0.965986 0.000000
vt 0.972789 1.000000
vt 0.972789 0.000000
vt 0.979592 1.000000
vt 0.979592 0.000000
vt 0.986395 1.000000
vt 0.986395 0.000000
vt 0.993197 1.000000
vt 0.993197 0.000000
vt 0.071429 1.000000
vt 0.071429 0.000000
vt 0.214286 1.000000
vt 0.214286 0.000000
vt 0.357143 1.000000
vt 0.357143 0.000000
vt 0.642857 1.000000
vt 0.642857 0.000000
vt 0.785714 1.000000
vt 0.785714 0.000000
vt 0.928571 1.000000
vt 0.928571 0.000000
vt 0.005747 1.000000
vt 0.005747 0.000000
vt 0.011494 1.000000
vt 0.011494 0.000000
vt 0.017241 1.000000
vt 0.017241 0.000000
vt 0.022989 1.000000
vt 0.022989 0.000000
vt 0.028736 1.000000
vt 0.028736 0.000000
vt 0.034483 1.000000
vt 0.034483 0.000000
vt 0.040230 1.000000
vt 0.040230 0.000000
vt 0.045977 1.000000
vt 0.045977 0.000000
vt 0.051724 1.000000
vt 0.051724 0.000000
vt 0.057471 1.000000
vt 0.057471 0.000000
vt 0.063218 1.000000
vt 0.063218 0.000000
vt 0.068966 1.000000
vt 0.068966 0.000000
vt 0.074713 1.000000
vt 0.074713 0.000000
vt 0.080460 1.000000
vt 0.080460 0.000000
vt 0.086207 1.000000
vt 0.086207 0.000000
vt 0.091954 1.000000
vt 0.091954 0.000000
vt 0.097701 1.000000
vt 0.097701 0.000000
vt 0.103448 1.000000
vt 0.103448 0.000000
vt 0.109195 1.000000
vt 0.109195 0.000000
vt 0.114943 1.000000
vt 0.114943 0.000000
vt 0.120690 1.000000
vt 0.120690 0.000000
vt 0.126437 1.000000
vt 0.126437 0.000000
vt 0.132184 1.000000
vt 0.132184 0.000000
vt 0.137931 1.000000
vt 0.137931 0.000000
vt 0.143678 1.000000
vt 0.143678 0.000000
vt 0.149425 1.000000
vt 0.149425 0.000000
vt 0.155172 1.000000
vt 0.155172 0.000000
vt 0.160920 1.000000
vt 0.160920 0.000000
vt 0.172414 1.000000
vt 0.172414 0.000000
vt 0.178161 1.000000
vt 0.178161 0.000000
vt 0.183908 1.000000
vt 0.183908 0.000000
vt 0.189655 1.000000
vt 0.189655 0.000000
vt 0.195402 1.000000
vt 0.195402 0.000000
vt 0.201149 1.000000
vt 0.201149 0.000000
vt 0.206897 1.000000
vt 0.206897 0.000000
vt 0.212644 1.000000
vt 0.212644 0.000000
vt 0.218391 1.000000
vt 0.218391 0.000000
vt 0.224138 1.000000
vt 0.224138 0.000000
vt 0.229885 1.000000
vt 0.229885 0.000000
vt 0.235632 1.000000
vt 0.235632 0.000000
vt 0.241379 1.000000
vt 0.241379 0.000000
vt 0.247126 1.000000
vt 0.247126 0.000000
vt 0.252874 1.000000
vt 0.252874 0.000000
vt 0.258621 1.000000
vt 0.258621 0.000000
vt 0.264368 1.000000
vt 0.264368 0.000000
vt 0.270115 1.000000
vt 0.270115 0.000000
vt 0.275862 1.000000
vt 0.275862 0.000000
vt 0.281609 1.000000
vt 0.281609 0.000000
vt 0.287356 1.000000
vt 0.287356 0.000000
vt 0.293103 1.000000
vt 0.293103 0.000000
vt 0.298851 1.000000
vt 0.298851 0.000000
vt 0.304598 1.000000
vt 0.304598 0.000000
vt 0.310345 1.000000
vt 0.310345 0.000000
vt 0.316092 1.000000
vt 0.316092 0.000000
vt 0.321839 1.000000
vt 0.321839 0.000000
vt 0.327586 1.000000
vt 0.327586 0.000000
vt 0.339080 1.000000
vt 0.339080 0.000000
vt 0.344828 1.000000
vt 0.344828 0.000000
vt 0.350575 1.000000
vt 0.350575 0.000000
vt 0.356322 1.000000
vt 0.356322 0.000000
vt 0.362069 1.000000
vt 0.362069 0.000000
vt 0.367816 1.000000
vt 0.367816 0.000000
vt 0.373563 1.000000
vt 0.373563 0.000000
vt 0.379310 1.000000
vt 0.379310 0.000000
vt 0.385057 1.000000
vt 0.385057 0.000000
vt 0.390805 1.000000
vt 0.390805 0.000000
vt 0.396552 1.000000
vt 0.396552 0.000000
vt 0.402299 1.000000
vt 0.402299 0.000000
vt 0.408046 1.000000
vt 0.408046 0.000000
vt 0.413793 1.000000
vt 0.413793 0.000000
vt 0.419540 1.000000
vt 0.419540 0.000000
vt 0.425287 1.000000
vt 0.425287 0.000000
vt 0.431034 1.000000
vt 0.431034 0.000000
vt 0.436782 1.000000
vt 0.436782 0.000000
vt 0.442529 1.000000
vt 0.442529 0.000000
vt 0.448276 1.000000
vt 0.448276 0.000000
vt 0.454023 1.000000
vt 0.454023 0.000000
vt 0.459770 1.000000
vt 0.459770 0.000000
vt 0.465517 1.000000
vt 0.465517 0.000000
vt 0.471264 1.000000
vt 0.471264 0.000000
vt 0.477012 1.000000
vt 0.477012 0.000000
vt 0.482759 1.000000
vt 0.482759 0.000000
vt 0.488506 1.000000
vt 0.488506 0.000000
vt 0.494253 1.000000
vt 0.494253 0.000000
vt 0.505747 1.000000
vt 0.505747 0.000000
vt 0.511494 1.000000
vt 0.511494 0.000000
vt 0.517241 1.000000
vt 0.517241 0.000000
vt 0.522988 1.000000
vt 0.522988 0.000000
vt 0.528736 1.000000
vt 0.528736 0.000000
vt 0.534483 1.000000
vt 0.534483 0.000000
vt 0.540230 1.000000
vt 0.540230 0.000000
vt 0.545977 1.000000
vt 0.545977 0.000000
vt 0.551724 1.000000
vt 0.551724 0.000000
vt 0.557471 1.000000
vt 0.557471 0.000000
vt 0.563218 1.000000
vt 0.563218 0.000000
vt 0.568965 1.000000
vt 0.568965 0.000000
vt 0.574713 1.000000
vt 0.574713 0.000000
vt 0.580460 1.000000
vt 0.580460 0.000000
vt 0.586207 1.000000
vt 0.586207 0.000000
vt 0.591954 1.000000
vt 0.591954 0.000000
vt 0.597701 1.000000
vt 0.597701 0.000000
vt 0.603448 1.000000
vt 0.603448 0.000000
vt 0.609195 1.000000
vt 0.609195 0.000000
vt 0.614943 1.000000
vt 0.614943 0.000000
vt 0.620690 1.000000
vt 0.620690 0.000000
vt 0.626437 1.000000
vt 0.626437 0.000000
vt 0.632184 1.000000
vt 0.632184 0.000000
vt 0.637931 1.000000
vt 0.637931 0.000000
vt 0.643678 1.000000
vt 0.643678 0.000000
vt 0.649425 1.000000
vt 0.649425 0.000000
vt 0.655172 1.000000
vt 0.655172 0.000000
vt 0.660920 1.000000
vt 0.660920 0.000000
vt 0.672414 1.000000
vt 0.672414 0.000000
vt 0.678161 1.000000
vt 0.678161 0.000000
vt 0.683908 1.000000
vt 0.683908 0.000000
vt 0.689655 1.000000
vt 0.689655 0.000000
vt 0.695402 1.000000
vt 0.695402 0.000000
vt 0.701149 1.000000
vt 0.701149 0.000000
vt 0.706897 1.000000
vt 0.706897 0.000000
vt 0.712644 1.000000
vt 0.712644 0.000000
vt 0.718391 1.000000
vt 0.718391 0.000000
vt 0.724138 1.000000
vt 0.724138 0.000000
vt 0.729885 1.000000
vt 0.729885 0.000000
vt 0.735632 1.000000
vt 0.735632 0.000000
vt 0.741379 1.000000
vt 0.741379 0.000000
vt 0.747126 1.000000
vt 0.747126 0.000000
vt 0.752874 1.000000
vt 0.752874 0.000000
vt 0.758621 1.000000
vt 0.758621 0.000000
vt 0.764368 1.000000
vt 0.764368 0.000000
vt 0.770115 1.000000
vt 0.770115 0.000000
vt 0.775862 1.000000
vt 0.775862 0.000000
vt 0.781609 1.000000
vt 0.781609 0.000000
vt 0.787356 1.000000
vt 0.787356 0.000000
vt 0.793103 1.000000
vt 0.793103 0.000000
vt 0.798851 1.000000
vt 0.798851 0.000000
vt 0.804598 1.000000
vt 0.804598 0.000000
vt 0.810345 1.000000
vt 0.810345 0.000000
vt 0.816092 1.000000
vt 0.816092 0.000000
vt 0.821839 1.000000
vt 0.821839 0.000000
vt 0.827586 1.000000
vt 0.827586 0.000000
vt 0.839080 1.000000
vt 0.839080 0.000000
vt 0.844828 1.000000
vt 0.844828 0.000000
vt 0.850575 1.000000
vt 0.850575 0.000000
vt 0.856322 1.000000
vt 0.856322 0.000000
vt 0.862069 1.000000
vt 0.862069 0.000000
vt 0.867816 1.000000
vt 0.867816 0.000000
vt 0.873563 1.000000
vt 0.873563 0.000000
vt 0.879310 1.000000
vt 0.879310 0.000000
vt 0.885057 1.000000
vt 0.885057 0.000000
vt 0.890805 1.000000
vt 0.890805 0.000000
vt 0.896552 1.000000
vt 0.896552 0.000000
vt 0.902299 1.000000
vt 0.902299 0.000000
vt 0.908046 1.000000
vt 0.908046 0.000000
vt 0.913793 1.000000
vt 0.913793 0.000000
vt 0.919540 1.000000
vt 0.919540 0.000000
vt 0.925287 1.000000
vt 0.925287 0.000000
vt 0.931035 1.000000
vt 0.931035 0.000000
vt 0.936782 1.000000
vt 0.936782 0.000000
vt 0.942529 1.000000
vt 0.942529 0.000000
vt 0.948276 1.000000
vt 0.948276 0.000000
vt 0.954023 1.000000
vt 0.954023 0.000000
vt 0.959770 1.000000
vt 0.959770 0.000000
vt 0.965517 1.000000
vt 0.965517 0.000000
vt 0.971264 1.000000
vt 0.971264 0.000000
vt 0.977012 1.000000
vt 0.977012 0.000000
vt 0.982759 1.000000
vt 0.982759 0.000000
vt 0.988506 1.000000
vt 0.988506 0.000000
vt 0.994253 1.000000
vt 0.994253 0.000000
vt 0.009615 1.000000
vt 0.009615 0.000000
vt 0.019231 1.000000
vt 0.028846 1.000000
vt 0.028846 0.000000
vt 0.038462 1.000000
vt 0.048077 1.000000
vt 0.048077 0.000000
vt 0.057692 1.000000
vt 0.067308 1.000000
vt 0.067308 0.000000
vt 0.076923 1.000000
vt 0.086538 1.000000
vt 0.086538 0.000000
vt 0.096154 1.000000
vt 0.105769 1.000000
vt 0.105769 0.000000
vt 0.115385 1.000000
vt 0.134615 1.000000
vt 0.144231 1.000000
vt 0.144231 0.000000
vt 0.153846 1.000000
vt 0.163462 1.000000
vt 0.163462 0.000000
vt 0.173077 1.000000
vt 0.182692 1.000000
vt 0.182692 0.000000
vt 0.192308 1.000000
vt 0.201923 1.000000
vt 0.201923 0.000000
vt 0.211538 1.000000
vt 0.221154 1.000000
vt 0.221154 0.000000
vt 0.230769 1.000000
vt 0.240385 1.000000
vt 0.240385 0.000000
vt 0.259615 1.000000
vt 0.259615 0.000000
vt 0.269231 1.000000
vt 0.278846 1.000000
vt 0.278846 0.000000
vt 0.288462 1.000000
vt 0.298077 1.000000
vt 0.298077 0.000000
vt 0.307692 1.000000
vt 0.317308 1.000000
vt 0.317308 0.000000
vt 0.326923 1.000000
vt 0.336538 1.000000
vt 0.336538 0.000000
vt 0.346154 1.000000
vt 0.355769 1.000000
vt 0.355769 0.000000
vt 0.365385 1.000000
vt 0.384615 1.000000
vt 0.394231 1.000000
vt 0.394231 0.000000
vt 0.403846 1.000000
vt 0.413462 1.000000
vt 0.413462 0.000000
vt 0.423077 1.000000
vt 0.432692 1.000000
vt 0.432692 0.000000
vt 0.442308 1.000000
vt 0.451923 1.000000
vt 0.451923 0.000000
vt 0.461538 1.000000
vt 0.471154 1.000000
vt 0.471154 0.000000
vt 0.480769 1.000000
vt 0.490385 1.000000
vt 0.490385 0.000000
vt 0.509615 1.000000
vt 0.509615 0.000000
vt 0.519231 1.000000
vt 0.528846 1.000000
vt 0.528846 0.000000
vt 0.538462 1.000000
vt 0.548077 1.000000
vt 0.548077 0.000000
vt 0.557692 1.000000
vt 0.567308 1.000000
vt 0.567308 0.000000
vt 0.576923 1.000000
vt 0.586538 1.000000
vt 0.586538 0.000000
vt 0.596154 1.000000
vt 0.605769 1.000000
vt 0.605769 0.000000
vt 0.615385 1.000000
vt 0.634615 1.000000
vt 0.644231 1.000000
vt 0.644231 0.000000
vt 0.653846 1.000000
vt 0.663462 1.000000
vt 0.663462 0.000000
vt 0.673077 1.000000
vt 0.682692 1.000000
vt 0.682692 0.000000
vt 0.692308 1.000000
vt 0.701923 1.000000
vt 0.701923 0.000000
vt 0.711538 1.000000
vt 0.721154 1.000000
vt 0.721154 0.000000
vt 0.730769 1.000000
vt 0.740385 1.000000
vt 0.740385 0.000000
vt 0.759615 1.000000
vt 0.759615 0.000000
vt 0.769231 1.000000
vt 0.778846 1.000000
vt 0.778846 0.000000
vt 0.788462 1.000000
vt 0.798077 1.000000
vt 0.798077 0.000000
vt 0.807692 1.000000
vt 0.817308 1.000000
vt 0.817308 0.000000
vt 0.826923 1.000000
vt 0.836538 1.000000
vt 0.836538 0.000000
vt 0.846154 1.000000
vt 0.855769 1.000000
vt 0.855769 0.000000
vt 0.865385 1.000000
vt 0.884615 1.000000
vt 0.894231 1.000000
vt 0.894231 0.000000
vt 0.903846 1.000000
vt 0.913462 1.000000
vt 0.913462 0.000000
vt 0.923077 1.000000
vt 0.932692 1.000000
vt 0.932692 0.000000
vt 0.942308 1.000000
vt 0.951923 1.000000
vt 0.951923 0.000000
vt 0.961538 1.000000
vt 0.971154 1.000000
vt 0.971154 0.000000
vt 0.980769 1.000000
vt 0.990385 1.000000
vt 0.990385 0.000000
vt 0.004082 1.000000
vt 0.004082 0.000000
vt 0.008163 1.000000
vt 0.008163 0.000000
vt 0.012245 1.000000
vt 0.012245 0.000000
vt 0.016327 1.000000
vt 0.016327 0.000000
vt 0.024490 1.000000
vt 0.024490 0.000000
vt 0.028571 1.000000
vt 0.028571 0.000000
vt 0.032653 1.000000
vt 0.032653 0.000000
vt 0.036735 1.000000
vt 0.036735 0.000000
vt 0.044898 1.000000
vt 0.044898 0.000000
vt 0.048980 1.000000
vt 0.048980 0.000000
vt 0.053061 1.000000
vt 0.053061 0.000000
vt 0.057143 1.000000
vt 0.057143 0.000000
vt 0.065306 1.000000
vt 0.065306 0.000000
vt 0.069388 1.000000
vt 0.069388 0.000000
vt 0.073469 1.000000
vt 0.073469 0.000000
vt 0.077551 1.000000
vt 0.077551 0.000000
vt 0.085714 1.000000
vt 0.085714 0.000000
vt 0.089796 1.000000
vt 0.089796 0.000000
vt 0.093878 1.000000
vt 0.093878 0.000000
vt 0.097959 1.000000
vt 0.097959 0.000000
vt 0.106122 1.000000
vt 0.106122 0.000000
vt 0.110204 1.000000
vt 0.110204 0.000000
vt 0.114286 1.000000
vt 0.114286 0.000000
vt 0.118367 1.000000
vt 0.118367 0.000000
vt 0.126531 1.000000
vt 0.126531 0.000000
vt 0.130612 1.000000
vt 0.130612 0.000000
vt 0.134694 1.000000
vt 0.134694 0.000000
vt 0.138776 1.000000
vt 0.138776 0.000000
vt 0.146939 1.000000
vt 0.146939 0.000000
vt 0.151020 1.000000
vt 0.151020 0.000000
vt 0.155102 1.000000
vt 0.155102 0.000000
vt 0.159184 1.000000
vt 0.159184 0.000000
vt 0.167347 1.000000
vt 0.167347 0.000000
vt 0.171429 1.000000
vt 0.171429 0.000000
vt 0.175510 1.000000
vt 0.175510 0.000000
vt 0.179592 1.000000
vt 0.179592 0.000000
vt 0.187755 1.000000
vt 0.187755 0.000000
vt 0.191837 1.000000
vt 0.191837 0.000000
vt 0.195918 1.000000
vt 0.195918 0.000000
vt 0.208163 1.000000
vt 0.208163 0.000000
vt 0.212245 1.000000
vt 0.212245 0.000000
vt 0.216327 1.000000
vt 0.216327 0.000000
vt 0.220408 1.000000
vt 0.220408 0.000000
vt 0.228571 1.000000
vt 0.228571 0.000000
vt 0.232653 1.000000
vt 0.232653 0.000000
vt 0.236735 1.000000
vt 0.236735 0.000000
vt 0.240816 1.000000
vt 0.240816 0.000000
vt 0.248980 1.000000
vt 0.248980 0.000000
vt 0.253061 1.000000
vt 0.253061 0.000000
vt 0.257143 1.000000
vt 0.257143 0.000000
vt 0.261224 1.000000
vt 0.261224 0.000000
vt 0.269388 1.000000
vt 0.269388 0.000000
vt 0.273469 1.000000
vt 0.273469 0.000000
vt 0.277551 1.000000
vt 0.277551 0.000000
vt 0.281633 1.000000
vt 0.281633 0.000000
vt 0.289796 1.000000
vt 0.289796 0.000000
vt 0.293878 1.000000
vt 0.293878 0.000000
vt 0.297959 1.000000
vt 0.297959 0.000000
vt 0.302041 1.000000
vt 0.302041 0.000000
vt 0.310204 1.000000
vt 0.310204 0.000000
vt 0.314286 1.000000
vt 0.314286 0.000000
vt 0.318367 1.000000
vt 0.318367 0.000000
vt 0.322449 1.000000
vt 0.322449 0.000000
vt 0.330612 1.000000
vt 0.330612 0.000000
vt 0.334694 1.000000
vt 0.334694 0.000000
vt 0.338776 1.000000
vt 0.338776 0.000000
vt 0.342857 1.000000
vt 0.342857 0.000000
vt 0.351020 1.000000
vt 0.351020 0.000000
vt 0.355102 1.000000
vt 0.355102 0.000000
vt 0.359184 1.000000
vt 0.359184 0.000000
vt 0.363265 1.000000
vt 0.363265 0.000000
vt 0.371429 1.000000
vt 0.371429 0.000000
vt 0.375510 1.000000
vt 0.375510 0.000000
vt 0.379592 1.000000
vt 0.379592 0.000000
vt 0.383673 1.000000
vt 0.383673 0.000000
vt 0.391837 1.000000
vt 0.391837 0.000000
vt 0.395918 1.000000
vt 0.395918 0.000000
vt 0.404082 1.000000
vt 0.404082 0.000000
vt 0.412245 1.000000
vt 0.412245 0.000000
vt 0.416327 1.000000
vt 0.416327 0.000000
vt 0.420408 1.000000
vt 0.420408 0.000000
vt 0.424490 1.000000
vt 0.424490 0.000000
vt 0.432653 1.000000
vt 0.432653 0.000000
vt 0.436735 1.000000
vt 0.436735 0.000000
vt 0.440816 1.000000
vt 0.440816 0.000000
vt 0.444898 1.000000
vt 0.444898 0.000000
vt 0.453061 1.000000
vt 0.453061 0.000000
vt 0.457143 1.000000
vt 0.457143 0.000000
vt 0.461224 1.000000
vt 0.461224 0.000000
vt 0.465306 1.000000
vt 0.465306 0.000000
vt 0.473469 1.000000
vt 0.473469 0.000000
vt 0.477551 1.000000
vt 0.477551 0.000000
vt 0.481633 1.000000
vt 0.481633 0.000000
vt 0.485714 1.000000
vt 0.485714 0.000000
vt 0.493878 1.000000
vt 0.493878 0.000000
vt 0.497959 1.000000
vt 0.497959 0.000000
vt 0.502041 1.000000
vt 0.502041 0.000000
vt 0.506122 1.000000
vt 0.506122 0.000000
vt 0.514286 1.000000
vt 0.514286 0.000000
vt 0.518367 1.000000
vt 0.518367 0.000000
vt 0.522449 1.000000
vt 0.522449 0.000000
vt 0.526531 1.000000
vt 0.526531 0.000000
vt 0.534694 1.000000
vt 0.534694 0.000000
vt 0.538776 1.000000
vt 0.538776 0.000000
vt 0.542857 1.000000
vt 0.542857 0.000000
vt 0.546939 1.000000
vt 0.546939 0.000000
vt 0.555102 1.000000
vt 0.555102 0.000000
vt 0.559184 1.000000
vt 0.559184 0.000000
vt 0.563265 1.000000
vt 0.563265 0.000000
vt 0.567347 1.000000
vt 0.567347 0.000000
vt 0.575510 1.000000
vt 0.575510 0.000000
vt 0.579592 1.000000
vt 0.579592 0.000000
vt 0.583673 1.000000
vt 0.583673 0.000000
vt 0.587755 1.000000
vt 0.587755 0.000000
vt 0.595918 1.000000
vt 0.595918 0.000000
vt 0.604082 1.000000
vt 0.604082 0.000000
vt 0.608163 1.000000
vt 0.608163 0.000000
vt 0.616327 1.000000
vt 0.616327 0.000000
vt 0.620408 1.000000
vt 0.620408 0.000000
vt 0.624490 1.000000
vt 0.624490 0.000000
vt 0.628571 1.000000
vt 0.628571 0.000000
vt 0.636735 1.000000
vt 0.636735 0.000000
vt 0.640816 1.000000
vt 0.640816 0.000000
vt 0.644898 1.000000
vt 0.644898 0.000000
vt 0.648980 1.000000
vt 0.648980 0.000000
vt 0.657143 1.000000
vt 0.657143 0.000000
vt 0.661224 1.000000
vt 0.661224 0.000000
vt 0.665306 1.000000
vt 0.665306 0.000000
vt 0.669388 1.000000
vt 0.669388 0.000000
vt 0.677551 1.000000
vt 0.677551 0.000000
vt 0.681633 1.000000
vt 0.681633 0.000000
vt 0.685714 1.000000
vt 0.685714 0.000000
vt 0.689796 1.000000
vt 0.689796 0.000000
vt 0.697959 1.000000
vt 0.697959 0.000000
vt 0.702041 1.000000
vt 0.702041 0.000000
vt 0.706122 1.000000
vt 0.706122 0.000000
vt 0.710204 1.000000
vt 0.710204 0.000000
vt 0.718367 1.000000
vt 0.718367 0.000000
vt 0.722449 1.000000
vt 0.722449 0.000000
vt 0.726531 1.000000
vt 0.726531 0.000000
vt 0.730612 1.000000
vt 0.730612 0.000000
vt 0.738775 1.000000
vt 0.738775 0.000000
vt 0.742857 1.000000
vt 0.742857 0.000000
vt 0.746939 1.000000
vt 0.746939 0.000000
vt 0.751020 1.000000
vt 0.751020 0.000000
vt 0.759184 1.000000
vt 0.759184 0.000000
vt 0.763265 1.000000
vt 0.763265 0.000000
vt 0.767347 1.000000
vt 0.767347 0.000000
vt 0.771429 1.000000
vt 0.771429 0.000000
vt 0.779592 1.000000
vt 0.779592 0.000000
vt 0.783673 1.000000
vt 0.783673 0.000000
vt 0.787755 1.000000
vt 0.787755 0.000000
vt 0.791837 1.000000
vt 0.791837 0.000000
vt 0.804082 1.000000
vt 0.804082 0.000000
vt 0.808163 1.000000
vt 0.808163 0.000000
vt 0.812245 1.000000
vt 0.812245 0.000000
vt 0.820408 1.000000
vt 0.820408 0.000000
vt 0.824490 1.000000
vt 0.824490 0.000000
vt 0.828571 1.000000
vt 0.828571 0.000000
vt 0.832653 1.000000
vt 0.832653 0.000000
vt 0.840816 1.000000
vt 0.840816 0.000000
vt 0.844898 1.000000
vt 0.844898 0.000000
vt 0.848980 1.000000
vt 0.848980 0.000000
vt 0.853061 1.000000
vt 0.853061 0.000000
vt 0.861224 1.000000
vt 0.861224 0.000000
vt 0.865306 1.000000
vt 0.865306 0.000000
vt 0.869388 1.000000
vt 0.869388 0.000000
vt 0.873469 1.000000
vt 0.873469 0.000000
vt 0.881633 1.000000
vt 0.881633 0.000000
vt 0.885714 1.000000
vt 0.885714 0.000000
vt 0.889796 1.000000
vt 0.889796 0.000000
vt 0.893878 1.000000
vt 0.893878 0.000000
vt 0.902041 1.000000
vt 0.902041 0.000000
vt 0.906122 1.000000
vt 0.906122 0.000000
vt 0.910204 1.000000
vt 0.910204 0.000000
vt 0.914286 1.000000
vt 0.914286 0.000000
vt 0.922449 1.000000
vt 0.922449 0.000000
vt 0.926531 1.000000
vt 0.926531 0.000000
vt 0.930612 1.000000
vt 0.930612 0.000000
vt 0.934694 1.000000
vt 0.934694 0.000000
vt 0.942857 1.000000
vt 0.942857 0.000000
vt 0.946939 1.000000
vt 0.946939 0.000000
vt 0.951020 1.000000
vt 0.951020 0.000000
vt 0.955102 1.000000
vt 0.955102 0.000000
vt 0.963265 1.000000
vt 0.963265 0.000000
vt 0.967347 1.000000
vt 0.967347 0.000000
vt 0.971429 1.000000
vt 0.971429 0.000000
vt 0.975510 1.000000
vt 0.975510 0.000000
vt 0.983673 1.000000
vt 0.983673 0.000000
vt 0.987755 1.000000
vt 0.987755 0.000000
vt 0.991837 1.000000
vt 0.991837 0.000000
vt 0.995918 1.000000
vt 0.995918 0.000000
vt 0.009174 1.000000
vt 0.009174 0.000000
vt 0.018349 1.000000
vt 0.018349 0.000000
vt 0.027523 1.000000
vt 0.027523 0.000000
vt 0.036697 1.000000
vt 0.036697 0.000000
vt 0.045872 1.000000
vt 0.045872 0.000000
vt 0.055046 1.000000
vt 0.055046 0.000000
vt 0.064220 1.000000
vt 0.064220 0.000000
vt 0.073394 1.000000
vt 0.073394 0.000000
vt 0.082569 1.000000
vt 0.082569 0.000000
vt 0.091743 1.000000
vt 0.091743 0.000000
vt 0.100917 1.000000
vt 0.100917 0.000000
vt 0.110092 1.000000
vt 0.110092 0.000000
vt 0.119266 1.000000
vt 0.119266 0.000000
vt 0.128440 1.000000
vt 0.128440 0.000000
vt 0.137615 1.000000
vt 0.137615 0.000000
vt 0.146789 1.000000
vt 0.146789 0.000000
vt 0.155963 1.000000
vt 0.155963 0.000000
vt 0.165138 1.000000
vt 0.165138 0.000000
vt 0.174312 1.000000
vt 0.174312 0.000000
vt 0.183486 1.000000
vt 0.183486 0.000000
vt 0.192661 1.000000
vt 0.192661 0.000000
vt 0.201835 1.000000
vt 0.201835 0.000000
vt 0.211009 1.000000
vt 0.211009 0.000000
vt 0.220183 1.000000
vt 0.220183 0.000000
vt 0.229358 1.000000
vt 0.229358 0.000000
vt 0.238532 1.000000
vt 0.238532 0.000000
vt 0.247706 1.000000
vt 0.247706 0.000000
vt 0.256881 1.000000
vt 0.256881 0.000000
vt 0.266055 1.000000
vt 0.266055 0.000000
vt 0.275229 1.000000
vt 0.275229 0.000000
vt 0.284404 1.000000
vt 0.284404 0.000000
vt 0.293578 1.000000
vt 0.293578 0.000000
vt 0.302752 1.000000
vt 0.302752 0.000000
vt 0.311927 1.000000
vt 0.311927 0.000000
vt 0.321101 1.000000
vt 0.321101 0.000000
vt 0.330275 1.000000
vt 0.330275 0.000000
vt 0.339450 1.000000
vt 0.339450 0.000000
vt 0.348624 1.000000
vt 0.348624 0.000000
vt 0.357798 1.000000
vt 0.357798 0.000000
vt 0.366972 1.000000
vt 0.366972 0.000000
vt 0.376147 1.000000
vt 0.376147 0.000000
vt 0.385321 1.000000
vt 0.385321 0.000000
vt 0.394495 1.000000
vt 0.394495 0.000000
vt 0.403670 1.000000
vt 0.403670 0.000000
vt 0.412844 1.000000
vt 0.412844 0.000000
vt 0.422018 1.000000
vt 0.422018 0.000000
vt 0.431193 1.000000
vt 0.431193 0.000000
vt 0.440367 1.000000
vt 0.440367 0.000000
vt 0.449541 1.000000
vt 0.449541 0.000000
vt 0.458716 1.000000
vt 0.458716 0.000000
vt 0.467890 1.000000
vt 0.467890 0.000000
vt 0.477064 1.000000
vt 0.477064 0.000000
vt 0.486239 1.000000
vt 0.486239 0.000000
vt 0.495413 1.000000
vt 0.495413 0.000000
vt 0.504587 1.000000
vt 0.504587 0.000000
vt 0.513761 1.000000
vt 0.513761 0.000000
vt 0.522936 1.000000
vt 0.522936 0.000000
vt 0.532110 1.000000
vt 0.532110 0.000000
vt 0.541284 1.000000
vt 0.541284 0.000000
vt 0.550459 1.000000
vt 0.550459 0.000000
vt 0.559633 1.000000
vt 0.559633 0.000000
vt 0.568807 1.000000
vt 0.568807 0.000000
vt 0.577982 1.000000
vt 0.577982 0.000000
vt 0.587156 1.000000
vt 0.587156 0.000000
vt 0.596330 1.000000
vt 0.596330 0.000000
vt 0.605505 1.000000
vt 0.605505 0.000000
vt 0.614679 1.000000
vt 0.614679 0.000000
vt 0.623853 1.000000
vt 0.623853 0.000000
vt 0.633027 1.000000
vt 0.633027 0.000000
vt 0.642202 1.000000
vt 0.642202 0.000000
vt 0.651376 1.000000
vt 0.651376 0.000000
vt 0.660550 1.000000
vt 0.660550 0.000000
vt 0.669725 1.000000
vt 0.669725 0.000000
vt 0.678899 1.000000
vt 0.678899 0.000000
vt 0.688073 1.000000
vt 0.688073 0.000000
vt 0.697248 1.000000
vt 0.697248 0.000000
vt 0.706422 1.000000
vt 0.706422 0.000000
vt 0.715596 1.000000
vt 0.715596 0.000000
vt 0.724771 1.000000
vt 0.724771 0.000000
vt 0.733945 1.000000
vt 0.733945 0.000000
vt 0.743119 1.000000
vt 0.743119 0.000000
vt 0.752294 1.000000
vt 0.752294 0.000000
vt 0.761468 1.000000
vt 0.761468 0.000000
vt 0.770642 1.000000
vt 0.770642 0.000000
vt 0.779817 1.000000
vt 0.779817 0.000000
vt 0.788991 1.000000
vt 0.788991 0.000000
vt 0.798165 1.000000
vt 0.798165 0.000000
vt 0.807339 1.000000
vt 0.807339 0.000000
vt 0.816514 1.000000
vt 0.816514 0.000000
vt 0.825688 1.000000
vt 0.825688 0.000000
vt 0.834862 1.000000
vt 0.834862 0.000000
vt 0.844037 1.000000
vt 0.844037 0.000000
vt 0.853211 1.000000
vt 0.853211 0.000000
vt 0.862385 1.000000
vt 0.862385 0.000000
vt 0.871560 1.000000
vt 0.871560 0.000000
vt 0.880734 1.000000
vt 0.880734 0.000000
vt 0.889908 1.000000
vt 0.889908 0.000000
vt 0.899083 1.000000
vt 0.899083 0.000000
vt 0.908257 1.000000
vt 0.908257 0.000000
vt 0.917431 1.000000
vt 0.917431 0.000000
vt 0.926606 1.000000
vt 0.926606 0.000000
vt 0.935780 1.000000
vt 0.935780 0.000000
vt 0.944954 1.000000
vt 0.944954 0.000000
vt 0.954128 1.000000
vt 0.954128 0.000000
vt 0.963303 1.000000
vt 0.963303 0.000000
vt 0.972477 1.000000
vt 0.972477 0.000000
vt 0.981651 1.000000
vt 0.981651 0.000000
vt 0.990826 1.000000
vt 0.990826 0.000000
vt 0.015152 1.000000
vt 0.015152 0.000000
vt 0.030303 1.000000
vt 0.030303 0.000000
vt 0.045455 1.000000
vt 0.045455 0.000000
vt 0.060606 1.000000
vt 0.060606 0.000000
vt 0.075758 1.000000
vt 0.075758 0.000000
vt 0.090909 1.000000
vt 0.090909 0.000000
vt 0.106061 1.000000
vt 0.106061 0.000000
vt 0.121212 1.000000
vt 0.121212 0.000000
vt 0.136364 1.000000
vt 0.136364 0.000000
vt 0.151515 1.000000
vt 0.151515 0.000000
vt 0.181818 1.000000
vt 0.181818 0.000000
vt 0.196970 1.000000
vt 0.196970 0.000000
vt 0.212121 1.000000
vt 0.212121 0.000000
vt 0.227273 1.000000
vt 0.227273 0.000000
vt 0.242424 1.000000
vt 0.242424 0.000000
vt 0.257576 1.000000
vt 0.257576 0.000000
vt 0.272727 1.000000
vt 0.272727 0.000000
vt 0.287879 1.000000
vt 0.287879 0.000000
vt 0.303030 1.000000
vt 0.303030 0.000000
vt 0.318182 1.000000
vt 0.318182 0.000000
vt 0.348485 1.000000
vt 0.348485 0.000000
vt 0.363636 1.000000
vt 0.363636 0.000000
vt 0.378788 1.000000
vt 0.378788 0.000000
vt 0.393939 1.000000
vt 0.393939 0.000000
vt 0.409091 1.000000
vt 0.409091 0.000000
vt 0.424242 1.000000
vt 0.424242 0.000000
vt 0.439394 1.000000
vt 0.439394 0.000000
vt 0.454545 1.000000
vt 0.454545 0.000000
vt 0.469697 1.000000
vt 0.469697 0.000000
vt 0.484848 1.000000
vt 0.484848 0.000000
vt 0.515152 1.000000
vt 0.515152 0.000000
vt 0.530303 1.000000
vt 0.530303 0.000000
vt 0.545455 1.000000
vt 0.545455 0.000000
vt 0.560606 1.000000
vt 0.560606 0.000000
vt 0.575758 1.000000
vt 0.575758 0.000000
vt 0.590909 1.000000
vt 0.590909 0.000000
vt 0.606061 1.000000
vt 0.606061 0.000000
vt 0.621212 1.000000
vt 0.621212 0.000000
vt 0.636364 1.000000
vt 0.636364 0.000000
vt 0.651515 1.000000
vt 0.651515 0.000000
vt 0.681818 1.000000
vt 0.681818 0.000000
vt 0.696970 1.000000
vt 0.696970 0.000000
vt 0.712121 1.000000
vt 0.712121 0.000000
vt 0.727273 1.000000
vt 0.727273 0.000000
vt 0.742424 1.000000
vt 0.742424 0.000000
vt 0.757576 1.000000
vt 0.757576 0.000000
vt 0.772727 1.000000
vt 0.772727 0.000000
vt 0.787879 1.000000
vt 0.787879 0.000000
vt 0.803030 1.000000
vt 0.803030 0.000000
vt 0.818182 1.000000
vt 0.818182 0.000000
vt 0.848485 1.000000
vt 0.848485 0.000000
vt 0.863636 1.000000
vt 0.863636 0.000000
vt 0.878788 1.000000
vt 0.878788 0.000000
vt 0.893939 1.000000
vt 0.893939 0.000000
vt 0.909091 1.000000
vt 0.909091 0.000000
vt 0.924242 1.000000
vt 0.924242 0.000000
vt 0.939394 1.000000
vt 0.939394 0.000000
vt 0.954545 1.000000
vt 0.954545 0.000000
vt 0.969697 1.000000
vt 0.969697 0.000000
vt 0.984848 1.000000
vt 0.984848 0.000000
s 0
f 100/1/1 19/2/1 101/3/1
f 19/2/1 102/4/1 101/3/1
f 19/2/1 22/5/1 102/4/1
f 22/5/1 97/6/1 102/4/1
f 93/7/1 27/8/1 94/9/1
f 27/8/1 95/10/1 94/9/1
f 27/8/1 96/11/1 95/10/1
f 27/8/1 30/12/1 96/11/1
f 30/12/1 31/13/1 96/11/1
f 100/1/1 20/14/1 19/2/1
f 21/15/1 97/6/1 22/5/1
f 93/7/1 28/16/1 27/8/1
f 29/17/1 31/13/1 30/12/1
f 100/1/1 18/18/1 20/14/1
f 18/18/1 21/15/1 20/14/1
f 18/18/1 17/19/1 21/15/1
f 17/19/1 97/6/1 21/15/1
f 93/7/1 26/20/1 28/16/1
f 26/20/1 29/17/1 28/16/1
f 26/20/1 25/21/1 29/17/1
f 25/21/1 31/13/1 29/17/1
f 100/1/1 15/22/1 18/18/1
f 16/23/1 97/6/1 17/19/1
f 93/7/1 23/24/1 26/20/1
f 24/25/1 31/13/1 25/21/1
f 100/1/1 98/26/1 15/22/1
f 98/26/1 16/23/1 15/22/1
f 98/26/1 97/6/1 16/23/1
f 93/7/1 24/25/1 23/24/1
f 93/7/1 92/27/1 24/25/1
f 92/27/1 31/13/1 24/25/1
f 100/1/1 99/28/1 98/26/1
f 91/29/1 31/13/1 92/27/1
f 12/30/1 5/31/1 13/32/1
f 5/31/1 14/33/1 13/32/1
f 5/31/1 8/34/1 14/33/1
f 8/34/1 9/35/1 14/33/1
f 12/30/1 6/36/1 5/31/1
f 7/37/1 9/35/1 8/34/1
f 12/30/1 4/38/1 6/36/1
f 4/38/1 7/37/1 6/36/1
f 4/38/1 3/39/1 7/37/1
f 3/39/1 9/35/1 7/37/1
f 12/30/1 1/40/1 4/38/1
f 2/41/1 9/35/1 3/39/1
f 12/30/1 10/42/1 1/40/1
f 10/42/1 2/41/1 1/40/1
f 10/42/1 9/35/1 2/41/1
f 90/43/1 31/13/1 91/29/1
f 90/43/1 32/44/1 31/13/1
f 89/45/1 32/44/1 90/43/1
f 12/30/1 11/46/1 10/42/1
f 88/47/1 32/44/1 89/45/1
f 87/48/1 32/44/1 88/47/1
f 87/48/1 33/49/1 32/44/1
f 86/50/1 33/49/1 87/48/1
f 85/51/1 33/49/1 86/50/1
f 84/52/1 33/49/1 85/51/1
f 83/53/1 33/49/1 84/52/1
f 82/54/1 33/49/1 83/53/1
f 81/55/1 33/49/1 82/54/1
f 66/56/1 68/57/1 67/58/1
f 81/55/1 34/59/1 33/49/1
f 80/60/1 34/59/1 81/55/1
f 66/56/1 69/61/1 68/57/1
f 79/62/1 34/59/1 80/60/1
f 66/56/1 70/63/1 69/61/1
f 66/56/1 71/64/1 70/63/1
f 78/65/1 34/59/1 79/62/1
f 77/66/1 34/59/1 78/65/1
f 76/67/1 34/59/1 77/66/1
f 75/68/1 34/59/1 76/67/1
f 66/56/1 72/69/1 71/64/1
f 74/70/1 34/59/1 75/68/1
f 66/56/1 73/71/1 72/69/1
f 73/71/1 34/59/1 74/70/1
f 66/56/1 34/59/1 73/71/1
f 65/72/1 34/59/1 66/56/1
f 65/72/1 35/73/1 34/59/1
f 64/74/1 35/73/1 65/72/1
f 63/75/1 35/73/1 64/74/1
f 63/75/1 36/76/1 35/73/1
f 62/77/1 36/76/1 63/75/1
f 62/77/1 37/78/1 36/76/1
f 61/79/1 37/78/1 62/77/1
f 61/79/1 38/80/1 37/78/1
f 60/81/1 38/80/1 61/79/1
f 60/81/1 39/82/1 38/80/1
f 59/83/1 39/82/1 60/81/1
f 59/83/1 40/84/1 39/82/1
f 59/83/1 41/85/1 40/84/1
f 58/86/1 41/85/1 59/83/1
f 58/86/1 42/87/1 41/85/1
f 57/88/1 42/87/1 58/86/1
f 57/88/1 43/89/1 42/87/1
f 57/88/1 44/90/1 43/89/1
f 56/91/1 44/90/1 57/88/1
f 56/91/1 45/92/1 44/90/1
f 56/91/1 46/93/1 45/92/1
f 56/91/1 47/94/1 46/93/1
f 55/95/1 47/94/1 56/91/1
f 55/95/1 48/96/1 47/94/1
f 55/95/1 49/97/1 48/96/1
f 55/95/1 50/98/1 49/97/1
f 55/95/1 51/99/1 50/98/1
f 55/95/1 52/100/1 51/99/1
f 55/95/1 53/101/1 52/100/1
f 55/95/1 54/102/1 53/101/1
f 185/103/1 187/104/1 186/105/1
f 185/103/1 188/106/1 187/104/1
f 184/107/1 188/106/1 185/103/1
f 184/107/1 189/108/1 188/106/1
f 183/109/1 189/108/1 184/107/1
f 183/109/1 190/110/1 189/108/1
f 182/111/1 190/110/1 183/109/1
f 182/111/1 191/112/1 190/110/1
f 181/113/1 138/114/1 182/111/1
f 138/114/1 247/115/1 182/111/1
f 247/115/1 191/112/1 182/111/1
f 138/114/1 248/116/1 247/115/1
f 246/117/1 191/112/1 247/115/1
f 181/113/1 139/118/1 138/114/1
f 137/119/1 248/116/1 138/114/1
f 246/117/1 192/120/1 191/112/1
f 245/121/1 192/120/1 246/117/1
f 181/113/1 140/122/1 139/118/1
f 180/123/1 140/122/1 181/113/1
f 244/124/1 192/120/1 245/121/1
f 137/119/1 249/125/1 248/116/1
f 180/123/1 141/126/1 140/122/1
f 136/127/1 249/125/1 137/119/1
f 243/128/1 192/120/1 244/124/1
f 243/128/1 193/129/1 192/120/1
f 180/123/1 142/130/1 141/126/1
f 136/127/1 250/131/1 249/125/1
f 179/132/1 142/130/1 180/123/1
f 135/133/1 250/131/1 136/127/1
f 242/134/1 193/129/1 243/128/1
f 179/132/1 143/135/1 142/130/1
f 242/134/1 194/136/1 193/129/1
f 241/137/1 194/136/1 242/134/1
f 134/138/1 250/131/1 135/133/1
f 134/138/1 251/139/1 250/131/1
f 178/140/1 143/135/1 179/132/1
f 178/140/1 144/141/1 143/135/1
f 133/142/1 251/139/1 134/138/1
f 240/143/1 194/136/1 241/137/1
f 133/142/1 252/144/1 251/139/1
f 240/143/1 195/145/1 194/136/1
f 132/146/1 252/144/1 133/142/1
f 132/146/1 253/147/1 252/144/1
f 239/148/1 195/145/1 240/143/1
f 178/140/1 145/149/1 144/141/1
f 177/150/1 145/149/1 178/140/1
f 131/151/1 253/147/1 132/146/1
f 131/151/1 254/152/1 253/147/1
f 239/148/1 196/153/1 195/145/1
f 238/154/1 196/153/1 239/148/1
f 177/150/1 146/155/1 145/149/1
f 130/156/1 254/152/1 131/151/1
f 130/156/1 255/157/1 254/152/1
f 176/158/1 146/155/1 177/150/1
f 237/159/1 196/153/1 238/154/1
f 129/160/1 255/157/1 130/156/1
f 176/158/1 147/161/1 146/155/1
f 129/160/1 256/162/1 255/157/1
f 237/159/1 197/163/1 196/153/1
f 128/164/1 256/162/1 129/160/1
f 128/164/1 257/165/1 256/162/1
f 236/166/1 197/163/1 237/159/1
f 176/158/1 148/167/1 147/161/1
f 175/168/1 148/167/1 176/158/1
f 127/169/1 257/165/1 128/164/1
f 127/169/1 258/170/1 257/165/1
f 236/166/1 198/171/1 197/163/1
f 126/172/1 258/170/1 127/169/1
f 235/173/1 198/171/1 236/166/1
f 175/168/1 149/174/1 148/167/1
f 126/172/1 259/4/1 258/170/1
f 125/175/1 259/4/1 126/172/1
f 174/176/1 149/174/1 175/168/1
f 125/175/1 151/177/1 259/4/1
f 234/178/1 198/171/1 235/173/1
f 174/176/1 150/179/1 149/174/1
f 234/178/1 199/180/1 198/171/1
f 124/181/1 151/177/1 125/175/1
f 174/176/1 103/40/1 150/179/1
f 233/182/1 199/180/1 234/178/1
f 173/183/1 103/40/1 174/176/1
f 124/181/1 152/184/1 151/177/1
f 233/182/1 200/185/1 199/180/1
f 123/186/1 152/184/1 124/181/1
f 173/183/1 104/187/1 103/40/1
f 232/188/1 200/185/1 233/182/1
f 172/189/1 104/187/1 173/183/1
f 122/190/1 152/184/1 123/186/1
f 172/189/1 105/191/1 104/187/1
f 122/190/1 153/192/1 152/184/1
f 232/188/1 201/193/1 200/185/1
f 231/194/1 201/193/1 232/188/1
f 172/189/1 106/195/1 105/191/1
f 121/196/1 153/192/1 122/190/1
f 171/197/1 106/195/1 172/189/1
f 121/196/1 154/198/1 153/192/1
f 171/197/1 107/199/1 106/195/1
f 120/200/1 154/198/1 121/196/1
f 231/194/1 202/201/1 201/193/1
f 230/202/1 202/201/1 231/194/1
f 170/203/1 107/199/1 171/197/1
f 170/203/1 108/204/1 107/199/1
f 119/205/1 154/198/1 120/200/1
f 119/205/1 155/206/1 154/198/1
f 170/203/1 109/207/1 108/204/1
f 229/208/1 202/201/1 230/202/1
f 118/209/1 155/206/1 119/205/1
f 169/210/1 109/207/1 170/203/1
f 169/210/1 110/211/1 109/207/1
f 229/208/1 203/212/1 202/201/1
f 117/213/1 155/206/1 118/209/1
f 169/210/1 111/214/1 110/211/1
f 228/215/1 203/212/1 229/208/1
f 117/213/1 156/216/1 155/206/1
f 116/217/1 156/216/1 117/213/1
f 169/210/1 112/218/1 111/214/1
f 115/219/1 156/216/1 116/217/1
f 169/210/1 113/220/1 112/218/1
f 168/221/1 113/220/1 169/210/1
f 114/222/1 156/216/1 115/219/1
f 168/221/1 114/222/1 113/220/1
f 168/221/1 156/216/1 114/222/1
f 227/223/1 203/212/1 228/215/1
f 227/223/1 204/224/1 203/212/1
f 168/221/1 157/225/1 156/216/1
f 167/226/1 157/225/1 168/221/1
f 226/227/1 204/224/1 227/223/1
f 167/226/1 158/228/1 157/225/1
f 166/229/1 158/228/1 167/226/1
f 226/227/1 205/230/1 204/224/1
f 225/231/1 205/230/1 226/227/1
f 166/229/1 159/232/1 158/228/1
f 165/233/1 159/232/1 166/229/1
f 224/234/1 205/230/1 225/231/1
f 223/235/1 205/230/1 224/234/1
f 165/233/1 160/236/1 159/232/1
f 164/237/1 160/236/1 165/233/1
f 223/235/1 206/238/1 205/230/1
f 222/239/1 206/238/1 223/235/1
f 221/240/1 206/238/1 222/239/1
f 220/241/1 206/238/1 221/240/1
f 164/237/1 161/242/1 160/236/1
f 163/243/1 161/242/1 164/237/1
f 219/244/1 206/238/1 220/241/1
f 218/245/1 206/238/1 219/244/1
f 217/246/1 206/238/1 218/245/1
f 216/247/1 206/238/1 217/246/1
f 215/248/1 206/238/1 216/247/1
f 214/249/1 206/238/1 215/248/1
f 163/243/1 162/250/1 161/242/1
f 213/251/1 206/238/1 214/249/1
f 212/252/1 206/238/1 213/251/1
f 211/253/1 206/238/1 212/252/1
f 210/254/1 206/238/1 211/253/1
f 210/254/1 207/255/1 206/238/1
f 210/254/1 208/256/1 207/255/1
f 210/254/1 209/257/1 208/256/1
f 530/253/1 532/258/1 531/259/1
f 529/260/1 532/258/1 530/253/1
f 529/260/1 533/261/1 532/258/1
f 528/262/1 533/261/1 529/260/1
f 528/262/1 534/263/1 533/261/1
f 527/264/1 534/263/1 528/262/1
f 527/264/1 535/251/1 534/263/1
f 526/265/1 535/251/1 527/264/1
f 526/265/1 536/266/1 535/251/1
f 525/257/1 536/266/1 526/265/1
f 525/257/1 537/267/1 536/266/1
f 524/268/1 537/267/1 525/257/1
f 524/268/1 538/269/1 537/267/1
f 524/268/1 539/270/1 538/269/1
f 523/271/1 539/270/1 524/268/1
f 523/271/1 540/248/1 539/270/1
f 522/272/1 540/248/1 523/271/1
f 522/272/1 541/273/1 540/248/1
f 521/274/1 541/273/1 522/272/1
f 521/274/1 542/275/1 541/273/1
f 520/255/1 542/275/1 521/274/1
f 520/255/1 543/276/1 542/275/1
f 519/277/1 543/276/1 520/255/1
f 519/277/1 544/278/1 543/276/1
f 261/279/1 263/280/1 262/281/1
f 261/279/1 260/40/1 263/280/1
f 517/282/1 645/165/1 518/283/1
f 645/165/1 519/277/1 518/283/1
f 645/165/1 544/278/1 519/277/1
f 645/165/1 545/246/1 544/278/1
f 645/165/1 644/284/1 545/246/1
f 644/284/1 649/285/1 545/246/1
f 649/285/1 648/286/1 545/246/1
f 648/286/1 546/287/1 545/246/1
f 517/282/1 646/288/1 645/165/1
f 643/289/1 649/285/1 644/284/1
f 643/289/1 650/4/1 649/285/1
f 647/290/1 546/287/1 648/286/1
f 517/282/1 626/291/1 646/288/1
f 626/291/1 643/289/1 646/288/1
f 626/291/1 650/4/1 643/289/1
f 626/291/1 647/290/1 650/4/1
f 626/291/1 625/125/1 647/290/1
f 625/125/1 630/139/1 647/290/1
f 630/139/1 629/292/1 647/290/1
f 629/292/1 546/287/1 647/290/1
f 288/293/1 290/219/1 289/294/1
f 288/293/1 291/295/1 290/219/1
f 517/282/1 627/296/1 626/291/1
f 624/297/1 630/139/1 625/125/1
f 624/297/1 631/298/1 630/139/1
f 628/299/1 546/287/1 629/292/1
f 623/300/1 631/298/1 624/297/1
f 623/300/1 632/301/1 631/298/1
f 622/302/1 632/301/1 623/300/1
f 622/302/1 633/303/1 632/301/1
f 621/304/1 633/303/1 622/302/1
f 621/304/1 634/305/1 633/303/1
f 620/115/1 634/305/1 621/304/1
f 620/115/1 635/147/1 634/305/1
f 619/306/1 635/147/1 620/115/1
f 619/306/1 636/307/1 635/147/1
f 287/308/1 291/295/1 288/293/1
f 286/309/1 292/310/1 287/308/1
f 292/310/1 291/295/1 287/308/1
f 286/309/1 293/311/1 292/310/1
f 618/312/1 636/307/1 619/306/1
f 618/312/1 637/313/1 636/307/1
f 617/314/1 637/313/1 618/312/1
f 617/314/1 638/315/1 637/313/1
f 286/309/1 294/316/1 293/311/1
f 616/317/1 638/315/1 617/314/1
f 616/317/1 639/318/1 638/315/1
f 285/220/1 294/316/1 286/309/1
f 615/121/1 639/318/1 616/317/1
f 615/121/1 640/157/1 639/318/1
f 614/319/1 640/157/1 615/121/1
f 614/319/1 641/320/1 640/157/1
f 285/220/1 295/213/1 294/316/1
f 284/321/1 295/213/1 285/220/1
f 613/322/1 641/320/1 614/319/1
f 613/322/1 642/323/1 641/320/1
f 517/282/1 613/322/1 627/296/1
f 517/282/1 642/323/1 613/322/1
f 517/282/1 628/299/1 642/323/1
f 517/282/1 546/287/1 628/299/1
f 284/321/1 296/324/1 295/213/1
f 283/325/1 296/324/1 284/321/1
f 317/326/1 319/327/1 318/328/1
f 283/325/1 297/329/1 296/324/1
f 282/330/1 297/329/1 283/325/1
f 316/331/1 319/327/1 317/326/1
f 316/331/1 320/169/1 319/327/1
f 282/330/1 298/332/1 297/329/1
f 315/175/1 320/169/1 316/331/1
f 281/333/1 298/332/1 282/330/1
f 516/334/1 546/287/1 517/282/1
f 515/230/1 547/335/1 516/334/1
f 547/335/1 546/287/1 516/334/1
f 515/230/1 548/336/1 547/335/1
f 314/337/1 320/169/1 315/175/1
f 314/337/1 321/338/1 320/169/1
f 313/339/1 321/338/1 314/337/1
f 281/333/1 299/340/1 298/332/1
f 280/214/1 299/340/1 281/333/1
f 390/206/1 392/341/1 391/342/1
f 312/343/1 321/338/1 313/339/1
f 312/343/1 322/344/1 321/338/1
f 311/345/1 322/344/1 312/343/1
f 280/214/1 300/205/1 299/340/1
f 515/230/1 549/346/1 548/336/1
f 515/230/1 480/112/1 549/346/1
f 480/112/1 550/244/1 549/346/1
f 514/347/1 480/112/1 515/230/1
f 389/348/1 392/341/1 390/206/1
f 279/349/1 300/205/1 280/214/1
f 389/348/1 393/350/1 392/341/1
f 310/186/1 322/344/1 311/345/1
f 310/186/1 323/351/1 322/344/1
f 389/348/1 394/352/1 393/350/1
f 388/353/1 394/352/1 389/348/1
f 309/354/1 323/351/1 310/186/1
f 278/355/1 300/205/1 279/349/1
f 278/355/1 301/356/1 300/205/1
f 308/357/1 323/351/1 309/354/1
f 388/353/1 395/225/1 394/352/1
f 387/358/1 395/225/1 388/353/1
f 513/359/1 480/112/1 514/347/1
f 277/360/1 301/356/1 278/355/1
f 308/357/1 324/361/1 323/351/1
f 307/362/1 324/361/1 308/357/1
f 387/358/1 396/363/1 395/225/1
f 277/360/1 302/364/1 301/356/1
f 386/365/1 396/363/1 387/358/1
f 276/366/1 302/364/1 277/360/1
f 306/367/1 324/361/1 307/362/1
f 417/368/1 419/369/1 418/370/1
f 386/365/1 397/371/1 396/363/1
f 306/367/1 325/160/1 324/361/1
f 275/207/1 302/364/1 276/366/1
f 305/196/1 325/160/1 306/367/1
f 385/192/1 397/371/1 386/365/1
f 275/207/1 303/372/1 302/364/1
f 417/368/1 420/226/1 419/369/1
f 274/373/1 303/372/1 275/207/1
f 416/374/1 420/226/1 417/368/1
f 512/375/1 480/112/1 513/359/1
f 385/192/1 398/376/1 397/371/1
f 304/377/1 325/160/1 305/196/1
f 415/233/1 420/226/1 416/374/1
f 273/378/1 303/372/1 274/373/1
f 384/379/1 398/376/1 385/192/1
f 415/233/1 421/380/1 420/226/1
f 414/381/1 421/380/1 415/233/1
f 304/377/1 326/382/1 325/160/1
f 384/379/1 399/383/1 398/376/1
f 272/384/1 303/372/1 273/378/1
f 272/384/1 304/377/1 303/372/1
f 413/385/1 421/380/1 414/381/1
f 383/386/1 399/383/1 384/379/1
f 271/387/1 304/377/1 272/384/1
f 412/388/1 421/380/1 413/385/1
f 412/388/1 422/389/1 421/380/1
f 383/386/1 400/232/1 399/383/1
f 512/375/1 481/390/1 480/112/1
f 479/391/1 550/244/1 480/112/1
f 411/392/1 422/389/1 412/388/1
f 270/199/1 304/377/1 271/387/1
f 511/393/1 481/390/1 512/375/1
f 304/377/1 327/394/1 326/382/1
f 382/395/1 400/232/1 383/386/1
f 270/199/1 327/394/1 304/377/1
f 410/243/1 422/389/1 411/392/1
f 269/396/1 327/394/1 270/199/1
f 410/243/1 423/397/1 422/389/1
f 382/395/1 401/398/1 400/232/1
f 268/399/1 327/394/1 269/396/1
f 409/400/1 423/397/1 410/243/1
f 381/401/1 401/398/1 382/395/1
f 267/402/1 327/394/1 268/399/1
f 408/403/1 423/397/1 409/400/1
f 266/404/1 327/394/1 267/402/1
f 381/401/1 402/405/1 401/398/1
f 408/403/1 424/406/1 423/397/1
f 511/393/1 482/407/1 481/390/1
f 265/191/1 327/394/1 266/404/1
f 407/408/1 424/406/1 408/403/1
f 380/177/1 402/405/1 381/401/1
f 265/191/1 343/409/1 327/394/1
f 343/409/1 328/410/1 327/394/1
f 264/411/1 343/409/1 265/191/1
f 367/412/1 343/409/1 264/411/1
f 406/413/1 424/406/1 407/408/1
f 366/414/1 343/409/1 367/412/1
f 379/415/1 402/405/1 380/177/1
f 379/415/1 403/416/1 402/405/1
f 366/414/1 344/417/1 343/409/1
f 342/418/1 328/410/1 343/409/1
f 406/413/1 425/210/1 424/406/1
f 510/212/1 482/407/1 511/393/1
f 365/149/1 344/417/1 366/414/1
f 405/242/1 425/210/1 406/413/1
f 378/419/1 403/416/1 379/415/1
f 341/420/1 328/410/1 342/418/1
f 364/421/1 344/417/1 365/149/1
f 377/422/1 403/416/1 378/419/1
f 404/423/1 425/210/1 405/242/1
f 364/421/1 345/119/1 344/417/1
f 377/422/1 404/423/1 403/416/1
f 341/420/1 329/424/1 328/410/1
f 376/425/1 404/423/1 377/422/1
f 340/133/1 329/424/1 341/420/1
f 363/426/1 345/119/1 364/421/1
f 404/423/1 426/427/1 425/210/1
f 375/174/1 404/423/1 376/425/1
f 510/212/1 483/428/1 482/407/1
f 363/426/1 346/429/1 345/119/1
f 339/430/1 329/424/1 340/133/1
f 362/431/1 346/429/1 363/426/1
f 374/432/1 404/423/1 375/174/1
f 374/432/1 426/427/1 404/423/1
f 373/433/1 426/427/1 374/432/1
f 338/434/1 329/424/1 339/430/1
f 372/435/1 426/427/1 373/433/1
f 361/436/1 346/429/1 362/431/1
f 361/436/1 347/437/1 346/429/1
f 371/438/1 426/427/1 372/435/1
f 371/438/1 427/439/1 426/427/1
f 370/161/1 427/439/1 371/438/1
f 338/434/1 330/151/1 329/424/1
f 337/440/1 330/151/1 338/434/1
f 360/135/1 347/437/1 361/436/1
f 369/441/1 427/439/1 370/161/1
f 509/442/1 483/428/1 510/212/1
f 360/135/1 348/443/1 347/437/1
f 368/444/1 427/439/1 369/441/1
f 612/445/1 427/439/1 368/444/1
f 611/446/1 427/439/1 612/445/1
f 336/447/1 330/151/1 337/440/1
f 359/448/1 348/443/1 360/135/1
f 610/128/1 427/439/1 611/446/1
f 359/448/1 349/449/1 348/443/1
f 610/128/1 428/450/1 427/439/1
f 609/451/1 428/450/1 610/128/1
f 509/442/1 484/452/1 483/428/1
f 335/142/1 330/151/1 336/447/1
f 359/448/1 350/118/1 349/449/1
f 358/453/1 350/118/1 359/448/1
f 608/454/1 428/450/1 609/451/1
f 358/453/1 351/455/1 350/118/1
f 335/142/1 334/456/1 330/151/1
f 334/456/1 333/457/1 330/151/1
f 333/457/1 332/458/1 330/151/1
f 332/458/1 331/459/1 330/151/1
f 357/460/1 351/455/1 358/453/1
f 357/460/1 352/461/1 351/455/1
f 607/462/1 588/463/1 608/454/1
f 588/463/1 428/450/1 608/454/1
f 607/462/1 589/464/1 588/463/1
f 587/465/1 428/450/1 588/463/1
f 587/465/1 429/466/1 428/450/1
f 356/467/1 352/461/1 357/460/1
f 356/467/1 353/468/1 352/461/1
f 606/469/1 589/464/1 607/462/1
f 606/469/1 590/173/1 589/464/1
f 356/467/1 354/470/1 353/468/1
f 355/126/1 354/470/1 356/467/1
f 605/137/1 590/173/1 606/469/1
f 605/137/1 591/471/1 590/173/1
f 508/472/1 484/452/1 509/442/1
f 587/465/1 586/473/1 429/466/1
f 586/473/1 430/197/1 429/466/1
f 605/137/1 592/474/1 591/471/1
f 604/475/1 592/474/1 605/137/1
f 508/472/1 485/129/1 484/452/1
f 604/475/1 593/476/1 592/474/1
f 603/477/1 593/476/1 604/475/1
f 603/477/1 594/478/1 593/476/1
f 586/473/1 431/479/1 430/197/1
f 603/477/1 595/159/1 594/478/1
f 602/480/1 595/159/1 603/477/1
f 602/480/1 596/481/1 595/159/1
f 602/480/1 597/482/1 596/481/1
f 601/483/1 597/482/1 602/480/1
f 601/483/1 598/484/1 597/482/1
f 601/483/1 599/485/1 598/484/1
f 600/148/1 599/485/1 601/483/1
f 586/473/1 432/486/1 431/479/1
f 585/182/1 432/486/1 586/473/1
f 585/182/1 433/487/1 432/486/1
f 507/488/1 485/129/1 508/472/1
f 585/182/1 434/489/1 433/487/1
f 507/488/1 486/490/1 485/129/1
f 585/182/1 435/183/1 434/489/1
f 585/182/1 436/491/1 435/183/1
f 585/182/1 437/492/1 436/491/1
f 585/182/1 438/493/1 437/492/1
f 585/182/1 439/494/1 438/493/1
f 585/182/1 440/168/1 439/494/1
f 584/495/1 440/168/1 585/182/1
f 584/495/1 441/496/1 440/168/1
f 584/495/1 442/497/1 441/496/1
f 584/495/1 443/498/1 442/497/1
f 584/495/1 444/499/1 443/498/1
f 583/500/1 444/499/1 584/495/1
f 507/488/1 487/501/1 486/490/1
f 506/502/1 487/501/1 507/488/1
f 582/503/1 444/499/1 583/500/1
f 582/503/1 445/150/1 444/499/1
f 479/391/1 551/504/1 550/244/1
f 478/505/1 551/504/1 479/391/1
f 581/506/1 445/150/1 582/503/1
f 478/505/1 552/507/1 551/504/1
f 506/502/1 488/508/1 487/501/1
f 505/193/1 488/508/1 506/502/1
f 580/194/1 445/150/1 581/506/1
f 478/505/1 553/509/1 552/507/1
f 580/194/1 446/510/1 445/150/1
f 478/505/1 554/511/1 553/509/1
f 579/512/1 446/510/1 580/194/1
f 477/513/1 554/511/1 478/505/1
f 477/513/1 555/240/1 554/511/1
f 578/514/1 446/510/1 579/512/1
f 477/513/1 556/515/1 555/240/1
f 477/513/1 557/516/1 556/515/1
f 577/517/1 446/510/1 578/514/1
f 477/513/1 558/518/1 557/516/1
f 576/519/1 446/510/1 577/517/1
f 477/513/1 559/520/1 558/518/1
f 477/513/1 560/235/1 559/520/1
f 575/208/1 446/510/1 576/519/1
f 477/513/1 561/521/1 560/235/1
f 574/522/1 446/510/1 575/208/1
f 477/513/1 562/523/1 561/521/1
f 477/513/1 563/524/1 562/523/1
f 477/513/1 564/525/1 563/524/1
f 477/513/1 565/231/1 564/525/1
f 477/513/1 566/526/1 565/231/1
f 477/513/1 567/527/1 566/526/1
f 477/513/1 568/528/1 567/527/1
f 477/513/1 569/529/1 568/528/1
f 477/513/1 570/223/1 569/529/1
f 477/513/1 571/530/1 570/223/1
f 477/513/1 572/531/1 571/530/1
f 477/513/1 573/532/1 572/531/1
f 477/513/1 574/522/1 573/532/1
f 477/513/1 446/510/1 574/522/1
f 505/193/1 489/533/1 488/508/1
f 477/513/1 447/534/1 446/510/1
f 476/535/1 447/534/1 477/513/1
f 504/536/1 489/533/1 505/193/1
f 475/108/1 447/534/1 476/535/1
f 475/108/1 448/537/1 447/534/1
f 504/536/1 490/145/1 489/533/1
f 474/538/1 448/537/1 475/108/1
f 503/539/1 490/145/1 504/536/1
f 474/538/1 449/540/1 448/537/1
f 502/541/1 490/145/1 503/539/1
f 501/542/1 490/145/1 502/541/1
f 473/543/1 449/540/1 474/538/1
f 473/543/1 450/132/1 449/540/1
f 500/180/1 490/145/1 501/542/1
f 472/544/1 450/132/1 473/543/1
f 499/545/1 490/145/1 500/180/1
f 499/545/1 491/546/1 490/145/1
f 472/544/1 451/547/1 450/132/1
f 498/548/1 491/546/1 499/545/1
f 471/549/1 451/547/1 472/544/1
f 471/549/1 452/550/1 451/547/1
f 497/551/1 491/546/1 498/548/1
f 470/104/1 452/550/1 471/549/1
f 470/104/1 453/552/1 452/550/1
f 469/553/1 453/552/1 470/104/1
f 496/554/1 491/546/1 497/551/1
f 469/553/1 454/555/1 453/552/1
f 468/556/1 454/555/1 469/553/1
f 468/556/1 455/113/1 454/555/1
f 467/557/1 455/113/1 468/556/1
f 466/558/1 455/113/1 467/557/1
f 465/103/1 455/113/1 466/558/1
f 464/559/1 455/113/1 465/103/1
f 463/560/1 455/113/1 464/559/1
f 462/561/2 455/113/2 463/560/2
f 461/562/1 455/113/1 462/561/1
f 460/109/1 455/113/1 461/562/1
f 459/563/1 455/113/1 460/109/1
f 458/564/1 455/113/1 459/563/1
f 457/565/1 455/113/1 458/564/1
f 456/566/2 455/113/2 457/565/2
f 495/163/1 491/546/1 496/554/1
f 495/163/1 494/567/1 491/546/1
f 494/567/1 493/568/1 491/546/1
f 493/568/1 492/569/1 491/546/1
f 652/570/1 654/571/1 653/572/1
f 652/570/1 655/573/1 654/571/1
f 861/574/1 863/575/1 862/576/1
f 687/577/1 689/578/1 688/579/1
f 662/580/1 664/581/1 663/582/1
f 662/580/1 651/40/1 664/581/1
f 656/583/1 658/584/1 657/585/1
f 656/583/1 659/586/1 658/584/1
f 861/574/1 864/587/1 863/575/1
f 860/588/1 864/587/1 861/574/1
f 687/577/1 690/589/1 689/578/1
f 686/590/1 690/589/1 687/577/1
f 860/588/1 865/591/1 864/587/1
f 859/592/1 865/591/1 860/588/1
f 686/590/1 691/593/1 690/589/1
f 685/594/1 691/593/1 686/590/1
f 859/592/1 866/595/1 865/591/1
f 685/594/1 692/596/1 691/593/1
f 858/597/1 866/595/1 859/592/1
f 684/598/1 692/596/1 685/594/1
f 858/597/1 867/599/1 866/595/1
f 684/598/1 693/600/1 692/596/1
f 857/601/1 867/599/1 858/597/1
f 683/602/1 693/600/1 684/598/1
f 857/601/1 868/603/1 867/599/1
f 683/602/1 694/604/1 693/600/1
f 856/605/1 868/603/1 857/601/1
f 682/606/1 694/604/1 683/602/1
f 856/605/1 869/607/1 868/603/1
f 682/606/1 695/608/1 694/604/1
f 855/609/1 869/607/1 856/605/1
f 681/610/1 695/608/1 682/606/1
f 855/609/1 870/611/1 869/607/1
f 854/612/1 870/611/1 855/609/1
f 681/610/1 696/613/1 695/608/1
f 680/614/1 696/613/1 681/610/1
f 854/612/1 871/615/1 870/611/1
f 887/616/1 889/617/1 888/618/1
f 853/619/1 871/615/1 854/612/1
f 713/620/1 715/621/1 714/622/1
f 886/623/1 889/617/1 887/616/1
f 680/614/1 697/624/1 696/613/1
f 712/625/1 715/621/1 713/620/1
f 679/626/1 697/624/1 680/614/1
f 885/627/1 889/617/1 886/623/1
f 853/619/1 872/628/1 871/615/1
f 711/629/1 715/621/1 712/625/1
f 852/630/1 872/628/1 853/619/1
f 884/631/1 889/617/1 885/627/1
f 884/631/1 890/632/1 889/617/1
f 710/633/1 715/621/1 711/629/1
f 883/634/1 890/632/1 884/631/1
f 710/633/1 716/635/1 715/621/1
f 679/626/1 698/636/1 697/624/1
f 678/637/1 698/636/1 679/626/1
f 851/638/1 872/628/1 852/630/1
f 882/639/1 890/632/1 883/634/1
f 709/640/1 716/635/1 710/633/1
f 851/638/1 873/641/1 872/628/1
f 881/642/1 890/632/1 882/639/1
f 708/643/1 716/635/1 709/640/1
f 677/644/1 698/636/1 678/637/1
f 850/645/1 873/641/1 851/638/1
f 677/644/1 699/646/1 698/636/1
f 880/647/1 890/632/1 881/642/1
f 707/648/1 716/635/1 708/643/1
f 849/649/1 873/641/1 850/645/1
f 880/647/1 891/650/1 890/632/1
f 676/651/1 699/646/1 677/644/1
f 879/652/1 891/650/1 880/647/1
f 849/649/1 874/653/1 873/641/1
f 706/654/1 716/635/1 707/648/1
f 706/654/1 717/655/1 716/635/1
f 848/656/1 874/653/1 849/649/1
f 878/657/1 891/650/1 879/652/1
f 675/658/1 699/646/1 676/651/1
f 705/659/1 717/655/1 706/654/1
f 847/660/1 874/653/1 848/656/1
f 675/658/1 700/661/1 699/646/1
f 877/662/1 891/650/1 878/657/1
f 674/663/1 700/661/1 675/658/1
f 846/664/1 874/653/1 847/660/1
f 704/665/1 717/655/1 705/659/1
f 846/664/1 875/666/1 874/653/1
f 673/667/1 700/661/1 674/663/1
f 876/668/1 891/650/1 877/662/1
f 845/669/1 875/666/1 846/664/1
f 703/670/1 717/655/1 704/665/1
f 844/671/1 875/666/1 845/669/1
f 672/672/1 700/661/1 673/667/1
f 875/666/1 891/650/1 876/668/1
f 875/666/1 892/673/1 891/650/1
f 843/674/1 875/666/1 844/671/1
f 672/672/1 701/675/1 700/661/1
f 671/676/1 701/675/1 672/672/1
f 702/677/1 717/655/1 703/670/1
f 702/677/1 718/678/1 717/655/1
f 842/679/1 875/666/1 843/674/1
f 842/679/1 892/673/1 875/666/1
f 670/680/1 701/675/1 671/676/1
f 841/681/1 892/673/1 842/679/1
f 701/675/1 718/678/1 702/677/1
f 840/682/1 892/673/1 841/681/1
f 669/683/1 701/675/1 670/680/1
f 839/684/1 892/673/1 840/682/1
f 1012/4/1 892/673/1 839/684/1
f 1011/685/1 892/673/1 1012/4/1
f 668/686/1 701/675/1 669/683/1
f 668/686/1 718/678/1 701/675/1
f 667/687/1 718/678/1 668/686/1
f 1010/688/1 892/673/1 1011/685/1
f 666/689/1 718/678/1 667/687/1
f 665/690/1 718/678/1 666/689/1
f 1009/691/1 892/673/1 1010/688/1
f 838/692/1 718/678/1 665/690/1
f 837/693/1 718/678/1 838/692/1
f 1009/691/1 893/694/1 892/673/1
f 1008/695/1 893/694/1 1009/691/1
f 836/696/1 718/678/1 837/693/1
f 836/696/1 719/697/1 718/678/1
f 1007/698/1 988/699/1 1008/695/1
f 988/699/1 893/694/1 1008/695/1
f 835/700/1 719/697/1 836/696/1
f 1006/701/1 988/699/1 1007/698/1
f 834/702/1 719/697/1 835/700/1
f 1005/703/1 988/699/1 1006/701/1
f 833/704/1 719/697/1 834/702/1
f 1005/703/1 989/705/1 988/699/1
f 987/706/1 893/694/1 988/699/1
f 1004/707/1 989/705/1 1005/703/1
f 832/708/1 719/697/1 833/704/1
f 1004/707/1 990/709/1 989/705/1
f 987/706/1 894/710/1 893/694/1
f 1004/707/1 991/711/1 990/709/1
f 1003/712/1 991/711/1 1004/707/1
f 831/713/1 719/697/1 832/708/1
f 1003/712/1 992/714/1 991/711/1
f 1003/712/1 993/715/1 992/714/1
f 831/713/1 814/716/1 719/697/1
f 814/716/1 720/717/1 719/697/1
f 1002/718/1 993/715/1 1003/712/1
f 830/719/1 814/716/1 831/713/1
f 1002/718/1 994/720/1 993/715/1
f 830/719/1 815/721/1 814/716/1
f 813/722/1 720/717/1 814/716/1
f 1002/718/1 995/723/1 994/720/1
f 830/719/1 816/724/1 815/721/1
f 1001/725/1 995/723/1 1002/718/1
f 1001/725/1 996/726/1 995/723/1
f 829/727/1 816/724/1 830/719/1
f 1001/725/1 997/728/1 996/726/1
f 829/727/1 817/729/1 816/724/1
f 1001/725/1 998/730/1 997/728/1
f 986/731/1 894/710/1 987/706/1
f 829/727/1 818/732/1 817/729/1
f 1000/733/1 999/734/1 1001/725/1
f 999/734/1 998/730/1 1001/725/1
f 829/727/1 819/735/1 818/732/1
f 828/736/1 819/735/1 829/727/1
f 828/736/1 820/737/1 819/735/1
f 828/736/1 821/738/1 820/737/1
f 827/739/1 821/738/1 828/736/1
f 827/739/1 822/740/1 821/738/1
f 827/739/1 823/741/1 822/740/1
f 827/739/1 824/742/1 823/741/1
f 826/743/1 825/744/1 827/739/1
f 825/744/1 824/742/1 827/739/1
f 812/745/1 720/717/1 813/722/1
f 986/731/1 895/746/1 894/710/1
f 985/747/1 895/746/1 986/731/1
f 812/745/1 721/748/1 720/717/1
f 811/749/1 721/748/1 812/745/1
f 984/750/1 895/746/1 985/747/1
f 984/750/1 896/751/1 895/746/1
f 914/752/1 916/753/1 915/754/1
f 810/755/1 721/748/1 811/749/1
f 810/755/1 722/756/1 721/748/1
f 983/757/1 896/751/1 984/750/1
f 740/758/1 742/759/1 741/760/1
f 913/761/1 916/753/1 914/752/1
f 913/761/1 917/762/1 916/753/1
f 809/763/1 722/756/1 810/755/1
f 982/764/1 896/751/1 983/757/1
f 982/764/1 897/765/1 896/751/1
f 912/766/1 917/762/1 913/761/1
f 739/767/1 742/759/1 740/758/1
f 739/767/1 743/768/1 742/759/1
f 809/763/1 723/769/1 722/756/1
f 911/770/1 917/762/1 912/766/1
f 808/771/1 723/769/1 809/763/1
f 911/770/1 918/772/1 917/762/1
f 738/773/1 743/768/1 739/767/1
f 981/774/1 897/765/1 982/764/1
f 910/775/1 918/772/1 911/770/1
f 737/776/1 743/768/1 738/773/1
f 737/776/1 744/777/1 743/768/1
f 807/778/1 723/769/1 808/771/1
f 981/774/1 898/779/1 897/765/1
f 909/780/1 918/772/1 910/775/1
f 980/781/1 898/779/1 981/774/1
f 736/782/1 744/777/1 737/776/1
f 909/780/1 919/783/1 918/772/1
f 807/778/1 724/784/1 723/769/1
f 908/785/1 919/783/1 909/780/1
f 806/786/1 724/784/1 807/778/1
f 735/787/1 744/777/1 736/782/1
f 979/788/1 898/779/1 980/781/1
f 735/787/1 745/789/1 744/777/1
f 907/790/1 919/783/1 908/785/1
f 734/791/1 745/789/1 735/787/1
f 907/790/1 920/792/1 919/783/1
f 805/793/1 724/784/1 806/786/1
f 978/794/1 898/779/1 979/788/1
f 978/794/1 899/795/1 898/779/1
f 906/796/1 920/792/1 907/790/1
f 733/797/1 745/789/1 734/791/1
f 805/793/1 725/798/1 724/784/1
f 733/797/1 746/799/1 745/789/1
f 977/800/1 899/795/1 978/794/1
f 804/801/1 725/798/1 805/793/1
f 905/802/1 920/792/1 906/796/1
f 732/803/1 746/799/1 733/797/1
f 976/804/1 899/795/1 977/800/1
f 905/802/1 921/805/1 920/792/1
f 803/806/1 725/798/1 804/801/1
f 975/807/1 899/795/1 976/804/1
f 904/808/1 921/805/1 905/802/1
f 731/809/1 746/799/1 732/803/1
f 975/807/1 900/810/1 899/795/1
f 802/811/1 725/798/1 803/806/1
f 731/809/1 747/812/1 746/799/1
f 974/813/1 900/810/1 975/807/1
f 802/811/1 726/814/1 725/798/1
f 730/815/1 747/812/1 731/809/1
f 903/816/1 921/805/1 904/808/1
f 801/817/1 726/814/1 802/811/1
f 903/816/1 922/818/1 921/805/1
f 973/819/1 900/810/1 974/813/1
f 729/820/1 747/812/1 730/815/1
f 800/821/1 726/814/1 801/817/1
f 902/822/1 922/818/1 903/816/1
f 729/820/1 748/823/1 747/812/1
f 972/824/1 900/810/1 973/819/1
f 972/824/1 901/825/1 900/810/1
f 799/826/1 726/814/1 800/821/1
f 728/827/1 748/823/1 729/820/1
f 901/825/1 922/818/1 902/822/1
f 971/828/1 901/825/1 972/824/1
f 901/825/1 923/829/1 922/818/1
f 799/826/1 727/830/1 726/814/1
f 798/831/1 727/830/1 799/826/1
f 970/832/1 901/825/1 971/828/1
f 727/830/1 748/823/1 728/827/1
f 797/833/1 727/830/1 798/831/1
f 727/830/1 749/834/1 748/823/1
f 969/835/1 901/825/1 970/832/1
f 796/836/1 727/830/1 797/833/1
f 968/837/1 901/825/1 969/835/1
f 968/837/1 923/829/1 901/825/1
f 968/837/1 924/838/1 923/829/1
f 967/839/1 924/838/1 968/837/1
f 795/840/1 727/830/1 796/836/1
f 966/841/1 924/838/1 967/839/1
f 795/840/1 749/834/1 727/830/1
f 794/842/1 749/834/1 795/840/1
f 965/843/1 924/838/1 966/841/1
f 794/842/1 750/844/1 749/834/1
f 964/845/1 924/838/1 965/843/1
f 963/846/1 924/838/1 964/845/1
f 793/847/1 750/844/1 794/842/1
f 962/848/1 924/838/1 963/846/1
f 792/849/1 750/844/1 793/847/1
f 791/850/1 750/844/1 792/849/1
f 962/848/1 940/851/1 924/838/1
f 940/851/1 925/852/1 924/838/1
f 961/853/1 940/851/1 962/848/1
f 790/854/1 750/844/1 791/850/1
f 789/855/1 750/844/1 790/854/1
f 961/853/1 941/856/1 940/851/1
f 939/857/1 925/852/1 940/851/1
f 960/858/1 941/856/1 961/853/1
f 788/859/1 750/844/1 789/855/1
f 788/859/1 766/860/1 750/844/1
f 766/860/1 751/861/1 750/844/1
f 938/862/1 925/852/1 939/857/1
f 959/863/1 941/856/1 960/858/1
f 959/863/1 942/864/1 941/856/1
f 787/865/1 766/860/1 788/859/1
f 787/865/1 767/866/1 766/860/1
f 765/867/1 751/861/1 766/860/1
f 937/868/1 925/852/1 938/862/1
f 958/869/1 942/864/1 959/863/1
f 786/870/1 767/866/1 787/865/1
f 958/869/1 943/871/1 942/864/1
f 937/868/1 926/872/1 925/852/1
f 764/873/1 751/861/1 765/867/1
f 786/870/1 768/874/1 767/866/1
f 957/875/1 943/871/1 958/869/1
f 936/876/1 926/872/1 937/868/1
f 785/877/1 768/874/1 786/870/1
f 957/875/1 944/878/1 943/871/1
f 763/879/1 751/861/1 764/873/1
f 763/879/1 752/880/1 751/861/1
f 956/881/1 944/878/1 957/875/1
f 785/877/1 769/882/1 768/874/1
f 784/883/1 769/882/1 785/877/1
f 956/881/1 945/884/1 944/878/1
f 935/885/1 926/872/1 936/876/1
f 762/886/1 752/880/1 763/879/1
f 956/881/1 946/887/1 945/884/1
f 955/888/1 946/887/1 956/881/1
f 784/883/1 770/889/1 769/882/1
f 783/890/1 770/889/1 784/883/1
f 934/891/1 926/872/1 935/885/1
f 955/888/1 947/892/1 946/887/1
f 934/891/1 927/893/1 926/872/1
f 761/894/1 752/880/1 762/886/1
f 783/890/1 771/895/1 770/889/1
f 954/896/1 947/892/1 955/888/1
f 954/896/1 948/897/1 947/892/1
f 782/898/1 771/895/1 783/890/1
f 933/899/1 927/893/1 934/891/1
f 954/896/1 949/900/1 948/897/1
f 782/898/1 772/901/1 771/895/1
f 760/902/1 752/880/1 761/894/1
f 953/903/1 949/900/1 954/896/1
f 760/902/1 753/904/1 752/880/1
f 953/903/1 950/905/1 949/900/1
f 781/906/1 772/901/1 782/898/1
f 932/907/1 927/893/1 933/899/1
f 781/906/1 773/908/1 772/901/1
f 953/903/1 951/909/1 950/905/1
f 952/910/1 951/909/1 953/903/1
f 759/911/1 753/904/1 760/902/1
f 781/906/1 774/912/1 773/908/1
f 780/913/1 774/912/1 781/906/1
f 931/914/1 927/893/1 932/907/1
f 780/913/1 775/915/1 774/912/1
f 931/914/1 930/916/1 927/893/1
f 930/916/1 929/917/1 927/893/1
f 929/917/1 928/918/1 927/893/1
f 758/919/1 753/904/1 759/911/1
f 779/920/1 775/915/1 780/913/1
f 779/920/1 776/921/1 775/915/1
f 779/920/1 777/922/1 776/921/1
f 778/923/1 777/922/1 779/920/1
f 757/924/1 753/904/1 758/919/1
f 757/924/1 756/925/1 753/904/1
f 756/925/1 755/926/1 753/904/1
f 755/926/1 754/927/1 753/904/1
f 662/580/1 652/570/1 651/40/1
f 662/580/1 655/573/1 652/570/1
f 662/580/1 656/583/1 655/573/1
f 662/580/1 661/928/1 656/583/1
f 661/928/1 659/586/1 656/583/1
f 660/929/1 659/586/1 661/928/1
f 1146/930/1 1148/931/1 1147/932/1
f 1146/930/1 1149/933/1 1148/931/1
f 1145/934/1 1149/933/1 1146/930/1
f 1145/934/1 1150/935/1 1149/933/1
f 1144/936/1 1150/935/1 1145/934/1
f 1144/936/1 1151/937/1 1150/935/1
f 1143/938/1 1151/937/1 1144/936/1
f 1143/938/1 1152/939/1 1151/937/1
f 1035/940/1 1037/941/1 1036/942/1
f 1034/943/1 1037/941/1 1035/940/1
f 1142/944/1 1152/939/1 1143/938/1
f 1033/945/1 1037/941/1 1034/943/1
f 1032/946/1 1037/941/1 1033/945/1
f 1031/947/1 1037/941/1 1032/946/1
f 1030/948/1 1037/941/1 1031/947/1
f 1029/949/1 1037/941/1 1030/948/1
f 1142/944/1 1153/950/1 1152/939/1
f 1028/951/1 1037/941/1 1029/949/1
f 1027/952/1 1037/941/1 1028/951/1
f 1141/953/1 1153/950/1 1142/944/1
f 1026/954/1 1037/941/1 1027/952/1
f 1025/955/1 1037/941/1 1026/954/1
f 1024/956/1 1037/941/1 1025/955/1
f 1023/957/1 1037/941/1 1024/956/1
f 1141/953/1 1154/958/1 1153/950/1
f 1022/959/1 1037/941/1 1023/957/1
f 1140/960/1 1154/958/1 1141/953/1
f 1021/961/1 1037/941/1 1022/959/1
f 1021/961/1 1038/962/1 1037/941/1
f 1020/963/1 1038/962/1 1021/961/1
f 1020/963/1 1039/964/1 1038/962/1
f 1140/960/1 1155/965/1 1154/958/1
f 1020/963/1 1040/966/1 1039/964/1
f 1020/963/1 1041/967/1 1040/966/1
f 1019/968/1 1041/967/1 1020/963/1
f 1019/968/1 1042/969/1 1041/967/1
f 1139/970/1 1155/965/1 1140/960/1
f 1019/968/1 1043/971/1 1042/969/1
f 1019/968/1 1044/972/1 1043/971/1
f 1019/968/1 1045/973/1 1044/972/1
f 1018/974/1 1045/973/1 1019/968/1
f 1018/974/1 1046/975/1 1045/973/1
f 1139/970/1 1156/976/1 1155/965/1
f 1018/974/1 1047/977/1 1046/975/1
f 1018/974/1 1048/978/1 1047/977/1
f 1017/979/1 1048/978/1 1018/974/1
f 1017/979/1 1049/980/1 1048/978/1
f 1017/979/1 1050/981/1 1049/980/1
f 1138/982/1 1156/976/1 1139/970/1
f 1016/983/1 1050/981/1 1017/979/1
f 1016/983/1 1051/984/1 1050/981/1
f 1138/982/1 1157/985/1 1156/976/1
f 1015/986/1 1051/984/1 1016/983/1
f 1015/986/1 1052/987/1 1051/984/1
f 1137/988/1 1157/985/1 1138/982/1
f 1015/986/1 1053/989/1 1052/987/1
f 1137/988/1 1158/990/1 1157/985/1
f 1014/991/1 1053/989/1 1015/986/1
f 1014/991/1 1054/992/1 1053/989/1
f 1013/40/1 1054/992/1 1014/991/1
f 1136/993/1 1158/990/1 1137/988/1
f 1136/993/1 1159/4/1 1158/990/1
f 1013/40/1 1055/994/1 1054/992/1
f 1159/4/1 1055/994/1 1013/40/1
f 1159/4/1 1056/995/1 1055/994/1
f 1136/993/1 1056/995/1 1159/4/1
f 1135/996/1 1056/995/1 1136/993/1
f 1135/996/1 1057/997/1 1056/995/1
f 1134/998/1 1057/997/1 1135/996/1
f 1134/998/1 1058/999/1 1057/997/1
f 1134/998/1 1059/1000/1 1058/999/1
f 1133/1001/1 1059/1000/1 1134/998/1
f 1133/1001/1 1060/1002/1 1059/1000/1
f 1132/1003/1 1060/1002/1 1133/1001/1
f 1132/1003/1 1061/1004/1 1060/1002/1
f 1131/1005/1 1061/1004/1 1132/1003/1
f 1131/1005/1 1062/1006/1 1061/1004/1
f 1130/1007/1 1062/1006/1 1131/1005/1
f 1130/1007/1 1063/1008/1 1062/1006/1
f 1129/1009/1 1063/1008/1 1130/1007/1
f 1129/1009/1 1064/1010/1 1063/1008/1
f 1129/1009/1 1065/1011/1 1064/1010/1
f 1128/1012/1 1065/1011/1 1129/1009/1
f 1128/1012/1 1066/1013/1 1065/1011/1
f 1127/1014/1 1066/1013/1 1128/1012/1
f 1127/1014/1 1067/1015/1 1066/1013/1
f 1126/1016/1 1067/1015/1 1127/1014/1
f 1126/1016/1 1068/1017/1 1067/1015/1
f 1126/1016/1 1069/1018/1 1068/1017/1
f 1125/1019/1 1069/1018/1 1126/1016/1
f 1125/1019/1 1070/1020/1 1069/1018/1
f 1124/1021/1 1070/1020/1 1125/1019/1
f 1124/1021/1 1071/1022/1 1070/1020/1
f 1123/1023/1 1071/1022/1 1124/1021/1
f 1123/1023/1 1072/1024/1 1071/1022/1
f 1123/1023/1 1073/1025/1 1072/1024/1
f 1122/1026/1 1073/1025/1 1123/1023/1
f 1122/1026/1 1074/1027/1 1073/1025/1
f 1121/1028/1 1074/1027/1 1122/1026/1
f 1121/1028/1 1075/1029/1 1074/1027/1
f 1121/1028/1 1076/1030/1 1075/1029/1
f 1120/1031/1 1076/1030/1 1121/1028/1
f 1120/1031/1 1077/1032/1 1076/1030/1
f 1120/1031/1 1078/1033/1 1077/1032/1
f 1119/1034/1 1078/1033/1 1120/1031/1
f 1119/1034/1 1079/1035/1 1078/1033/1
f 1119/1034/1 1080/1036/1 1079/1035/1
f 1096/1037/1 1098/1038/1 1097/1039/1
f 1118/1040/1 1080/1036/1 1119/1034/1
f 1095/1041/1 1098/1038/1 1096/1037/1
f 1118/1040/1 1081/1042/1 1080/1036/1
f 1094/1043/1 1098/1038/1 1095/1041/1
f 1093/1044/1 1098/1038/1 1094/1043/1
f 1118/1040/1 1082/1045/1 1081/1042/1
f 1092/1046/1 1098/1038/1 1093/1044/1
f 1091/1047/1 1098/1038/1 1092/1046/1
f 1090/1048/1 1098/1038/1 1091/1047/1
f 1118/1040/1 1083/1049/1 1082/1045/1
f 1089/1050/1 1098/1038/1 1090/1048/1
f 1117/1051/1 1083/1049/1 1118/1040/1
f 1088/1052/1 1098/1038/1 1089/1050/1
f 1117/1051/1 1084/1053/1 1083/1049/1
f 1087/1054/1 1098/1038/1 1088/1052/1
f 1086/113/1 1098/1038/1 1087/1054/1
f 1117/1051/1 1085/1055/1 1084/1053/1
f 1085/1055/1 1098/1038/1 1086/113/1
f 1117/1051/1 1098/1038/1 1085/1055/1
f 1116/1056/1 1098/1038/1 1117/1051/1
f 1115/1057/1 1098/1038/1 1116/1056/1
f 1114/1058/1 1098/1038/1 1115/1057/1
f 1114/1058/1 1099/1059/1 1098/1038/1
f 1114/1058/1 1100/1060/1 1099/1059/1
f 1113/1061/1 1100/1060/1 1114/1058/1
f 1113/1061/1 1101/1062/1 1100/1060/1
f 1113/1061/1 1102/1063/1 1101/1062/1
f 1113/1061/1 1103/1064/1 1102/1063/1
f 1112/1065/1 1103/1064/1 1113/1061/1
f 1112/1065/1 1104/1066/1 1103/1064/1
f 1112/1065/1 1105/1067/1 1104/1066/1
f 1112/1065/1 1106/1068/1 1105/1067/1
f 1111/1069/1 1106/1068/1 1112/1065/1
f 1111/1069/1 1107/1070/1 1106/1068/1
f 1111/1069/1 1108/1071/1 1107/1070/1
f 1110/1072/1 1108/1071/1 1111/1069/1
f 1110/1072/1 1109/1073/1 1108/1071/1
f 1237/1074/1 1239/1075/1 1238/1076/1
f 1237/1074/1 1240/1077/1 1239/1075/1
f 1253/1078/1 1255/1079/1 1254/1080/1
f 1252/1081/1 1255/1079/1 1253/1078/1
f 1251/1082/1 1255/1079/1 1252/1081/1
f 1250/1083/1 1255/1079/1 1251/1082/1
f 1250/1083/1 1160/40/1 1255/1079/1
f 1249/1084/1 1160/40/1 1250/1083/1
f 1248/1085/1 1160/40/1 1249/1084/1
f 1248/1085/1 1161/1086/1 1160/40/1
f 1247/1087/1 1161/1086/1 1248/1085/1
f 1246/1088/1 1161/1086/1 1247/1087/1
f 1246/1088/1 1162/1089/1 1161/1086/1
f 1245/1090/1 1162/1089/1 1246/1088/1
f 1235/1091/1 1237/1074/1 1236/1092/1
f 1235/1091/1 1240/1077/1 1237/1074/1
f 1235/1091/1 1241/1093/1 1240/1077/1
f 1235/1091/1 1242/1094/1 1241/1093/1
f 1244/1095/1 1162/1089/1 1245/1090/1
f 1244/1095/1 1163/1096/1 1162/1089/1
f 1243/1097/1 1163/1096/1 1244/1095/1
f 1242/1094/1 1163/1096/1 1243/1097/1
f 1242/1094/1 1164/1098/1 1163/1096/1
f 1235/1091/1 1164/1098/1 1242/1094/1
f 1235/1091/1 1234/1099/1 1164/1098/1
f 1234/1099/1 1268/1100/1 1164/1098/1
f 1268/1100/1 1267/1101/1 1164/1098/1
f 1267/1101/1 1165/1102/1 1164/1098/1
f 1233/1103/1 1268/1100/1 1234/1099/1
f 1233/1103/1 1269/1104/1 1268/1100/1
f 1266/1105/1 1165/1102/1 1267/1101/1
f 1266/1105/1 1166/1106/1 1165/1102/1
f 1265/1107/1 1166/1106/1 1266/1105/1
f 1264/1108/1 1166/1106/1 1265/1107/1
f 1264/1108/1 1167/1109/1 1166/1106/1
f 1263/1110/1 1167/1109/1 1264/1108/1
f 1262/1111/1 1167/1109/1 1263/1110/1
f 1262/1111/1 1168/1112/1 1167/1109/1
f 1261/1113/1 1168/1112/1 1262/1111/1
f 1260/1114/1 1168/1112/1 1261/1113/1
f 1260/1114/1 1169/1115/1 1168/1112/1
f 1259/1116/1 1169/1115/1 1260/1114/1
f 1258/1117/1 1169/1115/1 1259/1116/1
f 1258/1117/1 1170/1118/1 1169/1115/1
f 1257/1119/1 1170/1118/1 1258/1117/1
f 1256/1120/1 1170/1118/1 1257/1119/1
f 1256/1120/1 1171/1121/1 1170/1118/1
f 1270/1122/1 1171/1121/1 1256/1120/1
f 1231/1123/1 1233/1103/1 1232/1124/1
f 1231/1123/1 1269/1104/1 1233/1103/1
f 1231/1123/1 1270/1122/1 1269/1104/1
f 1231/1123/1 1171/1121/1 1270/1122/1
f 1231/1123/1 1172/1125/1 1171/1121/1
f 1231/1123/1 1173/1126/1 1172/1125/1
f 1230/1127/1 1173/1126/1 1231/1123/1
f 1229/1128/1 1174/1129/1 1230/1127/1
f 1174/1129/1 1173/1126/1 1230/1127/1
f 1229/1128/1 1175/1130/1 1174/1129/1
f 1229/1128/1 1176/1131/1 1175/1130/1
f 1229/1128/1 1177/1132/1 1176/1131/1
f 1228/1133/1 1177/1132/1 1229/1128/1
f 1228/1133/1 1178/1134/1 1177/1132/1
f 1228/1133/1 1179/1135/1 1178/1134/1
f 1227/1136/1 1179/1135/1 1228/1133/1
f 1227/1136/1 1180/1137/1 1179/1135/1
f 1227/1136/1 1181/1138/1 1180/1137/1
f 1226/1139/1 1181/1138/1 1227/1136/1
f 1226/1139/1 1182/1140/1 1181/1138/1
f 1226/1139/1 1183/1141/1 1182/1140/1
f 1225/1142/1 1183/1141/1 1226/1139/1
f 1225/1142/1 1184/1143/1 1183/1141/1
f 1225/1142/1 1185/1144/1 1184/1143/1
f 1224/1145/1 1185/1144/1 1225/1142/1
f 1224/1145/1 1186/1146/1 1185/1144/1
f 1224/1145/1 1187/1147/1 1186/1146/1
f 1224/1145/1 1275/1148/1 1187/1147/1
f 1275/1148/1 1188/1149/1 1187/1147/1
f 1223/1150/1 1275/1148/1 1224/1145/1
f 1222/1151/1 1275/1148/1 1223/1150/1
f 1221/1152/1 1275/1148/1 1222/1151/1
f 1220/1153/1 1276/1154/1 1221/1152/1
f 1276/1154/1 1275/1148/1 1221/1152/1
f 1220/1153/1 1194/1155/1 1276/1154/1
f 1194/1155/1 1277/1156/1 1276/1154/1
f 1278/4/1 1188/1149/1 1275/1148/1
f 1219/113/1 1194/1155/1 1220/1153/1
f 1219/113/1 1195/1157/1 1194/1155/1
f 1193/1158/1 1277/1156/1 1194/1155/1
f 1218/1159/1 1195/1157/1 1219/113/1
f 1218/1159/1 1196/1160/1 1195/1157/1
f 1218/1159/1 1197/1161/1 1196/1160/1
f 1217/1162/1 1197/1161/1 1218/1159/1
f 1216/1163/1 1197/1161/1 1217/1162/1
f 1216/1163/1 1198/1164/1 1197/1161/1
f 1215/1165/1 1198/1164/1 1216/1163/1
f 1215/1165/1 1199/1166/1 1198/1164/1
f 1214/1167/1 1199/1166/1 1215/1165/1
f 1214/1167/1 1200/1168/1 1199/1166/1
f 1213/1169/1 1200/1168/1 1214/1167/1
f 1213/1169/1 1201/1170/1 1200/1168/1
f 1212/1171/1 1201/1170/1 1213/1169/1
f 1211/1172/1 1201/1170/1 1212/1171/1
f 1211/1172/1 1202/1173/1 1201/1170/1
f 1210/1174/1 1202/1173/1 1211/1172/1
f 1210/1174/1 1203/1175/1 1202/1173/1
f 1209/1176/1 1203/1175/1 1210/1174/1
f 1209/1176/1 1204/1177/1 1203/1175/1
f 1208/1178/1 1204/1177/1 1209/1176/1
f 1208/1178/1 1205/1179/1 1204/1177/1
f 1207/1180/1 1205/1179/1 1208/1178/1
f 1207/1180/1 1206/1181/1 1205/1179/1
f 1193/1158/1 1273/1182/1 1277/1156/1
f 1273/1182/1 1278/4/1 1277/1156/1
f 1273/1182/1 1272/1183/1 1278/4/1
f 1272/1183/1 1188/1149/1 1278/4/1
f 1193/1158/1 1274/1184/1 1273/1182/1
f 1271/1185/1 1188/1149/1 1272/1183/1
f 1193/1158/1 1191/1186/1 1274/1184/1
f 1191/1186/1 1271/1185/1 1274/1184/1
f 1191/1186/1 1190/1187/1 1271/1185/1
f 1190/1187/1 1188/1149/1 1271/1185/1
f 1193/1158/1 1192/1188/1 1191/1186/1
f 1189/1189/1 1188/1149/1 1190/1187/1
f 1291/1190/1 1293/1191/1 1292/1192/1
f 1291/1190/1 1294/1193/1 1293/1191/1
f 1348/1194/1 1350/4/1 1349/1195/1
f 1348/1194/1 1279/40/1 1350/4/1
f 1348/1194/1 1280/1196/1 1279/40/1
f 1347/1197/1 1280/1196/1 1348/1194/1
f 1347/1197/1 1281/1198/1 1280/1196/1
f 1347/1197/1 1282/1199/1 1281/1198/1
f 1346/1200/1 1282/1199/1 1347/1197/1
f 1346/1200/1 1283/1201/1 1282/1199/1
f 1346/1200/1 1284/1202/1 1283/1201/1
f 1346/1200/1 1285/1203/1 1284/1202/1
f 1345/1204/1 1285/1203/1 1346/1200/1
f 1345/1204/1 1286/1205/1 1285/1203/1
f 1345/1204/1 1287/1206/1 1286/1205/1
f 1345/1204/1 1288/1207/1 1287/1206/1
f 1344/1208/1 1288/1207/1 1345/1204/1
f 1344/1208/1 1289/1209/1 1288/1207/1
f 1344/1208/1 1290/1210/1 1289/1209/1
f 1343/1211/1 1290/1210/1 1344/1208/1
f 1343/1211/1 1291/1190/1 1290/1210/1
f 1343/1211/1 1294/1193/1 1291/1190/1
f 1343/1211/1 1295/1212/1 1294/1193/1
f 1343/1211/1 1296/1213/1 1295/1212/1
f 1342/1214/1 1296/1213/1 1343/1211/1
f 1341/1215/1 1313/1216/1 1342/1214/1
f 1313/1216/1 1296/1213/1 1342/1214/1
f 1341/1215/1 1314/1217/1 1313/1216/1
f 1312/1218/1 1296/1213/1 1313/1216/1
f 1311/1219/1 1297/1220/1 1312/1218/1
f 1297/1220/1 1296/1213/1 1312/1218/1
f 1311/1219/1 1298/1221/1 1297/1220/1
f 1341/1215/1 1315/1222/1 1314/1217/1
f 1340/1223/1 1315/1222/1 1341/1215/1
f 1340/1223/1 1316/1224/1 1315/1222/1
f 1339/1225/1 1316/1224/1 1340/1223/1
f 1339/1225/1 1317/1226/1 1316/1224/1
f 1339/1225/1 1318/1227/1 1317/1226/1
f 1338/1228/1 1318/1227/1 1339/1225/1
f 1338/1228/1 1319/1229/1 1318/1227/1
f 1338/1228/1 1320/1230/1 1319/1229/1
f 1337/1231/1 1320/1230/1 1338/1228/1
f 1337/1231/1 1321/1232/1 1320/1230/1
f 1337/1231/1 1322/1233/1 1321/1232/1
f 1336/1234/1 1322/1233/1 1337/1231/1
f 1335/1235/1 1322/1233/1 1336/1234/1
f 1334/1236/1 1322/1233/1 1335/1235/1
f 1334/1236/1 1323/1237/1 1322/1233/1
f 1333/1238/1 1323/1237/1 1334/1236/1
f 1332/1239/1 1323/1237/1 1333/1238/1
f 1331/1240/1 1323/1237/1 1332/1239/1
f 1330/1241/1 1323/1237/1 1331/1240/1
f 1330/1241/1 1324/1242/1 1323/1237/1
f 1329/1243/1 1324/1242/1 1330/1241/1
f 1328/1244/1 1324/1242/1 1329/1243/1
f 1328/1244/1 1327/1245/1 1324/1242/1
f 1327/1245/1 1326/1246/1 1324/1242/1
f 1326/1246/1 1325/1247/1 1324/1242/1
f 1309/1248/1 1311/1219/1 1310/1249/1
f 1309/1248/1 1298/1221/1 1311/1219/1
f 1309/1248/1 1299/1250/1 1298/1221/1
f 1309/1248/1 1300/1251/1 1299/1250/1
f 1308/1252/2 1300/1251/2 1309/1248/2
f 1307/1253/1 1301/1254/1 1308/1252/1
f 1301/1254/2 1300/1251/2 1308/1252/2
f 1307/1253/1 1302/1255/1 1301/1254/1
f 1305/1256/1 1307/1253/1 1306/1257/1
f 1305/1256/1 1302/1255/1 1307/1253/1
f 1305/1256/1 1303/1258/1 1302/1255/1
f 1305/1256/1 1304/1259/1 1303/1258/1
f 1450/1/2 1451/3/2 1369/2/2
f 1369/2/2 1451/3/2 1452/4/2
f 1369/2/2 1452/4/2 1372/5/2
f 1372/5/2 1452/4/2 1447/6/2
f 1443/7/2 1444/9/2 1377/8/2
f 1377/8/2 1444/9/2 1445/10/2
f 1377/8/2 1445/10/2 1446/11/2
f 1377/8/2 1446/11/2 1380/12/2
f 1380/12/2 1446/11/2 1381/13/2
f 1450/1/2 1369/2/2 1370/14/2
f 1371/15/2 1372/5/2 1447/6/2
f 1443/7/2 1377/8/2 1378/16/2
f 1379/17/2 1380/12/2 1381/13/2
f 1450/1/2 1370/14/2 1368/18/2
f 1368/18/2 1370/14/2 1371/15/2
f 1368/18/2 1371/15/2 1367/19/2
f 1367/19/2 1371/15/2 1447/6/2
f 1443/7/2 1378/16/2 1376/20/2
f 1376/20/2 1378/16/2 1379/17/2
f 1376/20/2 1379/17/2 1375/21/2
f 1375/21/2 1379/17/2 1381/13/2
f 1450/1/2 1368/18/2 1365/22/2
f 1366/23/2 1367/19/2 1447/6/2
f 1443/7/2 1376/20/2 1373/24/2
f 1374/25/2 1375/21/2 1381/13/2
f 1450/1/2 1365/22/2 1448/26/2
f 1448/26/2 1365/22/2 1366/23/2
f 1448/26/2 1366/23/2 1447/6/2
f 1443/7/2 1373/24/2 1374/25/2
f 1443/7/2 1374/25/2 1442/27/2
f 1442/27/2 1374/25/2 1381/13/2
f 1450/1/2 1448/26/2 1449/28/2
f 1441/29/2 1442/27/2 1381/13/2
f 1362/30/2 1363/32/2 1355/31/2
f 1355/31/2 1363/32/2 1364/33/2
f 1355/31/2 1364/33/2 1358/34/2
f 1358/34/2 1364/33/2 1359/35/2
f 1362/30/2 1355/31/2 1356/36/2
f 1357/37/2 1358/34/2 1359/35/2
f 1362/30/2 1356/36/2 1354/38/2
f 1354/38/2 1356/36/2 1357/37/2
f 1354/38/2 1357/37/2 1353/39/2
f 1353/39/2 1357/37/2 1359/35/2
f 1362/30/2 1354/38/2 1351/40/2
f 1352/41/2 1353/39/2 1359/35/2
f 1362/30/2 1351/40/2 1360/42/2
f 1360/42/2 1351/40/2 1352/41/2
f 1360/42/2 1352/41/2 1359/35/2
f 1440/43/2 1441/29/2 1381/13/2
f 1440/43/2 1381/13/2 1382/44/2
f 1439/45/2 1440/43/2 1382/44/2
f 1362/30/2 1360/42/2 1361/46/2
f 1438/47/2 1439/45/2 1382/44/2
f 1437/48/2 1438/47/2 1382/44/2
f 1437/48/2 1382/44/2 1383/49/2
f 1436/50/2 1437/48/2 1383/49/2
f 1435/51/2 1436/50/2 1383/49/2
f 1434/52/2 1435/51/2 1383/49/2
f 1433/53/2 1434/52/2 1383/49/2
f 1432/54/2 1433/53/2 1383/49/2
f 1431/55/2 1432/54/2 1383/49/2
f 1416/56/2 1417/58/2 1418/57/2
f 1431/55/2 1383/49/2 1384/59/2
f 1430/60/2 1431/55/2 1384/59/2
f 1416/56/2 1418/57/2 1419/61/2
f 1429/62/2 1430/60/2 1384/59/2
f 1416/56/2 1419/61/2 1420/63/2
f 1416/56/2 1420/63/2 1421/64/2
f 1428/65/2 1429/62/2 1384/59/2
f 1427/66/2 1428/65/2 1384/59/2
f 1426/67/2 1427/66/2 1384/59/2
f 1425/68/2 1426/67/2 1384/59/2
f 1416/56/2 1421/64/2 1422/69/2
f 1424/70/2 1425/68/2 1384/59/2
f 1416/56/2 1422/69/2 1423/71/2
f 1423/71/2 1424/70/2 1384/59/2
f 1416/56/2 1423/71/2 1384/59/2
f 1415/72/2 1416/56/2 1384/59/2
f 1415/72/2 1384/59/2 1385/73/2
f 1414/74/2 1415/72/2 1385/73/2
f 1413/75/2 1414/74/2 1385/73/2
f 1413/75/2 1385/73/2 1386/76/2
f 1412/77/2 1413/75/2 1386/76/2
f 1412/77/2 1386/76/2 1387/78/2
f 1411/79/2 1412/77/2 1387/78/2
f 1411/79/2 1387/78/2 1388/80/2
f 1410/81/2 1411/79/2 1388/80/2
f 1410/81/2 1388/80/2 1389/82/2
f 1409/83/2 1410/81/2 1389/82/2
f 1409/83/2 1389/82/2 1390/84/2
f 1409/83/2 1390/84/2 1391/85/2
f 1408/86/2 1409/83/2 1391/85/2
f 1408/86/2 1391/85/2 1392/87/2
f 1407/88/2 1408/86/2 1392/87/2
f 1407/88/2 1392/87/2 1393/89/2
f 1407/88/2 1393/89/2 1394/90/2
f 1406/91/2 1407/88/2 1394/90/2
f 1406/91/2 1394/90/2 1395/92/2
f 1406/91/2 1395/92/2 1396/93/2
f 1406/91/2 1396/93/2 1397/94/2
f 1405/95/2 1406/91/2 1397/94/2
f 1405/95/2 1397/94/2 1398/96/2
f 1405/95/2 1398/96/2 1399/97/2
f 1405/95/2 1399/97/2 1400/98/2
f 1405/95/2 1400/98/2 1401/99/2
f 1405/95/2 1401/99/2 1402/100/2
f 1405/95/2 1402/100/2 1403/101/2
f 1405/95/2 1403/101/2 1404/102/2
f 1535/103/2 1536/105/2 1537/104/2
f 1535/103/2 1537/104/2 1538/106/2
f 1534/107/2 1535/103/2 1538/106/2
f 1534/107/2 1538/106/2 1539/108/2
f 1533/109/2 1534/107/2 1539/108/2
f 1533/109/2 1539/108/2 1540/110/2
f 1532/111/2 1533/109/2 1540/110/2
f 1532/111/2 1540/110/2 1541/112/2
f 1531/113/2 1532/111/2 1488/114/2
f 1488/114/2 1532/111/2 1597/115/2
f 1597/115/2 1532/111/2 1541/112/2
f 1488/114/2 1597/115/2 1598/116/2
f 1596/117/2 1597/115/2 1541/112/2
f 1531/113/2 1488/114/2 1489/118/2
f 1487/119/2 1488/114/2 1598/116/2
f 1596/117/2 1541/112/2 1542/120/2
f 1595/121/2 1596/117/2 1542/120/2
f 1531/113/2 1489/118/2 1490/122/2
f 1530/123/2 1531/113/2 1490/122/2
f 1594/124/2 1595/121/2 1542/120/2
f 1487/119/2 1598/116/2 1599/125/2
f 1530/123/2 1490/122/2 1491/126/2
f 1486/127/2 1487/119/2 1599/125/2
f 1593/128/2 1594/124/2 1542/120/2
f 1593/128/2 1542/120/2 1543/129/2
f 1530/123/2 1491/126/2 1492/130/2
f 1486/127/2 1599/125/2 1600/131/2
f 1529/132/2 1530/123/2 1492/130/2
f 1485/133/2 1486/127/2 1600/131/2
f 1592/134/2 1593/128/2 1543/129/2
f 1529/132/2 1492/130/2 1493/135/2
f 1592/134/2 1543/129/2 1544/136/2
f 1591/137/2 1592/134/2 1544/136/2
f 1484/138/2 1485/133/2 1600/131/2
f 1484/138/2 1600/131/2 1601/139/2
f 1528/140/2 1529/132/2 1493/135/2
f 1528/140/2 1493/135/2 1494/141/2
f 1483/142/2 1484/138/2 1601/139/2
f 1590/143/2 1591/137/2 1544/136/2
f 1483/142/2 1601/139/2 1602/144/2
f 1590/143/2 1544/136/2 1545/145/2
f 1482/146/2 1483/142/2 1602/144/2
f 1482/146/2 1602/144/2 1603/147/2
f 1589/148/2 1590/143/2 1545/145/2
f 1528/140/2 1494/141/2 1495/149/2
f 1527/150/2 1528/140/2 1495/149/2
f 1481/151/2 1482/146/2 1603/147/2
f 1481/151/2 1603/147/2 1604/152/2
f 1589/148/2 1545/145/2 1546/153/2
f 1588/154/2 1589/148/2 1546/153/2
f 1527/150/2 1495/149/2 1496/155/2
f 1480/156/2 1481/151/2 1604/152/2
f 1480/156/2 1604/152/2 1605/157/2
f 1526/158/2 1527/150/2 1496/155/2
f 1587/159/2 1588/154/2 1546/153/2
f 1479/160/2 1480/156/2 1605/157/2
f 1526/158/2 1496/155/2 1497/161/2
f 1479/160/2 1605/157/2 1606/162/2
f 1587/159/2 1546/153/2 1547/163/2
f 1478/164/2 1479/160/2 1606/162/2
f 1478/164/2 1606/162/2 1607/165/2
f 1586/166/2 1587/159/2 1547/163/2
f 1526/158/2 1497/161/2 1498/167/2
f 1525/168/2 1526/158/2 1498/167/2
f 1477/169/2 1478/164/2 1607/165/2
f 1477/169/2 1607/165/2 1608/170/2
f 1586/166/2 1547/163/2 1548/171/2
f 1476/172/2 1477/169/2 1608/170/2
f 1585/173/2 1586/166/2 1548/171/2
f 1525/168/2 1498/167/2 1499/174/2
f 1476/172/2 1608/170/2 1609/4/2
f 1475/175/2 1476/172/2 1609/4/2
f 1524/176/2 1525/168/2 1499/174/2
f 1475/175/2 1609/4/2 1501/177/2
f 1584/178/2 1585/173/2 1548/171/2
f 1524/176/2 1499/174/2 1500/179/2
f 1584/178/2 1548/171/2 1549/180/2
f 1474/181/2 1475/175/2 1501/177/2
f 1524/176/2 1500/179/2 1453/40/2
f 1583/182/2 1584/178/2 1549/180/2
f 1523/183/2 1524/176/2 1453/40/2
f 1474/181/2 1501/177/2 1502/184/2
f 1583/182/2 1549/180/2 1550/185/2
f 1473/186/2 1474/181/2 1502/184/2
f 1523/183/2 1453/40/2 1454/187/2
f 1582/188/2 1583/182/2 1550/185/2
f 1522/189/2 1523/183/2 1454/187/2
f 1472/190/2 1473/186/2 1502/184/2
f 1522/189/2 1454/187/2 1455/191/2
f 1472/190/2 1502/184/2 1503/192/2
f 1582/188/2 1550/185/2 1551/193/2
f 1581/194/2 1582/188/2 1551/193/2
f 1522/189/2 1455/191/2 1456/195/2
f 1471/196/2 1472/190/2 1503/192/2
f 1521/197/2 1522/189/2 1456/195/2
f 1471/196/2 1503/192/2 1504/198/2
f 1521/197/2 1456/195/2 1457/199/2
f 1470/200/2 1471/196/2 1504/198/2
f 1581/194/2 1551/193/2 1552/201/2
f 1580/202/2 1581/194/2 1552/201/2
f 1520/203/2 1521/197/2 1457/199/2
f 1520/203/2 1457/199/2 1458/204/2
f 1469/205/2 1470/200/2 1504/198/2
f 1469/205/2 1504/198/2 1505/206/2
f 1520/203/2 1458/204/2 1459/207/2
f 1579/208/2 1580/202/2 1552/201/2
f 1468/209/2 1469/205/2 1505/206/2
f 1519/210/2 1520/203/2 1459/207/2
f 1519/210/2 1459/207/2 1460/211/2
f 1579/208/2 1552/201/2 1553/212/2
f 1467/213/2 1468/209/2 1505/206/2
f 1519/210/2 1460/211/2 1461/214/2
f 1578/215/2 1579/208/2 1553/212/2
f 1467/213/2 1505/206/2 1506/216/2
f 1466/217/2 1467/213/2 1506/216/2
f 1519/210/2 1461/214/2 1462/218/2
f 1465/219/2 1466/217/2 1506/216/2
f 1519/210/2 1462/218/2 1463/220/2
f 1518/221/2 1519/210/2 1463/220/2
f 1464/222/2 1465/219/2 1506/216/2
f 1518/221/2 1463/220/2 1464/222/2
f 1518/221/2 1464/222/2 1506/216/2
f 1577/223/2 1578/215/2 1553/212/2
f 1577/223/2 1553/212/2 1554/224/2
f 1518/221/2 1506/216/2 1507/225/2
f 1517/226/2 1518/221/2 1507/225/2
f 1576/227/2 1577/223/2 1554/224/2
f 1517/226/2 1507/225/2 1508/228/2
f 1516/229/2 1517/226/2 1508/228/2
f 1576/227/2 1554/224/2 1555/230/2
f 1575/231/2 1576/227/2 1555/230/2
f 1516/229/2 1508/228/2 1509/232/2
f 1515/233/2 1516/229/2 1509/232/2
f 1574/234/2 1575/231/2 1555/230/2
f 1573/235/2 1574/234/2 1555/230/2
f 1515/233/2 1509/232/2 1510/236/2
f 1514/237/2 1515/233/2 1510/236/2
f 1573/235/2 1555/230/2 1556/238/2
f 1572/239/2 1573/235/2 1556/238/2
f 1571/240/2 1572/239/2 1556/238/2
f 1570/241/2 1571/240/2 1556/238/2
f 1514/237/2 1510/236/2 1511/242/2
f 1513/243/2 1514/237/2 1511/242/2
f 1569/244/2 1570/241/2 1556/238/2
f 1568/245/2 1569/244/2 1556/238/2
f 1567/246/2 1568/245/2 1556/238/2
f 1566/247/2 1567/246/2 1556/238/2
f 1565/248/2 1566/247/2 1556/238/2
f 1564/249/2 1565/248/2 1556/238/2
f 1513/243/2 1511/242/2 1512/250/2
f 1563/251/2 1564/249/2 1556/238/2
f 1562/252/2 1563/251/2 1556/238/2
f 1561/253/2 1562/252/2 1556/238/2
f 1560/254/2 1561/253/2 1556/238/2
f 1560/254/2 1556/238/2 1557/255/2
f 1560/254/2 1557/255/2 1558/256/2
f 1560/254/2 1558/256/2 1559/257/2
f 1880/253/2 1881/259/2 1882/258/2
f 1879/260/2 1880/253/2 1882/258/2
f 1879/260/2 1882/258/2 1883/261/2
f 1878/262/2 1879/260/2 1883/261/2
f 1878/262/2 1883/261/2 1884/263/2
f 1877/264/2 1878/262/2 1884/263/2
f 1877/264/2 1884/263/2 1885/251/2
f 1876/265/2 1877/264/2 1885/251/2
f 1876/265/2 1885/251/2 1886/266/2
f 1875/257/2 1876/265/2 1886/266/2
f 1875/257/2 1886/266/2 1887/267/2
f 1874/268/2 1875/257/2 1887/267/2
f 1874/268/2 1887/267/2 1888/269/2
f 1874/268/2 1888/269/2 1889/270/2
f 1873/271/2 1874/268/2 1889/270/2
f 1873/271/2 1889/270/2 1890/248/2
f 1872/272/2 1873/271/2 1890/248/2
f 1872/272/2 1890/248/2 1891/273/2
f 1871/274/2 1872/272/2 1891/273/2
f 1871/274/2 1891/273/2 1892/275/2
f 1870/255/2 1871/274/2 1892/275/2
f 1870/255/2 1892/275/2 1893/276/2
f 1869/277/2 1870/255/2 1893/276/2
f 1869/277/2 1893/276/2 1894/278/2
f 1611/279/2 1612/281/2 1613/280/2
f 1611/279/2 1613/280/2 1610/40/2
f 1867/282/2 1868/283/2 1995/165/2
f 1995/165/2 1868/283/2 1869/277/2
f 1995/165/2 1869/277/2 1894/278/2
f 1995/165/2 1894/278/2 1895/246/2
f 1995/165/2 1895/246/2 1994/284/2
f 1994/284/2 1895/246/2 1999/285/2
f 1999/285/2 1895/246/2 1998/286/2
f 1998/286/2 1895/246/2 1896/287/2
f 1867/282/2 1995/165/2 1996/288/2
f 1993/289/2 1994/284/2 1999/285/2
f 1993/289/2 1999/285/2 2000/4/2
f 1997/290/2 1998/286/2 1896/287/2
f 1867/282/2 1996/288/2 1976/291/2
f 1976/291/2 1996/288/2 1993/289/2
f 1976/291/2 1993/289/2 2000/4/2
f 1976/291/2 2000/4/2 1997/290/2
f 1976/291/2 1997/290/2 1975/125/2
f 1975/125/2 1997/290/2 1980/139/2
f 1980/139/2 1997/290/2 1979/292/2
f 1979/292/2 1997/290/2 1896/287/2
f 1638/293/2 1639/294/2 1640/219/2
f 1638/293/2 1640/219/2 1641/295/2
f 1867/282/2 1976/291/2 1977/296/2
f 1974/297/2 1975/125/2 1980/139/2
f 1974/297/2 1980/139/2 1981/298/2
f 1978/299/2 1979/292/2 1896/287/2
f 1973/300/2 1974/297/2 1981/298/2
f 1973/300/2 1981/298/2 1982/301/2
f 1972/302/2 1973/300/2 1982/301/2
f 1972/302/2 1982/301/2 1983/303/2
f 1971/304/2 1972/302/2 1983/303/2
f 1971/304/2 1983/303/2 1984/305/2
f 1970/115/2 1971/304/2 1984/305/2
f 1970/115/2 1984/305/2 1985/147/2
f 1969/306/2 1970/115/2 1985/147/2
f 1969/306/2 1985/147/2 1986/307/2
f 1637/308/1 1638/293/1 1641/295/1
f 1636/309/2 1637/308/2 1642/310/2
f 1642/310/1 1637/308/1 1641/295/1
f 1636/309/2 1642/310/2 1643/311/2
f 1968/312/2 1969/306/2 1986/307/2
f 1968/312/2 1986/307/2 1987/313/2
f 1967/314/2 1968/312/2 1987/313/2
f 1967/314/2 1987/313/2 1988/315/2
f 1636/309/2 1643/311/2 1644/316/2
f 1966/317/2 1967/314/2 1988/315/2
f 1966/317/2 1988/315/2 1989/318/2
f 1635/220/2 1636/309/2 1644/316/2
f 1965/121/2 1966/317/2 1989/318/2
f 1965/121/2 1989/318/2 1990/157/2
f 1964/319/2 1965/121/2 1990/157/2
f 1964/319/2 1990/157/2 1991/320/2
f 1635/220/2 1644/316/2 1645/213/2
f 1634/321/2 1635/220/2 1645/213/2
f 1963/322/2 1964/319/2 1991/320/2
f 1963/322/2 1991/320/2 1992/323/2
f 1867/282/2 1977/296/2 1963/322/2
f 1867/282/2 1963/322/2 1992/323/2
f 1867/282/2 1992/323/2 1978/299/2
f 1867/282/2 1978/299/2 1896/287/2
f 1634/321/2 1645/213/2 1646/324/2
f 1633/325/2 1634/321/2 1646/324/2
f 1667/326/2 1668/328/2 1669/327/2
f 1633/325/2 1646/324/2 1647/329/2
f 1632/330/2 1633/325/2 1647/329/2
f 1666/331/2 1667/326/2 1669/327/2
f 1666/331/2 1669/327/2 1670/169/2
f 1632/330/2 1647/329/2 1648/332/2
f 1665/175/2 1666/331/2 1670/169/2
f 1631/333/2 1632/330/2 1648/332/2
f 1866/334/1 1867/282/1 1896/287/1
f 1865/230/2 1866/334/2 1897/335/2
f 1897/335/1 1866/334/1 1896/287/1
f 1865/230/2 1897/335/2 1898/336/2
f 1664/337/2 1665/175/2 1670/169/2
f 1664/337/2 1670/169/2 1671/338/2
f 1663/339/2 1664/337/2 1671/338/2
f 1631/333/2 1648/332/2 1649/340/2
f 1630/214/2 1631/333/2 1649/340/2
f 1740/206/2 1741/342/2 1742/341/2
f 1662/343/2 1663/339/2 1671/338/2
f 1662/343/2 1671/338/2 1672/344/2
f 1661/345/2 1662/343/2 1672/344/2
f 1630/214/2 1649/340/2 1650/205/2
f 1865/230/2 1898/336/2 1899/346/2
f 1865/230/2 1899/346/2 1830/112/2
f 1830/112/2 1899/346/2 1900/244/2
f 1864/347/2 1865/230/2 1830/112/2
f 1739/348/2 1740/206/2 1742/341/2
f 1629/349/2 1630/214/2 1650/205/2
f 1739/348/2 1742/341/2 1743/350/2
f 1660/186/2 1661/345/2 1672/344/2
f 1660/186/2 1672/344/2 1673/351/2
f 1739/348/2 1743/350/2 1744/352/2
f 1738/353/2 1739/348/2 1744/352/2
f 1659/354/2 1660/186/2 1673/351/2
f 1628/355/2 1629/349/2 1650/205/2
f 1628/355/2 1650/205/2 1651/356/2
f 1658/357/2 1659/354/2 1673/351/2
f 1738/353/2 1744/352/2 1745/225/2
f 1737/358/2 1738/353/2 1745/225/2
f 1863/359/2 1864/347/2 1830/112/2
f 1627/360/2 1628/355/2 1651/356/2
f 1658/357/2 1673/351/2 1674/361/2
f 1657/362/2 1658/357/2 1674/361/2
f 1737/358/2 1745/225/2 1746/363/2
f 1627/360/2 1651/356/2 1652/364/2
f 1736/365/2 1737/358/2 1746/363/2
f 1626/366/2 1627/360/2 1652/364/2
f 1656/367/2 1657/362/2 1674/361/2
f 1767/368/2 1768/370/2 1769/369/2
f 1736/365/2 1746/363/2 1747/371/2
f 1656/367/2 1674/361/2 1675/160/2
f 1625/207/2 1626/366/2 1652/364/2
f 1655/196/2 1656/367/2 1675/160/2
f 1735/192/2 1736/365/2 1747/371/2
f 1625/207/2 1652/364/2 1653/372/2
f 1767/368/2 1769/369/2 1770/226/2
f 1624/373/2 1625/207/2 1653/372/2
f 1766/374/2 1767/368/2 1770/226/2
f 1862/375/2 1863/359/2 1830/112/2
f 1735/192/2 1747/371/2 1748/376/2
f 1654/377/2 1655/196/2 1675/160/2
f 1765/233/2 1766/374/2 1770/226/2
f 1623/378/2 1624/373/2 1653/372/2
f 1734/379/2 1735/192/2 1748/376/2
f 1765/233/2 1770/226/2 1771/380/2
f 1764/381/2 1765/233/2 1771/380/2
f 1654/377/2 1675/160/2 1676/382/2
f 1734/379/2 1748/376/2 1749/383/2
f 1622/384/2 1623/378/2 1653/372/2
f 1622/384/2 1653/372/2 1654/377/2
f 1763/385/2 1764/381/2 1771/380/2
f 1733/386/2 1734/379/2 1749/383/2
f 1621/387/2 1622/384/2 1654/377/2
f 1762/388/2 1763/385/2 1771/380/2
f 1762/388/2 1771/380/2 1772/389/2
f 1733/386/2 1749/383/2 1750/232/2
f 1862/375/2 1830/112/2 1831/390/2
f 1829/391/2 1830/112/2 1900/244/2
f 1761/392/2 1762/388/2 1772/389/2
f 1620/199/2 1621/387/2 1654/377/2
f 1861/393/2 1862/375/2 1831/390/2
f 1654/377/2 1676/382/2 1677/394/2
f 1732/395/2 1733/386/2 1750/232/2
f 1620/199/2 1654/377/2 1677/394/2
f 1760/243/2 1761/392/2 1772/389/2
f 1619/396/2 1620/199/2 1677/394/2
f 1760/243/2 1772/389/2 1773/397/2
f 1732/395/2 1750/232/2 1751/398/2
f 1618/399/2 1619/396/2 1677/394/2
f 1759/400/2 1760/243/2 1773/397/2
f 1731/401/2 1732/395/2 1751/398/2
f 1617/402/2 1618/399/2 1677/394/2
f 1758/403/2 1759/400/2 1773/397/2
f 1616/404/2 1617/402/2 1677/394/2
f 1731/401/2 1751/398/2 1752/405/2
f 1758/403/2 1773/397/2 1774/406/2
f 1861/393/2 1831/390/2 1832/407/2
f 1615/191/2 1616/404/2 1677/394/2
f 1757/408/2 1758/403/2 1774/406/2
f 1730/177/2 1731/401/2 1752/405/2
f 1615/191/2 1677/394/2 1693/409/2
f 1693/409/2 1677/394/2 1678/410/2
f 1614/411/2 1615/191/2 1693/409/2
f 1717/412/2 1614/411/2 1693/409/2
f 1756/413/2 1757/408/2 1774/406/2
f 1716/414/2 1717/412/2 1693/409/2
f 1729/415/2 1730/177/2 1752/405/2
f 1729/415/2 1752/405/2 1753/416/2
f 1716/414/2 1693/409/2 1694/417/2
f 1692/418/2 1693/409/2 1678/410/2
f 1756/413/2 1774/406/2 1775/210/2
f 1860/212/2 1861/393/2 1832/407/2
f 1715/149/2 1716/414/2 1694/417/2
f 1755/242/2 1756/413/2 1775/210/2
f 1728/419/2 1729/415/2 1753/416/2
f 1691/420/2 1692/418/2 1678/410/2
f 1714/421/2 1715/149/2 1694/417/2
f 1727/422/2 1728/419/2 1753/416/2
f 1754/423/2 1755/242/2 1775/210/2
f 1714/421/2 1694/417/2 1695/119/2
f 1727/422/2 1753/416/2 1754/423/2
f 1691/420/2 1678/410/2 1679/424/2
f 1726/425/2 1727/422/2 1754/423/2
f 1690/133/2 1691/420/2 1679/424/2
f 1713/426/2 1714/421/2 1695/119/2
f 1754/423/2 1775/210/2 1776/427/2
f 1725/174/2 1726/425/2 1754/423/2
f 1860/212/2 1832/407/2 1833/428/2
f 1713/426/2 1695/119/2 1696/429/2
f 1689/430/2 1690/133/2 1679/424/2
f 1712/431/2 1713/426/2 1696/429/2
f 1724/432/2 1725/174/2 1754/423/2
f 1724/432/2 1754/423/2 1776/427/2
f 1723/433/2 1724/432/2 1776/427/2
f 1688/434/2 1689/430/2 1679/424/2
f 1722/435/2 1723/433/2 1776/427/2
f 1711/436/2 1712/431/2 1696/429/2
f 1711/436/2 1696/429/2 1697/437/2
f 1721/438/2 1722/435/2 1776/427/2
f 1721/438/2 1776/427/2 1777/439/2
f 1720/161/2 1721/438/2 1777/439/2
f 1688/434/2 1679/424/2 1680/151/2
f 1687/440/2 1688/434/2 1680/151/2
f 1710/135/2 1711/436/2 1697/437/2
f 1719/441/2 1720/161/2 1777/439/2
f 1859/442/2 1860/212/2 1833/428/2
f 1710/135/2 1697/437/2 1698/443/2
f 1718/444/2 1719/441/2 1777/439/2
f 1962/445/2 1718/444/2 1777/439/2
f 1961/446/2 1962/445/2 1777/439/2
f 1686/447/2 1687/440/2 1680/151/2
f 1709/448/2 1710/135/2 1698/443/2
f 1960/128/2 1961/446/2 1777/439/2
f 1709/448/2 1698/443/2 1699/449/2
f 1960/128/2 1777/439/2 1778/450/2
f 1959/451/2 1960/128/2 1778/450/2
f 1859/442/2 1833/428/2 1834/452/2
f 1685/142/2 1686/447/2 1680/151/2
f 1709/448/2 1699/449/2 1700/118/2
f 1708/453/2 1709/448/2 1700/118/2
f 1958/454/2 1959/451/2 1778/450/2
f 1708/453/2 1700/118/2 1701/455/2
f 1685/142/2 1680/151/2 1684/456/2
f 1684/456/2 1680/151/2 1683/457/2
f 1683/457/2 1680/151/2 1682/458/2
f 1682/458/2 1680/151/2 1681/459/2
f 1707/460/2 1708/453/2 1701/455/2
f 1707/460/2 1701/455/2 1702/461/2
f 1957/462/2 1958/454/2 1938/463/2
f 1938/463/2 1958/454/2 1778/450/2
f 1957/462/2 1938/463/2 1939/464/2
f 1937/465/2 1938/463/2 1778/450/2
f 1937/465/2 1778/450/2 1779/466/2
f 1706/467/2 1707/460/2 1702/461/2
f 1706/467/2 1702/461/2 1703/468/2
f 1956/469/2 1957/462/2 1939/464/2
f 1956/469/2 1939/464/2 1940/173/2
f 1706/467/2 1703/468/2 1704/470/2
f 1705/126/2 1706/467/2 1704/470/2
f 1955/137/2 1956/469/2 1940/173/2
f 1955/137/2 1940/173/2 1941/471/2
f 1858/472/2 1859/442/2 1834/452/2
f 1937/465/2 1779/466/2 1936/473/2
f 1936/473/2 1779/466/2 1780/197/2
f 1955/137/2 1941/471/2 1942/474/2
f 1954/475/2 1955/137/2 1942/474/2
f 1858/472/2 1834/452/2 1835/129/2
f 1954/475/2 1942/474/2 1943/476/2
f 1953/477/2 1954/475/2 1943/476/2
f 1953/477/2 1943/476/2 1944/478/2
f 1936/473/2 1780/197/2 1781/479/2
f 1953/477/2 1944/478/2 1945/159/2
f 1952/480/2 1953/477/2 1945/159/2
f 1952/480/2 1945/159/2 1946/481/2
f 1952/480/2 1946/481/2 1947/482/2
f 1951/483/2 1952/480/2 1947/482/2
f 1951/483/2 1947/482/2 1948/484/2
f 1951/483/2 1948/484/2 1949/485/2
f 1950/148/2 1951/483/2 1949/485/2
f 1936/473/2 1781/479/2 1782/486/2
f 1935/182/2 1936/473/2 1782/486/2
f 1935/182/2 1782/486/2 1783/487/2
f 1857/488/2 1858/472/2 1835/129/2
f 1935/182/2 1783/487/2 1784/489/2
f 1857/488/2 1835/129/2 1836/490/2
f 1935/182/2 1784/489/2 1785/183/2
f 1935/182/2 1785/183/2 1786/491/2
f 1935/182/2 1786/491/2 1787/492/2
f 1935/182/2 1787/492/2 1788/493/2
f 1935/182/2 1788/493/2 1789/494/2
f 1935/182/2 1789/494/2 1790/168/2
f 1934/495/2 1935/182/2 1790/168/2
f 1934/495/2 1790/168/2 1791/496/2
f 1934/495/2 1791/496/2 1792/497/2
f 1934/495/2 1792/497/2 1793/498/2
f 1934/495/2 1793/498/2 1794/499/2
f 1933/500/2 1934/495/2 1794/499/2
f 1857/488/2 1836/490/2 1837/501/2
f 1856/502/2 1857/488/2 1837/501/2
f 1932/503/2 1933/500/2 1794/499/2
f 1932/503/2 1794/499/2 1795/150/2
f 1829/391/2 1900/244/2 1901/504/2
f 1828/505/2 1829/391/2 1901/504/2
f 1931/506/2 1932/503/2 1795/150/2
f 1828/505/2 1901/504/2 1902/507/2
f 1856/502/2 1837/501/2 1838/508/2
f 1855/193/2 1856/502/2 1838/508/2
f 1930/194/2 1931/506/2 1795/150/2
f 1828/505/2 1902/507/2 1903/509/2
f 1930/194/2 1795/150/2 1796/510/2
f 1828/505/2 1903/509/2 1904/511/2
f 1929/512/2 1930/194/2 1796/510/2
f 1827/513/2 1828/505/2 1904/511/2
f 1827/513/2 1904/511/2 1905/240/2
f 1928/514/2 1929/512/2 1796/510/2
f 1827/513/2 1905/240/2 1906/515/2
f 1827/513/2 1906/515/2 1907/516/2
f 1927/517/2 1928/514/2 1796/510/2
f 1827/513/2 1907/516/2 1908/518/2
f 1926/519/2 1927/517/2 1796/510/2
f 1827/513/2 1908/518/2 1909/520/2
f 1827/513/2 1909/520/2 1910/235/2
f 1925/208/2 1926/519/2 1796/510/2
f 1827/513/2 1910/235/2 1911/521/2
f 1924/522/2 1925/208/2 1796/510/2
f 1827/513/2 1911/521/2 1912/523/2
f 1827/513/2 1912/523/2 1913/524/2
f 1827/513/2 1913/524/2 1914/525/2
f 1827/513/2 1914/525/2 1915/231/2
f 1827/513/2 1915/231/2 1916/526/2
f 1827/513/2 1916/526/2 1917/527/2
f 1827/513/2 1917/527/2 1918/528/2
f 1827/513/2 1918/528/2 1919/529/2
f 1827/513/2 1919/529/2 1920/223/2
f 1827/513/2 1920/223/2 1921/530/2
f 1827/513/2 1921/530/2 1922/531/2
f 1827/513/2 1922/531/2 1923/532/2
f 1827/513/2 1923/532/2 1924/522/2
f 1827/513/2 1924/522/2 1796/510/2
f 1855/193/2 1838/508/2 1839/533/2
f 1827/513/2 1796/510/2 1797/534/2
f 1826/535/2 1827/513/2 1797/534/2
f 1854/536/2 1855/193/2 1839/533/2
f 1825/108/2 1826/535/2 1797/534/2
f 1825/108/2 1797/534/2 1798/537/2
f 1854/536/2 1839/533/2 1840/145/2
f 1824/538/2 1825/108/2 1798/537/2
f 1853/539/2 1854/536/2 1840/145/2
f 1824/538/2 1798/537/2 1799/540/2
f 1852/541/2 1853/539/2 1840/145/2
f 1851/542/2 1852/541/2 1840/145/2
f 1823/543/2 1824/538/2 1799/540/2
f 1823/543/2 1799/540/2 1800/132/2
f 1850/180/2 1851/542/2 1840/145/2
f 1822/544/2 1823/543/2 1800/132/2
f 1849/545/2 1850/180/2 1840/145/2
f 1849/545/2 1840/145/2 1841/546/2
f 1822/544/2 1800/132/2 1801/547/2
f 1848/548/2 1849/545/2 1841/546/2
f 1821/549/2 1822/544/2 1801/547/2
f 1821/549/2 1801/547/2 1802/550/2
f 1847/551/2 1848/548/2 1841/546/2
f 1820/104/2 1821/549/2 1802/550/2
f 1820/104/2 1802/550/2 1803/552/2
f 1819/553/2 1820/104/2 1803/552/2
f 1846/554/2 1847/551/2 1841/546/2
f 1819/553/2 1803/552/2 1804/555/2
f 1818/556/2 1819/553/2 1804/555/2
f 1818/556/2 1804/555/2 1805/113/2
f 1817/557/2 1818/556/2 1805/113/2
f 1816/558/1 1817/557/1 1805/113/1
f 1815/103/1 1816/558/1 1805/113/1
f 1814/559/1 1815/103/1 1805/113/1
f 1813/560/2 1814/559/2 1805/113/2
f 1812/561/1 1813/560/1 1805/113/1
f 1811/562/1 1812/561/1 1805/113/1
f 1810/109/1 1811/562/1 1805/113/1
f 1809/563/1 1810/109/1 1805/113/1
f 1808/564/1 1809/563/1 1805/113/1
f 1807/565/1 1808/564/1 1805/113/1
f 1806/566/1 1807/565/1 1805/113/1
f 1845/163/2 1846/554/2 1841/546/2
f 1845/163/2 1841/546/2 1844/567/2
f 1844/567/2 1841/546/2 1843/568/2
f 1843/568/2 1841/546/2 1842/569/2
f 2002/570/2 2003/572/2 2004/571/2
f 2002/570/2 2004/571/2 2005/573/2
f 2211/574/2 2212/576/2 2213/575/2
f 2037/577/2 2038/579/2 2039/578/2
f 2012/580/2 2013/582/2 2014/581/2
f 2012/580/2 2014/581/2 2001/40/2
f 2006/583/2 2007/585/2 2008/584/2
f 2006/583/2 2008/584/2 2009/586/2
f 2211/574/2 2213/575/2 2214/587/2
f 2210/588/2 2211/574/2 2214/587/2
f 2037/577/2 2039/578/2 2040/589/2
f 2036/590/2 2037/577/2 2040/589/2
f 2210/588/2 2214/587/2 2215/591/2
f 2209/592/2 2210/588/2 2215/591/2
f 2036/590/2 2040/589/2 2041/593/2
f 2035/594/2 2036/590/2 2041/593/2
f 2209/592/2 2215/591/2 2216/595/2
f 2035/594/2 2041/593/2 2042/596/2
f 2208/597/2 2209/592/2 2216/595/2
f 2034/598/2 2035/594/2 2042/596/2
f 2208/597/2 2216/595/2 2217/599/2
f 2034/598/2 2042/596/2 2043/600/2
f 2207/601/2 2208/597/2 2217/599/2
f 2033/602/2 2034/598/2 2043/600/2
f 2207/601/2 2217/599/2 2218/603/2
f 2033/602/2 2043/600/2 2044/604/2
f 2206/605/2 2207/601/2 2218/603/2
f 2032/606/2 2033/602/2 2044/604/2
f 2206/605/2 2218/603/2 2219/607/2
f 2032/606/2 2044/604/2 2045/608/2
f 2205/609/2 2206/605/2 2219/607/2
f 2031/610/2 2032/606/2 2045/608/2
f 2205/609/2 2219/607/2 2220/611/2
f 2204/612/2 2205/609/2 2220/611/2
f 2031/610/2 2045/608/2 2046/613/2
f 2030/614/2 2031/610/2 2046/613/2
f 2204/612/2 2220/611/2 2221/615/2
f 2237/616/2 2238/618/2 2239/617/2
f 2203/619/2 2204/612/2 2221/615/2
f 2063/620/2 2064/622/2 2065/621/2
f 2236/623/2 2237/616/2 2239/617/2
f 2030/614/2 2046/613/2 2047/624/2
f 2062/625/2 2063/620/2 2065/621/2
f 2029/626/2 2030/614/2 2047/624/2
f 2235/627/2 2236/623/2 2239/617/2
f 2203/619/2 2221/615/2 2222/628/2
f 2061/629/2 2062/625/2 2065/621/2
f 2202/630/2 2203/619/2 2222/628/2
f 2234/631/2 2235/627/2 2239/617/2
f 2234/631/2 2239/617/2 2240/632/2
f 2060/633/2 2061/629/2 2065/621/2
f 2233/634/2 2234/631/2 2240/632/2
f 2060/633/2 2065/621/2 2066/635/2
f 2029/626/2 2047/624/2 2048/636/2
f 2028/637/2 2029/626/2 2048/636/2
f 2201/638/2 2202/630/2 2222/628/2
f 2232/639/2 2233/634/2 2240/632/2
f 2059/640/2 2060/633/2 2066/635/2
f 2201/638/2 2222/628/2 2223/641/2
f 2231/642/2 2232/639/2 2240/632/2
f 2058/643/2 2059/640/2 2066/635/2
f 2027/644/2 2028/637/2 2048/636/2
f 2200/645/2 2201/638/2 2223/641/2
f 2027/644/2 2048/636/2 2049/646/2
f 2230/647/2 2231/642/2 2240/632/2
f 2057/648/2 2058/643/2 2066/635/2
f 2199/649/2 2200/645/2 2223/641/2
f 2230/647/2 2240/632/2 2241/650/2
f 2026/651/2 2027/644/2 2049/646/2
f 2229/652/2 2230/647/2 2241/650/2
f 2199/649/2 2223/641/2 2224/653/2
f 2056/654/2 2057/648/2 2066/635/2
f 2056/654/2 2066/635/2 2067/655/2
f 2198/656/2 2199/649/2 2224/653/2
f 2228/657/2 2229/652/2 2241/650/2
f 2025/658/2 2026/651/2 2049/646/2
f 2055/659/2 2056/654/2 2067/655/2
f 2197/660/2 2198/656/2 2224/653/2
f 2025/658/2 2049/646/2 2050/661/2
f 2227/662/2 2228/657/2 2241/650/2
f 2024/663/2 2025/658/2 2050/661/2
f 2196/664/2 2197/660/2 2224/653/2
f 2054/665/2 2055/659/2 2067/655/2
f 2196/664/2 2224/653/2 2225/666/2
f 2023/667/2 2024/663/2 2050/661/2
f 2226/668/2 2227/662/2 2241/650/2
f 2195/669/2 2196/664/2 2225/666/2
f 2053/670/2 2054/665/2 2067/655/2
f 2194/671/2 2195/669/2 2225/666/2
f 2022/672/2 2023/667/2 2050/661/2
f 2225/666/2 2226/668/2 2241/650/2
f 2225/666/2 2241/650/2 2242/673/2
f 2193/674/2 2194/671/2 2225/666/2
f 2022/672/2 2050/661/2 2051/675/2
f 2021/676/2 2022/672/2 2051/675/2
f 2052/677/2 2053/670/2 2067/655/2
f 2052/677/2 2067/655/2 2068/678/2
f 2192/679/2 2193/674/2 2225/666/2
f 2192/679/2 2225/666/2 2242/673/2
f 2020/680/2 2021/676/2 2051/675/2
f 2191/681/2 2192/679/2 2242/673/2
f 2051/675/2 2052/677/2 2068/678/2
f 2190/682/2 2191/681/2 2242/673/2
f 2019/683/2 2020/680/2 2051/675/2
f 2189/684/2 2190/682/2 2242/673/2
f 2362/4/2 2189/684/2 2242/673/2
f 2361/685/2 2362/4/2 2242/673/2
f 2018/686/2 2019/683/2 2051/675/2
f 2018/686/2 2051/675/2 2068/678/2
f 2017/687/2 2018/686/2 2068/678/2
f 2360/688/2 2361/685/2 2242/673/2
f 2016/689/2 2017/687/2 2068/678/2
f 2015/690/2 2016/689/2 2068/678/2
f 2359/691/2 2360/688/2 2242/673/2
f 2188/692/2 2015/690/2 2068/678/2
f 2187/693/2 2188/692/2 2068/678/2
f 2359/691/2 2242/673/2 2243/694/2
f 2358/695/2 2359/691/2 2243/694/2
f 2186/696/2 2187/693/2 2068/678/2
f 2186/696/2 2068/678/2 2069/697/2
f 2357/698/2 2358/695/2 2338/699/2
f 2338/699/2 2358/695/2 2243/694/2
f 2185/700/2 2186/696/2 2069/697/2
f 2356/701/2 2357/698/2 2338/699/2
f 2184/702/2 2185/700/2 2069/697/2
f 2355/703/2 2356/701/2 2338/699/2
f 2183/704/2 2184/702/2 2069/697/2
f 2355/703/2 2338/699/2 2339/705/2
f 2337/706/2 2338/699/2 2243/694/2
f 2354/707/2 2355/703/2 2339/705/2
f 2182/708/2 2183/704/2 2069/697/2
f 2354/707/2 2339/705/2 2340/709/2
f 2337/706/2 2243/694/2 2244/710/2
f 2354/707/2 2340/709/2 2341/711/2
f 2353/712/2 2354/707/2 2341/711/2
f 2181/713/2 2182/708/2 2069/697/2
f 2353/712/2 2341/711/2 2342/714/2
f 2353/712/2 2342/714/2 2343/715/2
f 2181/713/2 2069/697/2 2164/716/2
f 2164/716/2 2069/697/2 2070/717/2
f 2352/718/2 2353/712/2 2343/715/2
f 2180/719/2 2181/713/2 2164/716/2
f 2352/718/2 2343/715/2 2344/720/2
f 2180/719/2 2164/716/2 2165/721/2
f 2163/722/2 2164/716/2 2070/717/2
f 2352/718/2 2344/720/2 2345/723/2
f 2180/719/2 2165/721/2 2166/724/2
f 2351/725/2 2352/718/2 2345/723/2
f 2351/725/2 2345/723/2 2346/726/2
f 2179/727/2 2180/719/2 2166/724/2
f 2351/725/2 2346/726/2 2347/728/2
f 2179/727/2 2166/724/2 2167/729/2
f 2351/725/2 2347/728/2 2348/730/2
f 2336/731/2 2337/706/2 2244/710/2
f 2179/727/2 2167/729/2 2168/732/2
f 2350/733/2 2351/725/2 2349/734/2
f 2349/734/2 2351/725/2 2348/730/2
f 2179/727/2 2168/732/2 2169/735/2
f 2178/736/2 2179/727/2 2169/735/2
f 2178/736/2 2169/735/2 2170/737/2
f 2178/736/2 2170/737/2 2171/738/2
f 2177/739/2 2178/736/2 2171/738/2
f 2177/739/2 2171/738/2 2172/740/2
f 2177/739/2 2172/740/2 2173/741/2
f 2177/739/2 2173/741/2 2174/742/2
f 2176/743/2 2177/739/2 2175/744/2
f 2175/744/2 2177/739/2 2174/742/2
f 2162/745/2 2163/722/2 2070/717/2
f 2336/731/2 2244/710/2 2245/746/2
f 2335/747/2 2336/731/2 2245/746/2
f 2162/745/2 2070/717/2 2071/748/2
f 2161/749/2 2162/745/2 2071/748/2
f 2334/750/2 2335/747/2 2245/746/2
f 2334/750/2 2245/746/2 2246/751/2
f 2264/752/2 2265/754/2 2266/753/2
f 2160/755/2 2161/749/2 2071/748/2
f 2160/755/2 2071/748/2 2072/756/2
f 2333/757/2 2334/750/2 2246/751/2
f 2090/758/2 2091/760/2 2092/759/2
f 2263/761/2 2264/752/2 2266/753/2
f 2263/761/2 2266/753/2 2267/762/2
f 2159/763/2 2160/755/2 2072/756/2
f 2332/764/2 2333/757/2 2246/751/2
f 2332/764/2 2246/751/2 2247/765/2
f 2262/766/2 2263/761/2 2267/762/2
f 2089/767/2 2090/758/2 2092/759/2
f 2089/767/2 2092/759/2 2093/768/2
f 2159/763/2 2072/756/2 2073/769/2
f 2261/770/2 2262/766/2 2267/762/2
f 2158/771/2 2159/763/2 2073/769/2
f 2261/770/2 2267/762/2 2268/772/2
f 2088/773/2 2089/767/2 2093/768/2
f 2331/774/2 2332/764/2 2247/765/2
f 2260/775/2 2261/770/2 2268/772/2
f 2087/776/2 2088/773/2 2093/768/2
f 2087/776/2 2093/768/2 2094/777/2
f 2157/778/2 2158/771/2 2073/769/2
f 2331/774/2 2247/765/2 2248/779/2
f 2259/780/2 2260/775/2 2268/772/2
f 2330/781/2 2331/774/2 2248/779/2
f 2086/782/2 2087/776/2 2094/777/2
f 2259/780/2 2268/772/2 2269/783/2
f 2157/778/2 2073/769/2 2074/784/2
f 2258/785/2 2259/780/2 2269/783/2
f 2156/786/2 2157/778/2 2074/784/2
f 2085/787/2 2086/782/2 2094/777/2
f 2329/788/2 2330/781/2 2248/779/2
f 2085/787/2 2094/777/2 2095/789/2
f 2257/790/2 2258/785/2 2269/783/2
f 2084/791/2 2085/787/2 2095/789/2
f 2257/790/2 2269/783/2 2270/792/2
f 2155/793/2 2156/786/2 2074/784/2
f 2328/794/2 2329/788/2 2248/779/2
f 2328/794/2 2248/779/2 2249/795/2
f 2256/796/2 2257/790/2 2270/792/2
f 2083/797/2 2084/791/2 2095/789/2
f 2155/793/2 2074/784/2 2075/798/2
f 2083/797/2 2095/789/2 2096/799/2
f 2327/800/2 2328/794/2 2249/795/2
f 2154/801/2 2155/793/2 2075/798/2
f 2255/802/2 2256/796/2 2270/792/2
f 2082/803/2 2083/797/2 2096/799/2
f 2326/804/2 2327/800/2 2249/795/2
f 2255/802/2 2270/792/2 2271/805/2
f 2153/806/2 2154/801/2 2075/798/2
f 2325/807/2 2326/804/2 2249/795/2
f 2254/808/2 2255/802/2 2271/805/2
f 2081/809/2 2082/803/2 2096/799/2
f 2325/807/2 2249/795/2 2250/810/2
f 2152/811/2 2153/806/2 2075/798/2
f 2081/809/2 2096/799/2 2097/812/2
f 2324/813/2 2325/807/2 2250/810/2
f 2152/811/2 2075/798/2 2076/814/2
f 2080/815/2 2081/809/2 2097/812/2
f 2253/816/2 2254/808/2 2271/805/2
f 2151/817/2 2152/811/2 2076/814/2
f 2253/816/2 2271/805/2 2272/818/2
f 2323/819/2 2324/813/2 2250/810/2
f 2079/820/2 2080/815/2 2097/812/2
f 2150/821/2 2151/817/2 2076/814/2
f 2252/822/2 2253/816/2 2272/818/2
f 2079/820/2 2097/812/2 2098/823/2
f 2322/824/2 2323/819/2 2250/810/2
f 2322/824/2 2250/810/2 2251/825/2
f 2149/826/2 2150/821/2 2076/814/2
f 2078/827/2 2079/820/2 2098/823/2
f 2251/825/2 2252/822/2 2272/818/2
f 2321/828/2 2322/824/2 2251/825/2
f 2251/825/2 2272/818/2 2273/829/2
f 2149/826/2 2076/814/2 2077/830/2
f 2148/831/2 2149/826/2 2077/830/2
f 2320/832/2 2321/828/2 2251/825/2
f 2077/830/2 2078/827/2 2098/823/2
f 2147/833/2 2148/831/2 2077/830/2
f 2077/830/2 2098/823/2 2099/834/2
f 2319/835/2 2320/832/2 2251/825/2
f 2146/836/2 2147/833/2 2077/830/2
f 2318/837/2 2319/835/2 2251/825/2
f 2318/837/2 2251/825/2 2273/829/2
f 2318/837/2 2273/829/2 2274/838/2
f 2317/839/2 2318/837/2 2274/838/2
f 2145/840/2 2146/836/2 2077/830/2
f 2316/841/2 2317/839/2 2274/838/2
f 2145/840/2 2077/830/2 2099/834/2
f 2144/842/2 2145/840/2 2099/834/2
f 2315/843/2 2316/841/2 2274/838/2
f 2144/842/2 2099/834/2 2100/844/2
f 2314/845/2 2315/843/2 2274/838/2
f 2313/846/2 2314/845/2 2274/838/2
f 2143/847/2 2144/842/2 2100/844/2
f 2312/848/2 2313/846/2 2274/838/2
f 2142/849/2 2143/847/2 2100/844/2
f 2141/850/2 2142/849/2 2100/844/2
f 2312/848/2 2274/838/2 2290/851/2
f 2290/851/2 2274/838/2 2275/852/2
f 2311/853/2 2312/848/2 2290/851/2
f 2140/854/2 2141/850/2 2100/844/2
f 2139/855/2 2140/854/2 2100/844/2
f 2311/853/2 2290/851/2 2291/856/2
f 2289/857/2 2290/851/2 2275/852/2
f 2310/858/2 2311/853/2 2291/856/2
f 2138/859/2 2139/855/2 2100/844/2
f 2138/859/2 2100/844/2 2116/860/2
f 2116/860/2 2100/844/2 2101/861/2
f 2288/862/2 2289/857/2 2275/852/2
f 2309/863/2 2310/858/2 2291/856/2
f 2309/863/2 2291/856/2 2292/864/2
f 2137/865/2 2138/859/2 2116/860/2
f 2137/865/2 2116/860/2 2117/866/2
f 2115/867/2 2116/860/2 2101/861/2
f 2287/868/2 2288/862/2 2275/852/2
f 2308/869/2 2309/863/2 2292/864/2
f 2136/870/2 2137/865/2 2117/866/2
f 2308/869/2 2292/864/2 2293/871/2
f 2287/868/2 2275/852/2 2276/872/2
f 2114/873/2 2115/867/2 2101/861/2
f 2136/870/2 2117/866/2 2118/874/2
f 2307/875/2 2308/869/2 2293/871/2
f 2286/876/2 2287/868/2 2276/872/2
f 2135/877/2 2136/870/2 2118/874/2
f 2307/875/2 2293/871/2 2294/878/2
f 2113/879/2 2114/873/2 2101/861/2
f 2113/879/2 2101/861/2 2102/880/2
f 2306/881/2 2307/875/2 2294/878/2
f 2135/877/2 2118/874/2 2119/882/2
f 2134/883/2 2135/877/2 2119/882/2
f 2306/881/2 2294/878/2 2295/884/2
f 2285/885/2 2286/876/2 2276/872/2
f 2112/886/2 2113/879/2 2102/880/2
f 2306/881/2 2295/884/2 2296/887/2
f 2305/888/2 2306/881/2 2296/887/2
f 2134/883/2 2119/882/2 2120/889/2
f 2133/890/2 2134/883/2 2120/889/2
f 2284/891/2 2285/885/2 2276/872/2
f 2305/888/2 2296/887/2 2297/892/2
f 2284/891/2 2276/872/2 2277/893/2
f 2111/894/2 2112/886/2 2102/880/2
f 2133/890/2 2120/889/2 2121/895/2
f 2304/896/2 2305/888/2 2297/892/2
f 2304/896/2 2297/892/2 2298/897/2
f 2132/898/2 2133/890/2 2121/895/2
f 2283/899/2 2284/891/2 2277/893/2
f 2304/896/2 2298/897/2 2299/900/2
f 2132/898/2 2121/895/2 2122/901/2
f 2110/902/2 2111/894/2 2102/880/2
f 2303/903/2 2304/896/2 2299/900/2
f 2110/902/2 2102/880/2 2103/904/2
f 2303/903/2 2299/900/2 2300/905/2
f 2131/906/2 2132/898/2 2122/901/2
f 2282/907/2 2283/899/2 2277/893/2
f 2131/906/2 2122/901/2 2123/908/2
f 2303/903/2 2300/905/2 2301/909/2
f 2302/910/2 2303/903/2 2301/909/2
f 2109/911/2 2110/902/2 2103/904/2
f 2131/906/2 2123/908/2 2124/912/2
f 2130/913/2 2131/906/2 2124/912/2
f 2281/914/2 2282/907/2 2277/893/2
f 2130/913/2 2124/912/2 2125/915/2
f 2281/914/2 2277/893/2 2280/916/2
f 2280/916/2 2277/893/2 2279/917/2
f 2279/917/2 2277/893/2 2278/918/2
f 2108/919/2 2109/911/2 2103/904/2
f 2129/920/2 2130/913/2 2125/915/2
f 2129/920/2 2125/915/2 2126/921/2
f 2129/920/2 2126/921/2 2127/922/2
f 2128/923/2 2129/920/2 2127/922/2
f 2107/924/2 2108/919/2 2103/904/2
f 2107/924/2 2103/904/2 2106/925/2
f 2106/925/2 2103/904/2 2105/926/2
f 2105/926/2 2103/904/2 2104/927/2
f 2012/580/2 2001/40/2 2002/570/2
f 2012/580/2 2002/570/2 2005/573/2
f 2012/580/2 2005/573/2 2006/583/2
f 2012/580/2 2006/583/2 2011/928/2
f 2011/928/2 2006/583/2 2009/586/2
f 2010/929/2 2011/928/2 2009/586/2
f 2496/930/2 2497/932/2 2498/931/2
f 2496/930/2 2498/931/2 2499/933/2
f 2495/934/2 2496/930/2 2499/933/2
f 2495/934/2 2499/933/2 2500/935/2
f 2494/936/2 2495/934/2 2500/935/2
f 2494/936/2 2500/935/2 2501/937/2
f 2493/938/2 2494/936/2 2501/937/2
f 2493/938/2 2501/937/2 2502/939/2
f 2385/940/2 2386/942/2 2387/941/2
f 2384/943/2 2385/940/2 2387/941/2
f 2492/944/2 2493/938/2 2502/939/2
f 2383/945/2 2384/943/2 2387/941/2
f 2382/946/2 2383/945/2 2387/941/2
f 2381/947/2 2382/946/2 2387/941/2
f 2380/948/2 2381/947/2 2387/941/2
f 2379/949/2 2380/948/2 2387/941/2
f 2492/944/2 2502/939/2 2503/950/2
f 2378/951/2 2379/949/2 2387/941/2
f 2377/952/2 2378/951/2 2387/941/2
f 2491/953/2 2492/944/2 2503/950/2
f 2376/954/2 2377/952/2 2387/941/2
f 2375/955/2 2376/954/2 2387/941/2
f 2374/956/2 2375/955/2 2387/941/2
f 2373/957/2 2374/956/2 2387/941/2
f 2491/953/2 2503/950/2 2504/958/2
f 2372/959/2 2373/957/2 2387/941/2
f 2490/960/2 2491/953/2 2504/958/2
f 2371/961/2 2372/959/2 2387/941/2
f 2371/961/2 2387/941/2 2388/962/2
f 2370/963/2 2371/961/2 2388/962/2
f 2370/963/2 2388/962/2 2389/964/2
f 2490/960/2 2504/958/2 2505/965/2
f 2370/963/2 2389/964/2 2390/966/2
f 2370/963/2 2390/966/2 2391/967/2
f 2369/968/2 2370/963/2 2391/967/2
f 2369/968/2 2391/967/2 2392/969/2
f 2489/970/2 2490/960/2 2505/965/2
f 2369/968/2 2392/969/2 2393/971/2
f 2369/968/2 2393/971/2 2394/972/2
f 2369/968/2 2394/972/2 2395/973/2
f 2368/974/2 2369/968/2 2395/973/2
f 2368/974/2 2395/973/2 2396/975/2
f 2489/970/2 2505/965/2 2506/976/2
f 2368/974/2 2396/975/2 2397/977/2
f 2368/974/2 2397/977/2 2398/978/2
f 2367/979/2 2368/974/2 2398/978/2
f 2367/979/2 2398/978/2 2399/980/2
f 2367/979/2 2399/980/2 2400/981/2
f 2488/982/2 2489/970/2 2506/976/2
f 2366/983/2 2367/979/2 2400/981/2
f 2366/983/2 2400/981/2 2401/984/2
f 2488/982/2 2506/976/2 2507/985/2
f 2365/986/2 2366/983/2 2401/984/2
f 2365/986/2 2401/984/2 2402/987/2
f 2487/988/2 2488/982/2 2507/985/2
f 2365/986/2 2402/987/2 2403/989/2
f 2487/988/2 2507/985/2 2508/990/2
f 2364/991/2 2365/986/2 2403/989/2
f 2364/991/2 2403/989/2 2404/992/2
f 2363/40/2 2364/991/2 2404/992/2
f 2486/993/2 2487/988/2 2508/990/2
f 2486/993/2 2508/990/2 2509/4/2
f 2363/40/2 2404/992/2 2405/994/2
f 2509/4/2 2363/40/2 2405/994/2
f 2509/4/2 2405/994/2 2406/995/2
f 2486/993/2 2509/4/2 2406/995/2
f 2485/996/2 2486/993/2 2406/995/2
f 2485/996/2 2406/995/2 2407/997/2
f 2484/998/2 2485/996/2 2407/997/2
f 2484/998/2 2407/997/2 2408/999/2
f 2484/998/2 2408/999/2 2409/1000/2
f 2483/1001/2 2484/998/2 2409/1000/2
f 2483/1001/2 2409/1000/2 2410/1002/2
f 2482/1003/2 2483/1001/2 2410/1002/2
f 2482/1003/2 2410/1002/2 2411/1004/2
f 2481/1005/2 2482/1003/2 2411/1004/2
f 2481/1005/2 2411/1004/2 2412/1006/2
f 2480/1007/2 2481/1005/2 2412/1006/2
f 2480/1007/2 2412/1006/2 2413/1008/2
f 2479/1009/2 2480/1007/2 2413/1008/2
f 2479/1009/2 2413/1008/2 2414/1010/2
f 2479/1009/2 2414/1010/2 2415/1011/2
f 2478/1012/2 2479/1009/2 2415/1011/2
f 2478/1012/2 2415/1011/2 2416/1013/2
f 2477/1014/2 2478/1012/2 2416/1013/2
f 2477/1014/2 2416/1013/2 2417/1015/2
f 2476/1016/2 2477/1014/2 2417/1015/2
f 2476/1016/2 2417/1015/2 2418/1017/2
f 2476/1016/2 2418/1017/2 2419/1018/2
f 2475/1019/2 2476/1016/2 2419/1018/2
f 2475/1019/2 2419/1018/2 2420/1020/2
f 2474/1021/2 2475/1019/2 2420/1020/2
f 2474/1021/2 2420/1020/2 2421/1022/2
f 2473/1023/2 2474/1021/2 2421/1022/2
f 2473/1023/2 2421/1022/2 2422/1024/2
f 2473/1023/2 2422/1024/2 2423/1025/2
f 2472/1026/2 2473/1023/2 2423/1025/2
f 2472/1026/2 2423/1025/2 2424/1027/2
f 2471/1028/2 2472/1026/2 2424/1027/2
f 2471/1028/2 2424/1027/2 2425/1029/2
f 2471/1028/2 2425/1029/2 2426/1030/2
f 2470/1031/2 2471/1028/2 2426/1030/2
f 2470/1031/2 2426/1030/2 2427/1032/2
f 2470/1031/2 2427/1032/2 2428/1033/2
f 2469/1034/2 2470/1031/2 2428/1033/2
f 2469/1034/2 2428/1033/2 2429/1035/2
f 2469/1034/2 2429/1035/2 2430/1036/2
f 2446/1037/2 2447/1039/2 2448/1038/2
f 2468/1040/2 2469/1034/2 2430/1036/2
f 2445/1041/2 2446/1037/2 2448/1038/2
f 2468/1040/2 2430/1036/2 2431/1042/2
f 2444/1043/2 2445/1041/2 2448/1038/2
f 2443/1044/2 2444/1043/2 2448/1038/2
f 2468/1040/2 2431/1042/2 2432/1045/2
f 2442/1046/2 2443/1044/2 2448/1038/2
f 2441/1047/2 2442/1046/2 2448/1038/2
f 2440/1048/2 2441/1047/2 2448/1038/2
f 2468/1040/2 2432/1045/2 2433/1049/2
f 2439/1050/2 2440/1048/2 2448/1038/2
f 2467/1051/2 2468/1040/2 2433/1049/2
f 2438/1052/2 2439/1050/2 2448/1038/2
f 2467/1051/2 2433/1049/2 2434/1053/2
f 2437/1054/2 2438/1052/2 2448/1038/2
f 2436/113/2 2437/1054/2 2448/1038/2
f 2467/1051/2 2434/1053/2 2435/1055/2
f 2435/1055/2 2436/113/2 2448/1038/2
f 2467/1051/2 2435/1055/2 2448/1038/2
f 2466/1056/2 2467/1051/2 2448/1038/2
f 2465/1057/2 2466/1056/2 2448/1038/2
f 2464/1058/2 2465/1057/2 2448/1038/2
f 2464/1058/2 2448/1038/2 2449/1059/2
f 2464/1058/2 2449/1059/2 2450/1060/2
f 2463/1061/2 2464/1058/2 2450/1060/2
f 2463/1061/2 2450/1060/2 2451/1062/2
f 2463/1061/2 2451/1062/2 2452/1063/2
f 2463/1061/2 2452/1063/2 2453/1064/2
f 2462/1065/2 2463/1061/2 2453/1064/2
f 2462/1065/2 2453/1064/2 2454/1066/2
f 2462/1065/2 2454/1066/2 2455/1067/2
f 2462/1065/2 2455/1067/2 2456/1068/2
f 2461/1069/2 2462/1065/2 2456/1068/2
f 2461/1069/2 2456/1068/2 2457/1070/2
f 2461/1069/2 2457/1070/2 2458/1071/2
f 2460/1072/2 2461/1069/2 2458/1071/2
f 2460/1072/2 2458/1071/2 2459/1073/2
f 2587/1074/2 2588/1076/2 2589/1075/2
f 2587/1074/2 2589/1075/2 2590/1077/2
f 2603/1078/2 2604/1080/2 2605/1079/2
f 2602/1081/2 2603/1078/2 2605/1079/2
f 2601/1082/2 2602/1081/2 2605/1079/2
f 2600/1083/2 2601/1082/2 2605/1079/2
f 2600/1083/2 2605/1079/2 2510/40/2
f 2599/1084/2 2600/1083/2 2510/40/2
f 2598/1085/2 2599/1084/2 2510/40/2
f 2598/1085/2 2510/40/2 2511/1086/2
f 2597/1087/2 2598/1085/2 2511/1086/2
f 2596/1088/2 2597/1087/2 2511/1086/2
f 2596/1088/2 2511/1086/2 2512/1089/2
f 2595/1090/2 2596/1088/2 2512/1089/2
f 2585/1091/2 2586/1092/2 2587/1074/2
f 2585/1091/2 2587/1074/2 2590/1077/2
f 2585/1091/2 2590/1077/2 2591/1093/2
f 2585/1091/2 2591/1093/2 2592/1094/2
f 2594/1095/2 2595/1090/2 2512/1089/2
f 2594/1095/2 2512/1089/2 2513/1096/2
f 2593/1097/2 2594/1095/2 2513/1096/2
f 2592/1094/2 2593/1097/2 2513/1096/2
f 2592/1094/2 2513/1096/2 2514/1098/2
f 2585/1091/2 2592/1094/2 2514/1098/2
f 2585/1091/2 2514/1098/2 2584/1099/2
f 2584/1099/2 2514/1098/2 2618/1100/2
f 2618/1100/2 2514/1098/2 2617/1101/2
f 2617/1101/2 2514/1098/2 2515/1102/2
f 2583/1103/2 2584/1099/2 2618/1100/2
f 2583/1103/2 2618/1100/2 2619/1104/2
f 2616/1105/2 2617/1101/2 2515/1102/2
f 2616/1105/2 2515/1102/2 2516/1106/2
f 2615/1107/2 2616/1105/2 2516/1106/2
f 2614/1108/2 2615/1107/2 2516/1106/2
f 2614/1108/2 2516/1106/2 2517/1109/2
f 2613/1110/2 2614/1108/2 2517/1109/2
f 2612/1111/2 2613/1110/2 2517/1109/2
f 2612/1111/2 2517/1109/2 2518/1112/2
f 2611/1113/2 2612/1111/2 2518/1112/2
f 2610/1114/2 2611/1113/2 2518/1112/2
f 2610/1114/2 2518/1112/2 2519/1115/2
f 2609/1116/2 2610/1114/2 2519/1115/2
f 2608/1117/2 2609/1116/2 2519/1115/2
f 2608/1117/2 2519/1115/2 2520/1118/2
f 2607/1119/2 2608/1117/2 2520/1118/2
f 2606/1120/2 2607/1119/2 2520/1118/2
f 2606/1120/2 2520/1118/2 2521/1121/2
f 2620/1122/2 2606/1120/2 2521/1121/2
f 2581/1123/2 2582/1124/2 2583/1103/2
f 2581/1123/2 2583/1103/2 2619/1104/2
f 2581/1123/2 2619/1104/2 2620/1122/2
f 2581/1123/2 2620/1122/2 2521/1121/2
f 2581/1123/2 2521/1121/2 2522/1125/2
f 2581/1123/2 2522/1125/2 2523/1126/2
f 2580/1127/1 2581/1123/1 2523/1126/1
f 2579/1128/2 2580/1127/2 2524/1129/2
f 2524/1129/1 2580/1127/1 2523/1126/1
f 2579/1128/2 2524/1129/2 2525/1130/2
f 2579/1128/2 2525/1130/2 2526/1131/2
f 2579/1128/2 2526/1131/2 2527/1132/2
f 2578/1133/2 2579/1128/2 2527/1132/2
f 2578/1133/2 2527/1132/2 2528/1134/2
f 2578/1133/2 2528/1134/2 2529/1135/2
f 2577/1136/2 2578/1133/2 2529/1135/2
f 2577/1136/2 2529/1135/2 2530/1137/2
f 2577/1136/2 2530/1137/2 2531/1138/2
f 2576/1139/2 2577/1136/2 2531/1138/2
f 2576/1139/2 2531/1138/2 2532/1140/2
f 2576/1139/2 2532/1140/2 2533/1141/2
f 2575/1142/2 2576/1139/2 2533/1141/2
f 2575/1142/2 2533/1141/2 2534/1143/2
f 2575/1142/2 2534/1143/2 2535/1144/2
f 2574/1145/2 2575/1142/2 2535/1144/2
f 2574/1145/2 2535/1144/2 2536/1146/2
f 2574/1145/2 2536/1146/2 2537/1147/2
f 2574/1145/2 2537/1147/2 2625/1148/2
f 2625/1148/2 2537/1147/2 2538/1149/2
f 2573/1150/2 2574/1145/2 2625/1148/2
f 2572/1151/2 2573/1150/2 2625/1148/2
f 2571/1152/2 2572/1151/2 2625/1148/2
f 2570/1153/2 2571/1152/2 2626/1154/2
f 2626/1154/2 2571/1152/2 2625/1148/2
f 2570/1153/2 2626/1154/2 2544/1155/2
f 2544/1155/2 2626/1154/2 2627/1156/2
f 2628/4/2 2625/1148/2 2538/1149/2
f 2569/113/2 2570/1153/2 2544/1155/2
f 2569/113/2 2544/1155/2 2545/1157/2
f 2543/1158/2 2544/1155/2 2627/1156/2
f 2568/1159/2 2569/113/2 2545/1157/2
f 2568/1159/2 2545/1157/2 2546/1160/2
f 2568/1159/2 2546/1160/2 2547/1161/2
f 2567/1162/2 2568/1159/2 2547/1161/2
f 2566/1163/2 2567/1162/2 2547/1161/2
f 2566/1163/2 2547/1161/2 2548/1164/2
f 2565/1165/2 2566/1163/2 2548/1164/2
f 2565/1165/2 2548/1164/2 2549/1166/2
f 2564/1167/2 2565/1165/2 2549/1166/2
f 2564/1167/2 2549/1166/2 2550/1168/2
f 2563/1169/2 2564/1167/2 2550/1168/2
f 2563/1169/2 2550/1168/2 2551/1170/2
f 2562/1171/2 2563/1169/2 2551/1170/2
f 2561/1172/2 2562/1171/2 2551/1170/2
f 2561/1172/2 2551/1170/2 2552/1173/2
f 2560/1174/2 2561/1172/2 2552/1173/2
f 2560/1174/2 2552/1173/2 2553/1175/2
f 2559/1176/2 2560/1174/2 2553/1175/2
f 2559/1176/2 2553/1175/2 2554/1177/2
f 2558/1178/2 2559/1176/2 2554/1177/2
f 2558/1178/2 2554/1177/2 2555/1179/2
f 2557/1180/2 2558/1178/2 2555/1179/2
f 2557/1180/2 2555/1179/2 2556/1181/2
f 2543/1158/2 2627/1156/2 2623/1182/2
f 2623/1182/2 2627/1156/2 2628/4/2
f 2623/1182/2 2628/4/2 2622/1183/2
f 2622/1183/2 2628/4/2 2538/1149/2
f 2543/1158/2 2623/1182/2 2624/1184/2
f 2621/1185/2 2622/1183/2 2538/1149/2
f 2543/1158/2 2624/1184/2 2541/1186/2
f 2541/1186/2 2624/1184/2 2621/1185/2
f 2541/1186/2 2621/1185/2 2540/1187/2
f 2540/1187/2 2621/1185/2 2538/1149/2
f 2543/1158/2 2541/1186/2 2542/1188/2
f 2539/1189/2 2540/1187/2 2538/1149/2
f 2641/1190/2 2642/1192/2 2643/1191/2
f 2641/1190/2 2643/1191/2 2644/1193/2
f 2698/1194/2 2699/1195/2 2700/4/2
f 2698/1194/2 2700/4/2 2629/40/2
f 2698/1194/2 2629/40/2 2630/1196/2
f 2697/1197/2 2698/1194/2 2630/1196/2
f 2697/1197/2 2630/1196/2 2631/1198/2
f 2697/1197/2 2631/1198/2 2632/1199/2
f 2696/1200/2 2697/1197/2 2632/1199/2
f 2696/1200/2 2632/1199/2 2633/1201/2
f 2696/1200/2 2633/1201/2 2634/1202/2
f 2696/1200/2 2634/1202/2 2635/1203/2
f 2695/1204/2 2696/1200/2 2635/1203/2
f 2695/1204/2 2635/1203/2 2636/1205/2
f 2695/1204/2 2636/1205/2 2637/1206/2
f 2695/1204/2 2637/1206/2 2638/1207/2
f 2694/1208/2 2695/1204/2 2638/1207/2
f 2694/1208/2 2638/1207/2 2639/1209/2
f 2694/1208/2 2639/1209/2 2640/1210/2
f 2693/1211/2 2694/1208/2 2640/1210/2
f 2693/1211/2 2640/1210/2 2641/1190/2
f 2693/1211/2 2641/1190/2 2644/1193/2
f 2693/1211/2 2644/1193/2 2645/1212/2
f 2693/1211/2 2645/1212/2 2646/1213/2
f 2692/1214/2 2693/1211/2 2646/1213/2
f 2691/1215/2 2692/1214/2 2663/1216/2
f 2663/1216/2 2692/1214/2 2646/1213/2
f 2691/1215/2 2663/1216/2 2664/1217/2
f 2662/1218/1 2663/1216/1 2646/1213/1
f 2661/1219/2 2662/1218/2 2647/1220/2
f 2647/1220/1 2662/1218/1 2646/1213/1
f 2661/1219/2 2647/1220/2 2648/1221/2
f 2691/1215/2 2664/1217/2 2665/1222/2
f 2690/1223/2 2691/1215/2 2665/1222/2
f 2690/1223/2 2665/1222/2 2666/1224/2
f 2689/1225/2 2690/1223/2 2666/1224/2
f 2689/1225/2 2666/1224/2 2667/1226/2
f 2689/1225/2 2667/1226/2 2668/1227/2
f 2688/1228/2 2689/1225/2 2668/1227/2
f 2688/1228/2 2668/1227/2 2669/1229/2
f 2688/1228/2 2669/1229/2 2670/1230/2
f 2687/1231/2 2688/1228/2 2670/1230/2
f 2687/1231/2 2670/1230/2 2671/1232/2
f 2687/1231/2 2671/1232/2 2672/1233/2
f 2686/1234/2 2687/1231/2 2672/1233/2
f 2685/1235/2 2686/1234/2 2672/1233/2
f 2684/1236/2 2685/1235/2 2672/1233/2
f 2684/1236/2 2672/1233/2 2673/1237/2
f 2683/1238/2 2684/1236/2 2673/1237/2
f 2682/1239/2 2683/1238/2 2673/1237/2
f 2681/1240/2 2682/1239/2 2673/1237/2
f 2680/1241/2 2681/1240/2 2673/1237/2
f 2680/1241/2 2673/1237/2 2674/1242/2
f 2679/1243/2 2680/1241/2 2674/1242/2
f 2678/1244/2 2679/1243/2 2674/1242/2
f 2678/1244/2 2674/1242/2 2677/1245/2
f 2677/1245/2 2674/1242/2 2676/1246/2
f 2676/1246/2 2674/1242/2 2675/1247/2
f 2659/1248/2 2660/1249/2 2661/1219/2
f 2659/1248/2 2661/1219/2 2648/1221/2
f 2659/1248/2 2648/1221/2 2649/1250/2
f 2659/1248/2 2649/1250/2 2650/1251/2
f 2658/1252/1 2659/1248/1 2650/1251/1
f 2657/1253/2 2658/1252/2 2651/1254/2
f 2651/1254/1 2658/1252/1 2650/1251/1
f 2657/1253/2 2651/1254/2 2652/1255/2
f 2655/1256/2 2656/1257/2 2657/1253/2
f 2655/1256/2 2657/1253/2 2652/1255/2
f 2655/1256/2 2652/1255/2 2653/1258/2
f 2655/1256/2 2653/1258/2 2654/1259/2
s 1
f 2702/1260/3 2704/1261/4 2703/1262/4 2701/40/3
f 2704/1261/4 2706/1263/5 2705/1264/5 2703/1262/4
f 2706/1263/5 2708/1265/6 2707/1266/6 2705/1264/5
f 2708/1265/6 2710/1267/7 2709/1268/7 2707/1266/6
f 2710/1267/7 2712/1269/8 2711/1270/8 2709/1268/7
f 2712/1269/8 2714/1271/9 2713/217/9 2711/1270/8
f 2714/1271/9 2716/1272/10 2715/1273/10 2713/217/9
f 2716/1272/10 2718/1274/11 2717/1275/11 2715/1273/10
f 2718/1274/11 2720/1276/12 2719/1277/12 2717/1275/11
f 2720/1276/12 2722/1278/13 2721/1279/13 2719/1277/12
f 2722/1278/13 2724/1280/14 2723/1281/14 2721/1279/13
f 2724/1280/14 2726/1282/15 2725/160/15 2723/1281/14
f 2726/1282/15 2728/1283/15 2727/1284/15 2725/160/15
f 2728/1283/15 2730/1285/16 2729/1286/16 2727/1284/15
f 2730/1285/16 2732/1287/16 2731/1288/16 2729/1286/16
f 2732/1287/16 2734/1289/16 2733/1290/16 2731/1288/16
f 2734/1289/16 2736/1291/17 2735/1292/17 2733/1290/16
f 2736/1291/17 2738/1293/17 2737/130/17 2735/1292/17
f 2738/1293/17 2740/1294/16 2739/1295/16 2737/130/17
f 2740/1294/16 2742/1296/16 2741/1297/16 2739/1295/16
f 2742/1296/16 2744/1298/17 2743/1299/17 2741/1297/16
f 2744/1298/17 2746/1300/17 2745/1301/17 2743/1299/17
f 2746/1300/17 2748/1302/16 2747/1303/16 2745/1301/17
f 2748/1302/16 2750/1304/16 2749/206/16 2747/1303/16
f 2750/1304/16 2752/1305/17 2751/1306/17 2749/206/16
f 2752/1305/17 2754/1307/18 2753/1308/18 2751/1306/17
f 2754/1307/18 2756/1309/15 2755/1310/15 2753/1308/18
f 2756/1309/15 2758/1311/15 2757/1312/15 2755/1310/15
f 2758/1311/15 2760/1313/18 2759/1314/18 2757/1312/15
f 2760/1313/18 2762/1315/18 2761/221/18 2759/1314/18
f 2762/1315/18 2764/1316/15 2763/1317/15 2761/221/18
f 2764/1316/15 2766/1318/15 2765/1319/15 2763/1317/15
f 2766/1318/15 2768/1320/18 2767/1321/18 2765/1319/15
f 2768/1320/18 2770/1322/19 2769/1323/19 2767/1321/18
f 2770/1322/19 2772/1324/20 2771/1325/20 2769/1323/19
f 2772/1324/20 2774/1326/21 2773/113/21 2771/1325/20
f 2774/1326/21 2776/1327/22 2775/1328/22 2773/113/21
f 2776/1327/22 2778/1329/23 2777/1330/23 2775/1328/22
f 2778/1329/23 2780/1331/24 2779/1332/24 2777/1330/23
f 2780/1331/24 2782/1333/25 2781/1334/25 2779/1332/24
f 2782/1333/25 2784/1335/26 2783/1336/26 2781/1334/25
f 2784/1335/26 2786/1337/27 2785/136/27 2783/1336/26
f 2786/1337/27 2788/1338/28 2787/1339/28 2785/136/27
f 2788/1338/28 2790/1340/29 2789/1341/29 2787/1339/28
f 2790/1340/29 2792/1342/30 2791/1343/30 2789/1341/29
f 2792/1342/30 2794/1344/31 2793/1345/31 2791/1343/30
f 2794/1344/31 2796/1346/32 2795/1347/32 2793/1345/31
f 2796/1346/32 2798/1348/33 2797/255/33 2795/1347/32
f 2798/1348/33 2800/1349/34 2799/1350/34 2797/255/33
f 2800/1349/34 2802/1351/35 2801/1352/35 2799/1350/34
f 2802/1351/35 2804/1353/36 2803/1354/36 2801/1352/35
f 2804/1353/36 2806/1355/37 2805/1356/37 2803/1354/36
f 2806/1355/37 2808/1357/38 2807/1358/38 2805/1356/37
f 2808/1357/38 2810/1359/39 2809/241/39 2807/1358/38
f 2810/1359/39 2812/1360/40 2811/1361/40 2809/241/39
f 2812/1360/40 2814/1362/41 2813/1363/41 2811/1361/40
f 2814/1362/41 2816/1364/42 2815/1365/42 2813/1363/41
f 2816/1364/42 2818/1366/43 2817/1367/43 2815/1365/42
f 2818/1366/43 2820/1368/44 2819/1369/44 2817/1367/43
f 2820/1368/44 2822/1370/45 2821/182/45 2819/1369/44
f 2822/1370/45 2824/1371/46 2823/1372/46 2821/182/45
f 2824/1371/46 2826/1373/47 2825/1374/47 2823/1372/46
f 2826/1373/47 2828/1375/48 2827/1376/48 2825/1374/47
f 2828/1375/48 2830/1377/49 2829/1378/49 2827/1376/48
f 2830/1377/49 2832/1379/50 2831/1380/50 2829/1378/49
f 2832/1379/50 2834/1381/51 2833/117/51 2831/1380/50
f 2834/1381/51 2836/1382/52 2835/1383/52 2833/117/51
f 2836/1382/52 2838/1384/53 2837/1385/53 2835/1383/52
f 2838/1384/53 2840/1386/54 2839/1387/54 2837/1385/53
f 2840/1386/54 2842/1388/55 2841/1389/55 2839/1387/54
f 2842/1388/55 2844/1390/56 2843/1391/56 2841/1389/55
f 2844/1390/56 2702/1392/3 2701/4/3 2843/1391/56
f 2846/1260/57 2848/1393/58 2847/1394/58 2845/40/57
f 2848/1393/58 2850/1395/59 2849/1396/59 2847/1394/58
f 2850/1395/59 2852/1397/60 2851/1398/60 2849/1396/59
f 2852/1397/60 2854/1265/61 2853/1266/61 2851/1398/60
f 2854/1265/61 2856/1399/62 2855/1400/62 2853/1266/61
f 2856/1399/62 2858/1401/63 2857/1402/63 2855/1400/62
f 2858/1401/63 2860/1403/64 2859/1404/64 2857/1402/63
f 2860/1403/64 2862/1271/65 2861/217/65 2859/1404/64
f 2862/1271/65 2864/1405/66 2863/1406/66 2861/217/65
f 2864/1405/66 2866/1407/67 2865/1408/67 2863/1406/66
f 2866/1407/67 2868/1409/68 2867/1410/68 2865/1408/67
f 2868/1409/68 2870/1276/16 2869/1277/16 2867/1410/68
f 2870/1276/16 2872/1411/17 2871/1412/17 2869/1277/16
f 2872/1411/17 2874/1413/69 2873/1414/69 2871/1412/17
f 2874/1413/69 2876/1415/70 2875/1416/70 2873/1414/69
f 2876/1415/70 2878/1282/71 2877/160/71 2875/1416/70
f 2878/1282/71 2880/1417/72 2879/1418/72 2877/160/71
f 2880/1417/72 2882/1419/73 2881/1420/73 2879/1418/72
f 2882/1419/73 2884/1421/74 2883/1422/74 2881/1420/73
f 2884/1421/74 2886/1287/75 2885/1288/75 2883/1422/74
f 2886/1287/75 2888/1423/76 2887/1424/76 2885/1288/75
f 2888/1423/76 2890/1425/77 2889/1426/77 2887/1424/76
f 2890/1425/77 2892/1427/78 2891/1428/78 2889/1426/77
f 2892/1427/78 2894/1293/79 2893/130/79 2891/1428/78
f 2894/1293/79 2896/1429/80 2895/1430/80 2893/130/79
f 2896/1429/80 2898/1431/81 2897/1432/81 2895/1430/80
f 2898/1431/81 2900/1433/16 2899/1434/16 2897/1432/81
f 2900/1433/16 2902/1298/17 2901/1299/17 2899/1434/16
f 2902/1298/17 2904/1435/18 2903/1436/18 2901/1299/17
f 2904/1435/18 2906/1437/18 2905/1438/18 2903/1436/18
f 2906/1437/18 2908/1439/17 2907/1440/17 2905/1438/18
f 2908/1439/17 2910/1304/17 2909/206/17 2907/1440/17
f 2910/1304/17 2912/1441/18 2911/1442/18 2909/206/17
f 2912/1441/18 2914/1443/82 2913/1444/82 2911/1442/18
f 2914/1443/82 2916/1445/83 2915/1446/83 2913/1444/82
f 2916/1445/83 2918/1309/84 2917/1310/84 2915/1446/83
f 2918/1309/84 2920/1447/85 2919/1448/85 2917/1310/84
f 2920/1447/85 2922/1449/86 2921/1450/86 2919/1448/85
f 2922/1449/86 2924/1451/87 2923/1452/87 2921/1450/86
f 2924/1451/87 2926/1315/88 2925/221/88 2923/1452/87
f 2926/1315/88 2928/1453/89 2927/1454/89 2925/221/88
f 2928/1453/89 2930/1455/90 2929/1456/90 2927/1454/89
f 2930/1455/90 2932/1457/91 2931/1458/91 2929/1456/90
f 2932/1457/91 2934/1320/92 2933/1321/92 2931/1458/91
f 2934/1320/92 2936/1459/93 2935/1460/93 2933/1321/92
f 2936/1459/93 2938/1461/94 2937/1462/94 2935/1460/93
f 2938/1461/94 2940/1463/95 2939/1464/95 2937/1462/94
f 2940/1463/95 2942/1326/96 2941/113/96 2939/1464/95
f 2942/1326/96 2944/1465/97 2943/1466/97 2941/113/96
f 2944/1465/97 2946/1467/98 2945/1468/98 2943/1466/97
f 2946/1467/98 2948/1469/99 2947/1470/99 2945/1468/98
f 2948/1469/99 2950/1331/100 2949/1332/100 2947/1470/99
f 2950/1331/100 2952/1471/101 2951/1472/101 2949/1332/100
f 2952/1471/101 2954/1473/102 2953/1474/102 2951/1472/101
f 2954/1473/102 2956/1475/103 2955/1476/103 2953/1474/102
f 2956/1475/103 2958/1337/104 2957/136/104 2955/1476/103
f 2958/1337/104 2960/1477/105 2959/1478/105 2957/136/104
f 2960/1477/105 2962/1479/106 2961/1480/106 2959/1478/105
f 2962/1479/106 2964/1481/107 2963/1482/107 2961/1480/106
f 2964/1481/107 2966/1342/108 2965/1343/108 2963/1482/107
f 2966/1342/108 2968/1483/109 2967/1484/109 2965/1343/108
f 2968/1483/109 2970/1485/110 2969/1486/110 2967/1484/109
f 2970/1485/110 2972/1487/111 2971/1488/111 2969/1486/110
f 2972/1487/111 2974/1348/112 2973/255/112 2971/1488/111
f 2974/1348/112 2976/1489/113 2975/1490/113 2973/255/112
f 2976/1489/113 2978/1491/114 2977/1492/114 2975/1490/113
f 2978/1491/114 2980/1493/115 2979/1494/115 2977/1492/114
f 2980/1493/115 2982/1353/116 2981/1354/116 2979/1494/115
f 2982/1353/116 2984/1495/117 2983/1496/117 2981/1354/116
f 2984/1495/117 2986/1497/118 2985/1498/118 2983/1496/117
f 2986/1497/118 2988/1499/18 2987/1500/18 2985/1498/118
f 2988/1499/18 2990/1359/15 2989/241/15 2987/1500/18
f 2990/1359/15 2992/1501/15 2991/1502/15 2989/241/15
f 2992/1501/15 2994/1503/18 2993/1504/18 2991/1502/15
f 2994/1503/18 2996/1505/18 2995/1506/18 2993/1504/18
f 2996/1505/18 2998/1364/15 2997/1365/15 2995/1506/18
f 2998/1364/15 3000/1507/15 2999/1508/15 2997/1365/15
f 3000/1507/15 3002/1509/15 3001/1510/15 2999/1508/15
f 3002/1509/15 3004/1511/16 3003/1512/16 3001/1510/15
f 3004/1511/16 3006/1370/16 3005/182/16 3003/1512/16
f 3006/1370/16 3008/1513/16 3007/1514/16 3005/182/16
f 3008/1513/16 3010/1515/119 3009/1516/119 3007/1514/16
f 3010/1515/119 3012/1517/120 3011/1518/120 3009/1516/119
f 3012/1517/120 3014/1375/121 3013/1376/121 3011/1518/120
f 3014/1375/121 3016/1519/122 3015/1520/122 3013/1376/121
f 3016/1519/122 3018/1521/123 3017/1522/123 3015/1520/122
f 3018/1521/123 3020/1523/124 3019/1524/124 3017/1522/123
f 3020/1523/124 3022/1381/125 3021/117/125 3019/1524/124
f 3022/1381/125 3024/1525/126 3023/1526/126 3021/117/125
f 3024/1525/126 3026/1527/127 3025/1528/127 3023/1526/126
f 3026/1527/127 3028/1529/128 3027/1530/128 3025/1528/127
f 3028/1529/128 3030/1386/129 3029/1387/129 3027/1530/128
f 3030/1386/129 3032/1531/130 3031/1532/130 3029/1387/129
f 3032/1531/130 3034/1533/131 3033/1534/131 3031/1532/130
f 3034/1533/131 3036/1535/132 3035/1536/132 3033/1534/131
f 3036/1535/132 2846/1392/57 2845/4/57 3035/1536/132
f 3038/1260/133 3040/1537/134 3039/309/134 3037/40/133
f 3040/1537/134 3042/1538/135 3041/343/135 3039/309/134
f 3042/1538/135 3044/1539/136 3043/434/136 3041/343/135
f 3044/1539/136 3046/1540/137 3045/421/137 3043/434/136
f 3046/1540/137 3048/1304/138 3047/206/138 3045/421/137
f 3048/1304/138 3050/1541/139 3049/374/139 3047/206/138
f 3050/1541/139 3052/1542/140 3051/497/140 3049/374/139
f 3052/1542/140 3054/1543/141 3053/556/141 3051/497/140
f 3054/1543/141 3056/1544/142 3055/567/142 3053/556/141
f 3056/1544/142 3058/1348/143 3057/255/143 3055/567/142
f 3058/1348/143 3060/1545/144 3059/287/144 3057/255/143
f 3060/1545/144 3062/1546/17 3061/531/17 3059/287/144
f 3062/1546/17 3064/1547/16 3063/484/16 3061/531/17
f 3064/1547/16 3066/1548/145 3065/297/145 3063/484/16
f 3066/1548/145 3038/1392/133 3037/4/133 3065/297/145
f 3068/1260/15 3070/1293/18 3069/130/18 3067/40/15
f 3070/1293/18 3072/1326/17 3071/113/17 3069/130/18
f 3072/1326/17 3074/1359/16 3073/241/16 3071/113/17
f 3074/1359/16 3068/1392/15 3067/4/15 3073/241/16
f 3076/1260/18 3078/1293/17 3077/130/17 3075/40/18
f 3078/1293/17 3080/1326/16 3079/113/16 3077/130/17
f 3080/1326/16 3082/1359/15 3081/241/15 3079/113/16
f 3082/1359/15 3076/1392/18 3075/4/18 3081/241/15
f 3084/1260/146 3086/1549/147 3085/1550/147 3083/40/146
f 3086/1549/147 3088/1551/148 3087/1552/148 3085/1550/147
f 3088/1551/148 3090/1553/149 3089/1554/149 3087/1552/148
f 3090/1553/149 3092/1555/150 3091/1556/150 3089/1554/149
f 3092/1555/150 3094/1557/151 3093/1558/151 3091/1556/150
f 3094/1557/151 3096/1559/152 3095/1560/152 3093/1558/151
f 3096/1559/152 3098/1561/153 3097/1562/153 3095/1560/152
f 3098/1561/153 3100/1563/154 3099/1564/154 3097/1562/153
f 3100/1563/154 3102/1565/155 3101/1566/155 3099/1564/154
f 3102/1565/155 3104/1567/156 3103/1568/156 3101/1566/155
f 3104/1567/156 3106/1569/157 3105/1570/157 3103/1568/156
f 3106/1569/157 3108/1571/158 3107/1572/158 3105/1570/157
f 3108/1571/158 3110/1573/159 3109/1574/159 3107/1572/158
f 3110/1573/159 3112/1575/160 3111/1576/160 3109/1574/159
f 3112/1575/160 3114/1577/161 3113/1578/161 3111/1576/160
f 3114/1577/161 3116/1579/162 3115/1580/162 3113/1578/161
f 3116/1579/162 3118/1581/163 3117/1582/163 3115/1580/162
f 3118/1581/163 3120/1583/164 3119/1584/164 3117/1582/163
f 3120/1583/164 3122/1585/165 3121/1586/165 3119/1584/164
f 3122/1585/165 3124/1587/166 3123/1588/166 3121/1586/165
f 3124/1587/166 3126/1589/167 3125/1590/167 3123/1588/166
f 3126/1589/167 3128/1591/168 3127/1592/168 3125/1590/167
f 3128/1591/168 3130/1593/169 3129/1594/169 3127/1592/168
f 3130/1593/169 3132/1595/170 3131/1596/170 3129/1594/169
f 3132/1595/170 3134/1597/171 3133/1598/171 3131/1596/170
f 3134/1597/171 3136/1599/172 3135/1600/172 3133/1598/171
f 3136/1599/172 3138/1601/173 3137/1602/173 3135/1600/172
f 3138/1601/173 3140/1603/174 3139/1604/174 3137/1602/173
f 3140/1603/174 3142/1605/175 3141/1606/175 3139/1604/174
f 3142/1605/175 3144/1607/176 3143/1608/176 3141/1606/175
f 3144/1607/176 3146/1609/177 3145/1610/177 3143/1608/176
f 3146/1609/177 3148/1611/178 3147/1612/178 3145/1610/177
f 3148/1611/178 3150/1613/179 3149/1614/179 3147/1612/178
f 3150/1613/179 3152/1615/180 3151/1616/180 3149/1614/179
f 3152/1615/180 3154/1617/181 3153/1618/181 3151/1616/180
f 3154/1617/181 3156/1619/182 3155/1620/182 3153/1618/181
f 3156/1619/182 3158/1621/183 3157/1622/183 3155/1620/182
f 3158/1621/183 3160/1623/184 3159/1624/184 3157/1622/183
f 3160/1623/184 3162/1625/185 3161/1626/185 3159/1624/184
f 3162/1625/185 3164/1627/186 3163/1628/186 3161/1626/185
f 3164/1627/186 3166/1629/187 3165/1630/187 3163/1628/186
f 3166/1629/187 3168/1631/188 3167/1632/188 3165/1630/187
f 3168/1631/188 3170/1633/189 3169/1634/189 3167/1632/188
f 3170/1633/189 3172/1635/190 3171/1636/190 3169/1634/189
f 3172/1635/190 3174/1637/191 3173/1638/191 3171/1636/190
f 3174/1637/191 3176/1639/192 3175/1640/192 3173/1638/191
f 3176/1639/192 3178/1641/193 3177/1642/193 3175/1640/192
f 3178/1641/193 3180/1643/194 3179/1644/194 3177/1642/193
f 3180/1643/194 3182/1304/195 3181/206/195 3179/1644/194
f 3182/1304/195 3184/1645/196 3183/1646/196 3181/206/195
f 3184/1645/196 3186/1647/197 3185/1648/197 3183/1646/196
f 3186/1647/197 3188/1649/198 3187/1650/198 3185/1648/197
f 3188/1649/198 3190/1651/199 3189/1652/199 3187/1650/198
f 3190/1651/199 3192/1653/200 3191/1654/200 3189/1652/199
f 3192/1653/200 3194/1655/201 3193/1656/201 3191/1654/200
f 3194/1655/201 3196/1657/202 3195/1658/202 3193/1656/201
f 3196/1657/202 3198/1659/203 3197/1660/203 3195/1658/202
f 3198/1659/203 3200/1661/204 3199/1662/204 3197/1660/203
f 3200/1661/204 3202/1663/205 3201/1664/205 3199/1662/204
f 3202/1663/205 3204/1665/206 3203/1666/206 3201/1664/205
f 3204/1665/206 3206/1667/207 3205/1668/207 3203/1666/206
f 3206/1667/207 3208/1669/208 3207/1670/208 3205/1668/207
f 3208/1669/208 3210/1671/209 3209/1672/209 3207/1670/208
f 3210/1671/209 3212/1673/210 3211/1674/210 3209/1672/209
f 3212/1673/210 3214/1675/211 3213/1676/211 3211/1674/210
f 3214/1675/211 3216/1677/212 3215/1678/212 3213/1676/211
f 3216/1677/212 3218/1679/213 3217/1680/213 3215/1678/212
f 3218/1679/213 3220/1681/214 3219/1682/214 3217/1680/213
f 3220/1681/214 3222/1683/215 3221/1684/215 3219/1682/214
f 3222/1683/215 3224/1685/216 3223/1686/216 3221/1684/215
f 3224/1685/216 3226/1687/217 3225/1688/217 3223/1686/216
f 3226/1687/217 3228/1689/218 3227/1690/218 3225/1688/217
f 3228/1689/218 3230/1691/219 3229/1692/219 3227/1690/218
f 3230/1691/219 3232/1693/220 3231/1694/220 3229/1692/219
f 3232/1693/220 3234/1695/221 3233/1696/221 3231/1694/220
f 3234/1695/221 3236/1697/222 3235/1698/222 3233/1696/221
f 3236/1697/222 3238/1699/223 3237/1700/223 3235/1698/222
f 3238/1699/223 3240/1701/224 3239/1702/224 3237/1700/223
f 3240/1701/224 3242/1703/225 3241/1704/225 3239/1702/224
f 3242/1703/225 3244/1705/226 3243/1706/226 3241/1704/225
f 3244/1705/226 3246/1707/227 3245/1708/227 3243/1706/226
f 3246/1707/227 3248/1709/228 3247/1710/228 3245/1708/227
f 3248/1709/228 3250/1711/229 3249/1712/229 3247/1710/228
f 3250/1711/229 3252/1713/230 3251/1714/230 3249/1712/229
f 3252/1713/230 3254/1715/231 3253/1716/231 3251/1714/230
f 3254/1715/231 3256/1717/232 3255/1718/232 3253/1716/231
f 3256/1717/232 3258/1719/233 3257/1720/233 3255/1718/232
f 3258/1719/233 3260/1721/234 3259/1722/234 3257/1720/233
f 3260/1721/234 3262/1723/235 3261/1724/235 3259/1722/234
f 3262/1723/235 3264/1725/236 3263/1726/236 3261/1724/235
f 3264/1725/236 3266/1727/237 3265/1728/237 3263/1726/236
f 3266/1727/237 3268/1729/238 3267/1730/238 3265/1728/237
f 3268/1729/238 3270/1731/239 3269/1732/239 3267/1730/238
f 3270/1731/239 3272/1733/240 3271/1734/240 3269/1732/239
f 3272/1733/240 3274/1735/241 3273/1736/241 3271/1734/240
f 3274/1735/241 3276/1737/242 3275/1738/242 3273/1736/241
f 3276/1737/242 3278/1739/243 3277/1740/243 3275/1738/242
f 3278/1739/243 3280/1348/244 3279/255/244 3277/1740/243
f 3280/1348/244 3282/1741/245 3281/1742/245 3279/255/244
f 3282/1741/245 3284/1743/246 3283/1744/246 3281/1742/245
f 3284/1743/246 3286/1745/247 3285/1746/247 3283/1744/246
f 3286/1745/247 3288/1747/248 3287/1748/248 3285/1746/247
f 3288/1747/248 3290/1749/249 3289/1750/249 3287/1748/248
f 3290/1749/249 3292/1751/250 3291/1752/250 3289/1750/249
f 3292/1751/250 3294/1753/251 3293/1754/251 3291/1752/250
f 3294/1753/251 3296/1755/252 3295/1756/252 3293/1754/251
f 3296/1755/252 3298/1757/253 3297/1758/253 3295/1756/252
f 3298/1757/253 3300/1759/254 3299/1760/254 3297/1758/253
f 3300/1759/254 3302/1761/255 3301/1762/255 3299/1760/254
f 3302/1761/255 3304/1763/256 3303/1764/256 3301/1762/255
f 3304/1763/256 3306/1765/257 3305/1766/257 3303/1764/256
f 3306/1765/257 3308/1767/258 3307/1768/258 3305/1766/257
f 3308/1767/258 3310/1769/259 3309/1770/259 3307/1768/258
f 3310/1769/259 3312/1771/260 3311/1772/260 3309/1770/259
f 3312/1771/260 3314/1773/261 3313/1774/261 3311/1772/260
f 3314/1773/261 3316/1775/262 3315/1776/262 3313/1774/261
f 3316/1775/262 3318/1777/263 3317/1778/263 3315/1776/262
f 3318/1777/263 3320/1779/264 3319/1780/264 3317/1778/263
f 3320/1779/264 3322/1781/265 3321/1782/265 3319/1780/264
f 3322/1781/265 3324/1783/266 3323/1784/266 3321/1782/265
f 3324/1783/266 3326/1785/267 3325/1786/267 3323/1784/266
f 3326/1785/267 3328/1787/268 3327/1788/268 3325/1786/267
f 3328/1787/268 3330/1789/269 3329/1790/269 3327/1788/268
f 3330/1789/269 3332/1791/270 3331/1792/270 3329/1790/269
f 3332/1791/270 3334/1793/271 3333/1794/271 3331/1792/270
f 3334/1793/271 3336/1795/272 3335/1796/272 3333/1794/271
f 3336/1795/272 3338/1797/273 3337/1798/273 3335/1796/272
f 3338/1797/273 3340/1799/274 3339/1800/274 3337/1798/273
f 3340/1799/274 3342/1801/275 3341/1802/275 3339/1800/274
f 3342/1801/275 3344/1803/276 3343/1804/276 3341/1802/275
f 3344/1803/276 3346/1805/277 3345/1806/277 3343/1804/276
f 3346/1805/277 3348/1807/278 3347/1808/278 3345/1806/277
f 3348/1807/278 3350/1809/279 3349/1810/279 3347/1808/278
f 3350/1809/279 3352/1811/280 3351/1812/280 3349/1810/279
f 3352/1811/280 3354/1813/281 3353/1814/281 3351/1812/280
f 3354/1813/281 3356/1815/282 3355/1816/282 3353/1814/281
f 3356/1815/282 3358/1817/283 3357/1818/283 3355/1816/282
f 3358/1817/283 3360/1819/284 3359/1820/284 3357/1818/283
f 3360/1819/284 3362/1821/285 3361/1822/285 3359/1820/284
f 3362/1821/285 3364/1823/286 3363/1824/286 3361/1822/285
f 3364/1823/286 3366/1825/287 3365/1826/287 3363/1824/286
f 3366/1825/287 3368/1827/288 3367/1828/288 3365/1826/287
f 3368/1827/288 3370/1829/289 3369/1830/289 3367/1828/288
f 3370/1829/289 3372/1831/290 3371/1832/290 3369/1830/289
f 3372/1831/290 3374/1833/291 3373/1834/291 3371/1832/290
f 3374/1833/291 3376/1835/292 3375/1836/292 3373/1834/291
f 3376/1835/292 3084/1392/146 3083/4/146 3375/1836/292
f 3378/1260/16 3380/1837/15 3379/1838/15 3377/40/16
f 3380/1837/15 3382/1589/15 3381/1590/15 3379/1838/15
f 3382/1589/15 3384/1839/16 3383/1840/16 3381/1590/15
f 3384/1839/16 3386/1631/16 3385/1632/16 3383/1840/16
f 3386/1631/16 3388/1841/15 3387/1842/15 3385/1632/16
f 3388/1841/15 3390/1671/15 3389/1672/15 3387/1842/15
f 3390/1671/15 3392/1326/16 3391/113/16 3389/1672/15
f 3392/1326/16 3394/1713/17 3393/1714/17 3391/113/16
f 3394/1713/17 3396/1843/18 3395/1844/18 3393/1714/17
f 3396/1843/18 3398/1753/18 3397/1754/18 3395/1844/18
f 3398/1753/18 3400/1845/18 3399/1846/18 3397/1754/18
f 3400/1845/18 3402/1795/15 3401/1796/15 3399/1846/18
f 3402/1795/15 3404/1847/16 3403/1848/16 3401/1796/15
f 3404/1847/16 3378/1392/16 3377/4/16 3403/1848/16
f 3406/1260/293 3408/1849/294 3407/1850/294 3405/40/293
f 3408/1849/294 3410/1851/295 3409/1852/295 3407/1850/294
f 3410/1851/295 3412/1853/296 3411/1854/296 3409/1852/295
f 3412/1853/296 3414/1855/297 3413/1856/297 3411/1854/296
f 3414/1855/297 3416/1857/298 3415/1858/298 3413/1856/297
f 3416/1857/298 3418/1859/299 3417/1860/299 3415/1858/298
f 3418/1859/299 3420/1861/300 3419/1862/300 3417/1860/299
f 3420/1861/300 3422/1863/301 3421/1864/301 3419/1862/300
f 3422/1863/301 3424/1865/302 3423/1866/302 3421/1864/301
f 3424/1865/302 3426/1867/303 3425/1868/303 3423/1866/302
f 3426/1867/303 3428/1869/304 3427/1870/304 3425/1868/303
f 3428/1869/304 3430/1871/305 3429/1872/305 3427/1870/304
f 3430/1871/305 3432/1873/306 3431/1874/306 3429/1872/305
f 3432/1873/306 3434/1875/307 3433/1876/307 3431/1874/306
f 3434/1875/307 3436/1877/308 3435/1878/308 3433/1876/307
f 3436/1877/308 3438/1879/309 3437/1880/309 3435/1878/308
f 3438/1879/309 3440/1881/310 3439/1882/310 3437/1880/309
f 3440/1881/310 3442/1883/311 3441/1884/311 3439/1882/310
f 3442/1883/311 3444/1885/312 3443/1886/312 3441/1884/311
f 3444/1885/312 3446/1887/313 3445/1888/313 3443/1886/312
f 3446/1887/313 3448/1889/314 3447/1890/314 3445/1888/313
f 3448/1889/314 3450/1891/315 3449/1892/315 3447/1890/314
f 3450/1891/315 3452/1893/316 3451/1894/316 3449/1892/315
f 3452/1893/316 3454/1895/317 3453/1896/317 3451/1894/316
f 3454/1895/317 3456/1897/318 3455/1898/318 3453/1896/317
f 3456/1897/318 3458/1899/319 3457/1900/319 3455/1898/318
f 3458/1899/319 3460/1901/320 3459/1902/320 3457/1900/319
f 3460/1901/320 3462/1903/321 3461/1904/321 3459/1902/320
f 3462/1903/321 3464/1282/322 3463/160/322 3461/1904/321
f 3464/1282/322 3466/1905/323 3465/1906/323 3463/160/322
f 3466/1905/323 3468/1907/324 3467/1908/324 3465/1906/323
f 3468/1907/324 3470/1909/325 3469/1910/325 3467/1908/324
f 3470/1909/325 3472/1911/326 3471/1912/326 3469/1910/325
f 3472/1911/326 3474/1913/327 3473/1914/327 3471/1912/326
f 3474/1913/327 3476/1915/328 3475/1916/328 3473/1914/327
f 3476/1915/328 3478/1917/329 3477/1918/329 3475/1916/328
f 3478/1917/329 3480/1919/330 3479/1920/330 3477/1918/329
f 3480/1919/330 3482/1921/331 3481/1922/331 3479/1920/330
f 3482/1921/331 3484/1923/332 3483/1924/332 3481/1922/331
f 3484/1923/332 3486/1925/333 3485/1926/333 3483/1924/332
f 3486/1925/333 3488/1927/334 3487/1928/334 3485/1926/333
f 3488/1927/334 3490/1929/335 3489/1930/335 3487/1928/334
f 3490/1929/335 3492/1931/336 3491/1932/336 3489/1930/335
f 3492/1931/336 3494/1933/337 3493/1934/337 3491/1932/336
f 3494/1933/337 3496/1935/338 3495/1936/338 3493/1934/337
f 3496/1935/338 3498/1937/339 3497/1938/339 3495/1936/338
f 3498/1937/339 3500/1939/340 3499/1940/340 3497/1938/339
f 3500/1939/340 3502/1941/341 3501/1942/341 3499/1940/340
f 3502/1941/341 3504/1943/342 3503/1944/342 3501/1942/341
f 3504/1943/342 3506/1945/343 3505/1946/343 3503/1944/342
f 3506/1945/343 3508/1947/344 3507/1948/344 3505/1946/343
f 3508/1947/344 3510/1949/345 3509/1950/345 3507/1948/344
f 3510/1949/345 3512/1951/346 3511/1952/346 3509/1950/345
f 3512/1951/346 3514/1953/347 3513/1954/347 3511/1952/346
f 3514/1953/347 3516/1955/348 3515/1956/348 3513/1954/347
f 3516/1955/348 3518/1957/349 3517/1958/349 3515/1956/348
f 3518/1957/349 3520/1959/350 3519/1960/350 3517/1958/349
f 3520/1959/350 3522/1304/351 3521/206/351 3519/1960/350
f 3522/1304/351 3524/1961/352 3523/1962/352 3521/206/351
f 3524/1961/352 3526/1963/25 3525/1964/25 3523/1962/352
f 3526/1963/25 3528/1965/353 3527/1966/353 3525/1964/25
f 3528/1965/353 3530/1967/354 3529/1968/354 3527/1966/353
f 3530/1967/354 3532/1969/355 3531/1970/355 3529/1968/354
f 3532/1969/355 3534/1971/356 3533/1972/356 3531/1970/355
f 3534/1971/356 3536/1973/357 3535/1974/357 3533/1972/356
f 3536/1973/357 3538/1975/358 3537/1976/358 3535/1974/357
f 3538/1975/358 3540/1977/359 3539/1978/359 3537/1976/358
f 3540/1977/359 3542/1979/360 3541/1980/360 3539/1978/359
f 3542/1979/360 3544/1981/361 3543/1982/361 3541/1980/360
f 3544/1981/361 3546/1983/362 3545/1984/362 3543/1982/361
f 3546/1983/362 3548/1985/363 3547/1986/363 3545/1984/362
f 3548/1985/363 3550/1987/364 3549/1988/364 3547/1986/363
f 3550/1987/364 3552/1989/365 3551/1990/365 3549/1988/364
f 3552/1989/365 3554/1991/366 3553/1992/366 3551/1990/365
f 3554/1991/366 3556/1993/367 3555/1994/367 3553/1992/366
f 3556/1993/367 3558/1995/368 3557/1996/368 3555/1994/367
f 3558/1995/368 3560/1997/369 3559/1998/369 3557/1996/368
f 3560/1997/369 3562/1999/370 3561/2000/370 3559/1998/369
f 3562/1999/370 3564/2001/371 3563/2002/371 3561/2000/370
f 3564/2001/371 3566/2003/372 3565/2004/372 3563/2002/371
f 3566/2003/372 3568/2005/373 3567/2006/373 3565/2004/372
f 3568/2005/373 3570/2007/374 3569/2008/374 3567/2006/373
f 3570/2007/374 3572/2009/375 3571/2010/375 3569/2008/374
f 3572/2009/375 3574/2011/376 3573/2012/376 3571/2010/375
f 3574/2011/376 3576/2013/377 3575/2014/377 3573/2012/376
f 3576/2013/377 3578/2015/378 3577/2016/378 3575/2014/377
f 3578/2015/378 3580/1326/379 3579/113/379 3577/2016/378
f 3580/1326/379 3582/2017/380 3581/2018/380 3579/113/379
f 3582/2017/380 3584/2019/381 3583/2020/381 3581/2018/380
f 3584/2019/381 3586/2021/382 3585/2022/382 3583/2020/381
f 3586/2021/382 3588/2023/383 3587/2024/383 3585/2022/382
f 3588/2023/383 3590/2025/384 3589/2026/384 3587/2024/383
f 3590/2025/384 3592/2027/385 3591/2028/385 3589/2026/384
f 3592/2027/385 3594/2029/386 3593/2030/386 3591/2028/385
f 3594/2029/386 3596/2031/387 3595/2032/387 3593/2030/386
f 3596/2031/387 3598/2033/388 3597/2034/388 3595/2032/387
f 3598/2033/388 3600/2035/389 3599/2036/389 3597/2034/388
f 3600/2035/389 3602/2037/390 3601/2038/390 3599/2036/389
f 3602/2037/390 3604/2039/391 3603/2040/391 3601/2038/390
f 3604/2039/391 3606/2041/392 3605/2042/392 3603/2040/391
f 3606/2041/392 3608/2043/393 3607/2044/393 3605/2042/392
f 3608/2043/393 3610/2045/394 3609/2046/394 3607/2044/393
f 3610/2045/394 3612/2047/395 3611/2048/395 3609/2046/394
f 3612/2047/395 3614/2049/396 3613/2050/396 3611/2048/395
f 3614/2049/396 3616/2051/397 3615/2052/397 3613/2050/396
f 3616/2051/397 3618/2053/398 3617/2054/398 3615/2052/397
f 3618/2053/398 3620/2055/399 3619/2056/399 3617/2054/398
f 3620/2055/399 3622/2057/400 3621/2058/400 3619/2056/399
f 3622/2057/400 3624/2059/401 3623/2060/401 3621/2058/400
f 3624/2059/401 3626/2061/402 3625/2062/402 3623/2060/401
f 3626/2061/402 3628/2063/403 3627/2064/403 3625/2062/402
f 3628/2063/403 3630/2065/404 3629/2066/404 3627/2064/403
f 3630/2065/404 3632/2067/405 3631/2068/405 3629/2066/404
f 3632/2067/405 3634/2069/406 3633/2070/406 3631/2068/405
f 3634/2069/406 3636/2071/407 3635/2072/407 3633/2070/406
f 3636/2071/407 3638/1348/408 3637/255/408 3635/2072/407
f 3638/1348/408 3640/2073/409 3639/2074/409 3637/255/408
f 3640/2073/409 3642/2075/410 3641/2076/410 3639/2074/409
f 3642/2075/410 3644/2077/411 3643/2078/411 3641/2076/410
f 3644/2077/411 3646/2079/412 3645/2080/412 3643/2078/411
f 3646/2079/412 3648/2081/413 3647/2082/413 3645/2080/412
f 3648/2081/413 3650/2083/414 3649/2084/414 3647/2082/413
f 3650/2083/414 3652/2085/362 3651/2086/362 3649/2084/414
f 3652/2085/362 3654/2087/415 3653/2088/415 3651/2086/362
f 3654/2087/415 3656/2089/416 3655/2090/416 3653/2088/415
f 3656/2089/416 3658/2091/417 3657/2092/417 3655/2090/416
f 3658/2091/417 3660/2093/418 3659/2094/418 3657/2092/417
f 3660/2093/418 3662/2095/419 3661/2096/419 3659/2094/418
f 3662/2095/419 3664/2097/420 3663/2098/420 3661/2096/419
f 3664/2097/420 3666/2099/421 3665/2100/421 3663/2098/420
f 3666/2099/421 3668/2101/422 3667/2102/422 3665/2100/421
f 3668/2101/422 3670/2103/423 3669/2104/423 3667/2102/422
f 3670/2103/423 3672/2105/424 3671/2106/424 3669/2104/423
f 3672/2105/424 3674/2107/425 3673/2108/425 3671/2106/424
f 3674/2107/425 3676/2109/426 3675/2110/426 3673/2108/425
f 3676/2109/426 3678/2111/427 3677/2112/427 3675/2110/426
f 3678/2111/427 3680/2113/428 3679/2114/428 3677/2112/427
f 3680/2113/428 3682/2115/429 3681/2116/429 3679/2114/428
f 3682/2115/429 3684/2117/430 3683/2118/430 3681/2116/429
f 3684/2117/430 3686/2119/431 3685/2120/431 3683/2118/430
f 3686/2119/431 3688/2121/432 3687/2122/432 3685/2120/431
f 3688/2121/432 3690/2123/433 3689/2124/433 3687/2122/432
f 3690/2123/433 3692/2125/434 3691/2126/434 3689/2124/433
f 3692/2125/434 3694/2127/435 3693/2128/435 3691/2126/434
f 3694/2127/435 3696/1370/436 3695/182/436 3693/2128/435
f 3696/1370/436 3698/2129/437 3697/2130/437 3695/182/436
f 3698/2129/437 3700/2131/438 3699/2132/438 3697/2130/437
f 3700/2131/438 3702/2133/439 3701/2134/439 3699/2132/438
f 3702/2133/439 3704/2135/440 3703/2136/440 3701/2134/439
f 3704/2135/440 3706/2137/441 3705/2138/441 3703/2136/440
f 3706/2137/441 3708/2139/442 3707/2140/442 3705/2138/441
f 3708/2139/442 3710/2141/443 3709/2142/443 3707/2140/442
f 3710/2141/443 3712/2143/444 3711/2144/444 3709/2142/443
f 3712/2143/444 3714/2145/445 3713/2146/445 3711/2144/444
f 3714/2145/445 3716/2147/446 3715/2148/446 3713/2146/445
f 3716/2147/446 3718/2149/447 3717/2150/447 3715/2148/446
f 3718/2149/447 3720/2151/448 3719/2152/448 3717/2150/447
f 3720/2151/448 3722/2153/449 3721/2154/449 3719/2152/448
f 3722/2153/449 3724/2155/450 3723/2156/450 3721/2154/449
f 3724/2155/450 3726/2157/451 3725/2158/451 3723/2156/450
f 3726/2157/451 3728/2159/452 3727/2160/452 3725/2158/451
f 3728/2159/452 3730/2161/453 3729/2162/453 3727/2160/452
f 3730/2161/453 3732/2163/454 3731/2164/454 3729/2162/453
f 3732/2163/454 3734/2165/455 3733/2166/455 3731/2164/454
f 3734/2165/455 3736/2167/456 3735/2168/456 3733/2166/455
f 3736/2167/456 3738/2169/457 3737/2170/457 3735/2168/456
f 3738/2169/457 3740/2171/458 3739/2172/458 3737/2170/457
f 3740/2171/458 3742/2173/412 3741/2174/412 3739/2172/458
f 3742/2173/412 3744/2175/459 3743/2176/459 3741/2174/412
f 3744/2175/459 3746/2177/460 3745/2178/460 3743/2176/459
f 3746/2177/460 3748/2179/461 3747/2180/461 3745/2178/460
f 3748/2179/461 3750/2181/462 3749/2182/462 3747/2180/461
f 3750/2181/462 3752/2183/463 3751/2184/463 3749/2182/462
f 3752/2183/463 3406/1392/293 3405/4/293 3751/2184/463
f 3754/1260/464 3756/1849/465 3755/1850/465 3753/40/464
f 3756/1849/465 3758/1851/466 3757/1852/466 3755/1850/465
f 3758/1851/466 3760/1853/467 3759/1854/467 3757/1852/466
f 3760/1853/467 3762/1855/468 3761/1856/468 3759/1854/467
f 3762/1855/468 3764/1857/469 3763/1858/469 3761/1856/468
f 3764/1857/469 3766/1859/470 3765/1860/470 3763/1858/469
f 3766/1859/470 3768/1861/471 3767/1862/471 3765/1860/470
f 3768/1861/471 3770/1863/472 3769/1864/472 3767/1862/471
f 3770/1863/472 3772/1865/473 3771/1866/473 3769/1864/472
f 3772/1865/473 3774/1867/474 3773/1868/474 3771/1866/473
f 3774/1867/474 3776/1869/475 3775/1870/475 3773/1868/474
f 3776/1869/475 3778/1871/476 3777/1872/476 3775/1870/475
f 3778/1871/476 3780/1873/477 3779/1874/477 3777/1872/476
f 3780/1873/477 3782/1875/478 3781/1876/478 3779/1874/477
f 3782/1875/478 3784/1877/479 3783/1878/479 3781/1876/478
f 3784/1877/479 3786/1879/480 3785/1880/480 3783/1878/479
f 3786/1879/480 3788/1881/481 3787/1882/481 3785/1880/480
f 3788/1881/481 3790/1883/482 3789/1884/482 3787/1882/481
f 3790/1883/482 3792/1885/483 3791/1886/483 3789/1884/482
f 3792/1885/483 3794/1887/484 3793/1888/484 3791/1886/483
f 3794/1887/484 3796/1889/485 3795/1890/485 3793/1888/484
f 3796/1889/485 3798/1891/486 3797/1892/486 3795/1890/485
f 3798/1891/486 3800/1893/487 3799/1894/487 3797/1892/486
f 3800/1893/487 3802/1895/488 3801/1896/488 3799/1894/487
f 3802/1895/488 3804/1897/489 3803/1898/489 3801/1896/488
f 3804/1897/489 3806/1899/490 3805/1900/490 3803/1898/489
f 3806/1899/490 3808/1901/491 3807/1902/491 3805/1900/490
f 3808/1901/491 3810/1903/492 3809/1904/492 3807/1902/491
f 3810/1903/492 3812/1282/493 3811/160/493 3809/1904/492
f 3812/1282/493 3814/1905/494 3813/1906/494 3811/160/493
f 3814/1905/494 3816/1907/495 3815/1908/495 3813/1906/494
f 3816/1907/495 3818/1909/496 3817/1910/496 3815/1908/495
f 3818/1909/496 3820/1911/497 3819/1912/497 3817/1910/496
f 3820/1911/497 3822/1913/498 3821/1914/498 3819/1912/497
f 3822/1913/498 3824/1915/499 3823/1916/499 3821/1914/498
f 3824/1915/499 3826/1917/500 3825/1918/500 3823/1916/499
f 3826/1917/500 3828/1919/501 3827/1920/501 3825/1918/500
f 3828/1919/501 3830/1921/502 3829/1922/502 3827/1920/501
f 3830/1921/502 3832/1923/503 3831/1924/503 3829/1922/502
f 3832/1923/503 3834/1925/504 3833/1926/504 3831/1924/503
f 3834/1925/504 3836/1927/505 3835/1928/505 3833/1926/504
f 3836/1927/505 3838/1929/481 3837/1930/481 3835/1928/505
f 3838/1929/481 3840/1931/506 3839/1932/506 3837/1930/481
f 3840/1931/506 3842/1933/507 3841/1934/507 3839/1932/506
f 3842/1933/507 3844/1935/508 3843/1936/508 3841/1934/507
f 3844/1935/508 3846/1937/509 3845/1938/509 3843/1936/508
f 3846/1937/509 3848/1939/510 3847/1940/510 3845/1938/509
f 3848/1939/510 3850/1941/312 3849/1942/312 3847/1940/510
f 3850/1941/312 3852/1943/511 3851/1944/511 3849/1942/312
f 3852/1943/511 3854/1945/512 3853/1946/512 3851/1944/511
f 3854/1945/512 3856/1947/513 3855/1948/513 3853/1946/512
f 3856/1947/513 3858/1949/514 3857/1950/514 3855/1948/513
f 3858/1949/514 3860/1951/515 3859/1952/515 3857/1950/514
f 3860/1951/515 3862/1953/516 3861/1954/516 3859/1952/515
f 3862/1953/516 3864/1955/517 3863/1956/517 3861/1954/516
f 3864/1955/517 3866/1957/518 3865/1958/518 3863/1956/517
f 3866/1957/518 3868/1959/519 3867/1960/519 3865/1958/518
f 3868/1959/519 3870/1304/520 3869/206/520 3867/1960/519
f 3870/1304/520 3872/1961/521 3871/1962/521 3869/206/520
f 3872/1961/521 3874/1963/522 3873/1964/522 3871/1962/521
f 3874/1963/522 3876/1965/523 3875/1966/523 3873/1964/522
f 3876/1965/523 3878/1967/524 3877/1968/524 3875/1966/523
f 3878/1967/524 3880/1969/525 3879/1970/525 3877/1968/524
f 3880/1969/525 3882/1971/526 3881/1972/526 3879/1970/525
f 3882/1971/526 3884/1973/527 3883/1974/527 3881/1972/526
f 3884/1973/527 3886/1975/528 3885/1976/528 3883/1974/527
f 3886/1975/528 3888/1977/529 3887/1978/529 3885/1976/528
f 3888/1977/529 3890/1979/530 3889/1980/530 3887/1978/529
f 3890/1979/530 3892/1981/531 3891/1982/531 3889/1980/530
f 3892/1981/531 3894/1983/532 3893/1984/532 3891/1982/531
f 3894/1983/532 3896/1985/533 3895/1986/533 3893/1984/532
f 3896/1985/533 3898/1987/534 3897/1988/534 3895/1986/533
f 3898/1987/534 3900/1989/535 3899/1990/535 3897/1988/534
f 3900/1989/535 3902/1991/536 3901/1992/536 3899/1990/535
f 3902/1991/536 3904/1993/537 3903/1994/537 3901/1992/536
f 3904/1993/537 3906/1995/538 3905/1996/538 3903/1994/537
f 3906/1995/538 3908/1997/539 3907/1998/539 3905/1996/538
f 3908/1997/539 3910/1999/540 3909/2000/540 3907/1998/539
f 3910/1999/540 3912/2001/541 3911/2002/541 3909/2000/540
f 3912/2001/541 3914/2003/542 3913/2004/542 3911/2002/541
f 3914/2003/542 3916/2005/543 3915/2006/543 3913/2004/542
f 3916/2005/543 3918/2007/544 3917/2008/544 3915/2006/543
f 3918/2007/544 3920/2009/545 3919/2010/545 3917/2008/544
f 3920/2009/545 3922/2011/546 3921/2012/546 3919/2010/545
f 3922/2011/546 3924/2013/547 3923/2014/547 3921/2012/546
f 3924/2013/547 3926/2015/548 3925/2016/548 3923/2014/547
f 3926/2015/548 3928/1326/549 3927/113/549 3925/2016/548
f 3928/1326/549 3930/2017/550 3929/2018/550 3927/113/549
f 3930/2017/550 3932/2019/551 3931/2020/551 3929/2018/550
f 3932/2019/551 3934/2021/552 3933/2022/552 3931/2020/551
f 3934/2021/552 3936/2023/553 3935/2024/553 3933/2022/552
f 3936/2023/553 3938/2025/554 3937/2026/554 3935/2024/553
f 3938/2025/554 3940/2027/555 3939/2028/555 3937/2026/554
f 3940/2027/555 3942/2029/556 3941/2030/556 3939/2028/555
f 3942/2029/556 3944/2031/557 3943/2032/557 3941/2030/556
f 3944/2031/557 3946/2033/558 3945/2034/558 3943/2032/557
f 3946/2033/558 3948/2035/559 3947/2036/559 3945/2034/558
f 3948/2035/559 3950/2037/560 3949/2038/560 3947/2036/559
f 3950/2037/560 3952/2039/561 3951/2040/561 3949/2038/560
f 3952/2039/561 3954/2041/562 3953/2042/562 3951/2040/561
f 3954/2041/562 3956/2043/563 3955/2044/563 3953/2042/562
f 3956/2043/563 3958/2045/564 3957/2046/564 3955/2044/563
f 3958/2045/564 3960/2047/565 3959/2048/565 3957/2046/564
f 3960/2047/565 3962/2049/566 3961/2050/566 3959/2048/565
f 3962/2049/566 3964/2051/567 3963/2052/567 3961/2050/566
f 3964/2051/567 3966/2053/568 3965/2054/568 3963/2052/567
f 3966/2053/568 3968/2055/569 3967/2056/569 3965/2054/568
f 3968/2055/569 3970/2057/570 3969/2058/570 3967/2056/569
f 3970/2057/570 3972/2059/571 3971/2060/571 3969/2058/570
f 3972/2059/571 3974/2061/572 3973/2062/572 3971/2060/571
f 3974/2061/572 3976/2063/573 3975/2064/573 3973/2062/572
f 3976/2063/573 3978/2065/574 3977/2066/574 3975/2064/573
f 3978/2065/574 3980/2067/575 3979/2068/575 3977/2066/574
f 3980/2067/575 3982/2069/576 3981/2070/576 3979/2068/575
f 3982/2069/576 3984/2071/577 3983/2072/577 3981/2070/576
f 3984/2071/577 3986/1348/578 3985/255/578 3983/2072/577
f 3986/1348/578 3988/2073/579 3987/2074/579 3985/255/578
f 3988/2073/579 3990/2075/580 3989/2076/580 3987/2074/579
f 3990/2075/580 3992/2077/581 3991/2078/581 3989/2076/580
f 3992/2077/581 3994/2079/582 3993/2080/582 3991/2078/581
f 3994/2079/582 3996/2081/360 3995/2082/360 3993/2080/582
f 3996/2081/360 3998/2083/583 3997/2084/583 3995/2082/360
f 3998/2083/583 4000/2085/584 3999/2086/584 3997/2084/583
f 4000/2085/584 4002/2087/585 4001/2088/585 3999/2086/584
f 4002/2087/585 4004/2089/586 4003/2090/586 4001/2088/585
f 4004/2089/586 4006/2091/587 4005/2092/587 4003/2090/586
f 4006/2091/587 4008/2093/588 4007/2094/588 4005/2092/587
f 4008/2093/588 4010/2095/589 4009/2096/589 4007/2094/588
f 4010/2095/589 4012/2097/590 4011/2098/590 4009/2096/589
f 4012/2097/590 4014/2099/591 4013/2100/591 4011/2098/590
f 4014/2099/591 4016/2101/592 4015/2102/592 4013/2100/591
f 4016/2101/592 4018/2103/593 4017/2104/593 4015/2102/592
f 4018/2103/593 4020/2105/594 4019/2106/594 4017/2104/593
f 4020/2105/594 4022/2107/261 4021/2108/261 4019/2106/594
f 4022/2107/261 4024/2109/595 4023/2110/595 4021/2108/261
f 4024/2109/595 4026/2111/596 4025/2112/596 4023/2110/595
f 4026/2111/596 4028/2113/597 4027/2114/597 4025/2112/596
f 4028/2113/597 4030/2115/598 4029/2116/598 4027/2114/597
f 4030/2115/598 4032/2117/599 4031/2118/599 4029/2116/598
f 4032/2117/599 4034/2119/600 4033/2120/600 4031/2118/599
f 4034/2119/600 4036/2121/601 4035/2122/601 4033/2120/600
f 4036/2121/601 4038/2123/602 4037/2124/602 4035/2122/601
f 4038/2123/602 4040/2125/603 4039/2126/603 4037/2124/602
f 4040/2125/603 4042/2127/604 4041/2128/604 4039/2126/603
f 4042/2127/604 4044/1370/605 4043/182/605 4041/2128/604
f 4044/1370/605 4046/2129/606 4045/2130/606 4043/182/605
f 4046/2129/606 4048/2131/607 4047/2132/607 4045/2130/606
f 4048/2131/607 4050/2133/608 4049/2134/608 4047/2132/607
f 4050/2133/608 4052/2135/609 4051/2136/609 4049/2134/608
f 4052/2135/609 4054/2137/610 4053/2138/610 4051/2136/609
f 4054/2137/610 4056/2139/611 4055/2140/611 4053/2138/610
f 4056/2139/611 4058/2141/612 4057/2142/612 4055/2140/611
f 4058/2141/612 4060/2143/613 4059/2144/613 4057/2142/612
f 4060/2143/613 4062/2145/614 4061/2146/614 4059/2144/613
f 4062/2145/614 4064/2147/615 4063/2148/615 4061/2146/614
f 4064/2147/615 4066/2149/616 4065/2150/616 4063/2148/615
f 4066/2149/616 4068/2151/617 4067/2152/617 4065/2150/616
f 4068/2151/617 4070/2153/618 4069/2154/618 4067/2152/617
f 4070/2153/618 4072/2155/619 4071/2156/619 4069/2154/618
f 4072/2155/619 4074/2157/620 4073/2158/620 4071/2156/619
f 4074/2157/620 4076/2159/621 4075/2160/621 4073/2158/620
f 4076/2159/621 4078/2161/622 4077/2162/622 4075/2160/621
f 4078/2161/622 4080/2163/623 4079/2164/623 4077/2162/622
f 4080/2163/623 4082/2165/624 4081/2166/624 4079/2164/623
f 4082/2165/624 4084/2167/625 4083/2168/625 4081/2166/624
f 4084/2167/625 4086/2169/626 4085/2170/626 4083/2168/625
f 4086/2169/626 4088/2171/627 4087/2172/627 4085/2170/626
f 4088/2171/627 4090/2173/628 4089/2174/628 4087/2172/627
f 4090/2173/628 4092/2175/629 4091/2176/629 4089/2174/628
f 4092/2175/629 4094/2177/630 4093/2178/630 4091/2176/629
f 4094/2177/630 4096/2179/631 4095/2180/631 4093/2178/630
f 4096/2179/631 4098/2181/632 4097/2182/632 4095/2180/631
f 4098/2181/632 4100/2183/633 4099/2184/633 4097/2182/632
f 4100/2183/633 3754/1392/464 3753/4/464 4099/2184/633
f 4102/1260/17 4104/1293/18 4103/130/18 4101/40/17
f 4104/1293/18 4106/1326/15 4105/113/15 4103/130/18
f 4106/1326/15 4108/1359/16 4107/241/16 4105/113/15
f 4108/1359/16 4102/1392/17 4101/4/17 4107/241/16
f 4110/1260/634 4112/2185/635 4111/2186/635 4109/40/634
f 4112/2185/635 4114/2187/636 4113/195/636 4111/2186/635
f 4114/2187/636 4116/2188/637 4115/2189/637 4113/195/636
f 4116/2188/637 4118/2190/638 4117/207/638 4115/2189/637
f 4118/2190/638 4120/2191/639 4119/2192/639 4117/207/638
f 4120/2191/639 4122/2193/640 4121/218/640 4119/2192/639
f 4122/2193/640 4124/2194/641 4123/2195/641 4121/218/640
f 4124/2194/641 4126/2196/642 4125/219/642 4123/2195/641
f 4126/2196/642 4128/2197/643 4127/2198/643 4125/219/642
f 4128/2197/643 4130/2199/644 4129/209/644 4127/2198/643
f 4130/2199/644 4132/2200/645 4131/2201/645 4129/209/644
f 4132/2200/645 4134/2202/646 4133/196/646 4131/2201/645
f 4134/2202/646 4136/1276/647 4135/1277/647 4133/196/646
f 4136/1276/647 4138/2203/648 4137/181/648 4135/1277/647
f 4138/2203/648 4140/2204/649 4139/2205/649 4137/181/648
f 4140/2204/649 4142/2206/650 4141/169/650 4139/2205/649
f 4142/2206/650 4144/2207/651 4143/2208/651 4141/169/650
f 4144/2207/651 4146/2209/652 4145/156/652 4143/2208/651
f 4146/2209/652 4148/2210/653 4147/2211/653 4145/156/652
f 4148/2210/653 4150/2212/654 4149/142/654 4147/2211/653
f 4150/2212/654 4152/2213/655 4151/2214/655 4149/142/654
f 4152/2213/655 4154/2215/656 4153/127/656 4151/2214/655
f 4154/2215/656 4156/2216/657 4155/2217/657 4153/127/656
f 4156/2216/657 4158/2218/18 4157/118/18 4155/2217/657
f 4158/2218/18 4160/2219/15 4159/2220/15 4157/118/18
f 4160/2219/15 4162/1293/16 4161/130/16 4159/2220/15
f 4162/1293/16 4164/2221/17 4163/2222/17 4161/130/16
f 4164/2221/17 4166/2223/658 4165/149/658 4163/2222/17
f 4166/2223/658 4168/2224/659 4167/2225/659 4165/149/658
f 4168/2224/659 4170/2226/660 4169/167/660 4167/2225/659
f 4170/2226/660 4172/2227/661 4171/2228/661 4169/167/660
f 4172/2227/661 4174/2229/662 4173/177/662 4171/2228/661
f 4174/2229/662 4176/2230/663 4175/2231/663 4173/177/662
f 4176/2230/663 4178/2232/664 4177/198/664 4175/2231/663
f 4178/2232/664 4180/2233/665 4179/2234/665 4177/198/664
f 4180/2233/665 4182/2235/666 4181/225/666 4179/2234/665
f 4182/2235/666 4184/2236/667 4183/2237/667 4181/225/666
f 4184/2236/667 4186/2238/668 4185/236/668 4183/2237/667
f 4186/2238/668 4188/1309/669 4187/1310/669 4185/236/668
f 4188/1309/669 4190/2239/670 4189/243/670 4187/1310/669
f 4190/2239/670 4192/2240/671 4191/2241/671 4189/243/670
f 4192/2240/671 4194/2242/672 4193/229/672 4191/2241/671
f 4194/2242/672 4196/2243/673 4195/2244/673 4193/229/672
f 4196/2243/673 4198/2245/674 4197/210/674 4195/2244/673
f 4198/2245/674 4200/2246/675 4199/2247/675 4197/210/674
f 4200/2246/675 4202/2248/676 4201/189/676 4199/2247/675
f 4202/2248/676 4204/2249/677 4203/2250/677 4201/189/676
f 4204/2249/677 4206/2251/678 4205/168/678 4203/2250/677
f 4206/2251/678 4208/2252/679 4207/2253/679 4205/168/678
f 4208/2252/679 4210/2254/680 4209/140/680 4207/2253/679
f 4210/2254/680 4212/2255/681 4211/2256/681 4209/140/680
f 4212/2255/681 4214/1326/682 4213/113/682 4211/2256/681
f 4214/1326/682 4216/2257/683 4215/2258/683 4213/113/682
f 4216/2257/683 4218/2259/684 4217/107/684 4215/2258/683
f 4218/2259/684 4220/2260/685 4219/2261/685 4217/107/684
f 4220/2260/685 4222/2262/686 4221/104/686 4219/2261/685
f 4222/2262/686 4224/2263/687 4223/2264/687 4221/104/686
f 4224/2263/687 4226/2265/688 4225/110/688 4223/2264/687
f 4226/2265/688 4228/2266/689 4227/2267/689 4225/110/688
f 4228/2266/689 4230/2268/690 4229/129/690 4227/2267/689
f 4230/2268/690 4232/2269/691 4231/2270/691 4229/129/690
f 4232/2269/691 4234/2271/692 4233/153/692 4231/2270/691
f 4234/2271/692 4236/2272/693 4235/2273/693 4233/153/692
f 4236/2272/693 4238/2274/694 4237/180/694 4235/2273/693
f 4238/2274/694 4240/1342/695 4239/1343/695 4237/180/694
f 4240/1342/695 4242/2275/696 4241/201/696 4239/1343/695
f 4242/2275/696 4244/2276/697 4243/2277/697 4241/201/696
f 4244/2276/697 4246/2278/698 4245/230/698 4243/2277/697
f 4246/2278/698 4248/2279/699 4247/2280/699 4245/230/698
f 4248/2279/699 4250/2281/700 4249/256/700 4247/2280/699
f 4250/2281/700 4252/2282/701 4251/2283/701 4249/256/700
f 4252/2282/701 4254/2284/702 4253/253/702 4251/2283/701
f 4254/2284/702 4256/2285/703 4255/2286/703 4253/253/702
f 4256/2285/703 4258/2287/704 4257/249/704 4255/2286/703
f 4258/2287/704 4260/2288/118 4259/2289/118 4257/249/704
f 4260/2288/118 4262/2290/705 4261/246/705 4259/2289/118
f 4262/2290/705 4264/2291/706 4263/2292/706 4261/246/705
f 4264/2291/706 4266/1359/707 4265/241/707 4263/2292/706
f 4266/1359/707 4268/2293/708 4267/2294/708 4265/241/707
f 4268/2293/708 4270/2295/709 4269/235/709 4267/2294/708
f 4270/2295/709 4272/2296/710 4271/2297/710 4269/235/709
f 4272/2296/710 4274/2298/711 4273/227/711 4271/2297/710
f 4274/2298/711 4276/2299/712 4275/2300/712 4273/227/711
f 4276/2299/712 4278/2301/713 4277/208/713 4275/2300/712
f 4278/2301/713 4280/2302/714 4279/2303/714 4277/208/713
f 4280/2302/714 4282/2304/715 4281/188/715 4279/2303/714
f 4282/2304/715 4284/2305/716 4283/2306/716 4281/188/715
f 4284/2305/716 4286/2307/717 4285/173/717 4283/2306/716
f 4286/2307/717 4288/2308/718 4287/2309/718 4285/173/717
f 4288/2308/718 4290/2310/719 4289/154/719 4287/2309/718
f 4290/2310/719 4292/1375/720 4291/1376/720 4289/154/719
f 4292/1375/720 4294/2311/721 4293/137/721 4291/1376/720
f 4294/2311/721 4296/2312/722 4295/2313/722 4293/137/721
f 4296/2312/722 4298/2314/723 4297/124/723 4295/2313/722
f 4298/2314/723 4300/2315/724 4299/2316/724 4297/124/723
f 4300/2315/724 4302/2317/725 4301/115/725 4299/2316/724
f 4302/2317/725 4304/2318/726 4303/2319/726 4301/115/725
f 4304/2318/726 4306/2320/727 4305/131/727 4303/2319/726
f 4306/2320/727 4308/2321/728 4307/2322/728 4305/131/727
f 4308/2321/728 4310/2323/729 4309/147/729 4307/2322/728
f 4310/2323/729 4312/2324/730 4311/2325/730 4309/147/729
f 4312/2324/730 4314/2326/731 4313/162/731 4311/2325/730
f 4314/2326/731 4316/2327/732 4315/2328/732 4313/162/731
f 4316/2327/732 4110/1392/634 4109/4/634 4315/2328/732
f 4318/1260/733 4320/2329/734 4319/2330/734 4317/40/733
f 4320/2329/734 4322/2331/735 4321/2332/735 4319/2330/734
f 4322/2331/735 4324/2333/736 4323/2334/736 4321/2332/735
f 4324/2333/736 4326/2335/737 4325/2336/737 4323/2334/736
f 4326/2335/737 4328/1553/738 4327/1554/738 4325/2336/737
f 4328/1553/738 4330/2337/739 4329/2338/739 4327/1554/738
f 4330/2337/739 4332/2339/740 4331/2340/740 4329/2338/739
f 4332/2339/740 4334/2341/741 4333/2342/741 4331/2340/740
f 4334/2341/741 4336/2343/742 4335/2344/742 4333/2342/741
f 4336/2343/742 4338/1559/743 4337/1560/743 4335/2344/742
f 4338/1559/743 4340/2345/744 4339/2346/744 4337/1560/743
f 4340/2345/744 4342/2347/745 4341/2348/745 4339/2346/744
f 4342/2347/745 4344/2349/746 4343/2350/746 4341/2348/745
f 4344/2349/746 4346/2351/747 4345/2352/747 4343/2350/746
f 4346/2351/747 4348/1565/748 4347/1566/748 4345/2352/747
f 4348/1565/748 4350/2353/749 4349/2354/749 4347/1566/748
f 4350/2353/749 4352/2355/750 4351/2356/750 4349/2354/749
f 4352/2355/750 4354/2357/751 4353/2358/751 4351/2356/750
f 4354/2357/751 4356/2359/752 4355/2360/752 4353/2358/751
f 4356/2359/752 4358/1571/753 4357/1572/753 4355/2360/752
f 4358/1571/753 4360/2361/754 4359/2362/754 4357/1572/753
f 4360/2361/754 4362/2363/755 4361/2364/755 4359/2362/754
f 4362/2363/755 4364/2365/756 4363/2366/756 4361/2364/755
f 4364/2365/756 4366/2367/757 4365/2368/757 4363/2366/756
f 4366/2367/757 4368/1577/758 4367/1578/758 4365/2368/757
f 4368/1577/758 4370/2369/759 4369/2370/759 4367/1578/758
f 4370/2369/759 4372/2371/760 4371/2372/760 4369/2370/759
f 4372/2371/760 4374/2373/761 4373/2374/761 4371/2372/760
f 4374/2373/761 4376/2375/762 4375/2376/762 4373/2374/761
f 4376/2375/762 4378/1583/763 4377/1584/763 4375/2376/762
f 4378/1583/763 4380/2377/764 4379/2378/764 4377/1584/763
f 4380/2377/764 4382/2379/765 4381/2380/765 4379/2378/764
f 4382/2379/765 4384/2381/766 4383/2382/766 4381/2380/765
f 4384/2381/766 4386/2383/767 4385/2384/767 4383/2382/766
f 4386/2383/767 4388/1589/768 4387/1590/768 4385/2384/767
f 4388/1589/768 4390/2385/769 4389/2386/769 4387/1590/768
f 4390/2385/769 4392/2387/770 4391/2388/770 4389/2386/769
f 4392/2387/770 4394/2389/771 4393/2390/771 4391/2388/770
f 4394/2389/771 4396/2391/772 4395/2392/772 4393/2390/771
f 4396/2391/772 4398/1595/773 4397/1596/773 4395/2392/772
f 4398/1595/773 4400/2393/774 4399/2394/774 4397/1596/773
f 4400/2393/774 4402/2395/775 4401/2396/775 4399/2394/774
f 4402/2395/775 4404/2397/776 4403/2398/776 4401/2396/775
f 4404/2397/776 4406/2399/777 4405/2400/777 4403/2398/776
f 4406/2399/777 4408/1601/778 4407/1602/778 4405/2400/777
f 4408/1601/778 4410/2401/779 4409/2402/779 4407/1602/778
f 4410/2401/779 4412/2403/780 4411/2404/780 4409/2402/779
f 4412/2403/780 4414/2405/781 4413/2406/781 4411/2404/780
f 4414/2405/781 4416/1539/782 4415/434/782 4413/2406/781
f 4416/1539/782 4418/1607/783 4417/1608/783 4415/434/782
f 4418/1607/783 4420/2407/784 4419/2408/784 4417/1608/783
f 4420/2407/784 4422/2409/785 4421/2410/785 4419/2408/784
f 4422/2409/785 4424/2411/786 4423/2412/786 4421/2410/785
f 4424/2411/786 4426/2413/787 4425/2414/787 4423/2412/786
f 4426/2413/787 4428/1613/788 4427/1614/788 4425/2414/787
f 4428/1613/788 4430/2415/789 4429/2416/789 4427/1614/788
f 4430/2415/789 4432/2417/790 4431/2418/790 4429/2416/789
f 4432/2417/790 4434/2419/791 4433/2420/791 4431/2418/790
f 4434/2419/791 4436/2421/792 4435/2422/792 4433/2420/791
f 4436/2421/792 4438/1619/793 4437/1620/793 4435/2422/792
f 4438/1619/793 4440/2423/794 4439/2424/794 4437/1620/793
f 4440/2423/794 4442/2425/795 4441/2426/795 4439/2424/794
f 4442/2425/795 4444/2427/796 4443/2428/796 4441/2426/795
f 4444/2427/796 4446/2429/797 4445/2430/797 4443/2428/796
f 4446/2429/797 4448/1625/798 4447/1626/798 4445/2430/797
f 4448/1625/798 4450/2431/799 4449/2432/799 4447/1626/798
f 4450/2431/799 4452/2433/800 4451/2434/800 4449/2432/799
f 4452/2433/800 4454/2435/801 4453/2436/801 4451/2434/800
f 4454/2435/801 4456/2437/802 4455/2438/802 4453/2436/801
f 4456/2437/802 4458/1631/803 4457/1632/803 4455/2438/802
f 4458/1631/803 4460/2439/804 4459/2440/804 4457/1632/803
f 4460/2439/804 4462/2441/805 4461/2442/805 4459/2440/804
f 4462/2441/805 4464/2443/806 4463/2444/806 4461/2442/805
f 4464/2443/806 4466/2445/807 4465/2446/807 4463/2444/806
f 4466/2445/807 4468/1637/808 4467/1638/808 4465/2446/807
f 4468/1637/808 4470/2447/809 4469/2448/809 4467/1638/808
f 4470/2447/809 4472/2449/810 4471/2450/810 4469/2448/809
f 4472/2449/810 4474/2451/811 4473/2452/811 4471/2450/810
f 4474/2451/811 4476/2453/812 4475/2454/812 4473/2452/811
f 4476/2453/812 4478/1643/813 4477/1644/813 4475/2454/812
f 4478/1643/813 4480/2455/814 4479/2456/814 4477/1644/813
f 4480/2455/814 4482/2457/815 4481/2458/815 4479/2456/814
f 4482/2457/815 4484/2459/190 4483/2460/190 4481/2458/815
f 4484/2459/190 4486/2461/816 4485/2462/816 4483/2460/190
f 4486/2461/816 4488/1647/817 4487/1648/817 4485/2462/816
f 4488/1647/817 4490/2463/818 4489/2464/818 4487/1648/817
f 4490/2463/818 4492/2465/819 4491/2466/819 4489/2464/818
f 4492/2465/819 4494/2467/820 4493/2468/820 4491/2466/819
f 4494/2467/820 4496/2469/820 4495/2470/820 4493/2468/820
f 4496/2469/820 4498/1653/820 4497/1654/820 4495/2470/820
f 4498/1653/820 4500/2471/820 4499/2472/820 4497/1654/820
f 4500/2471/820 4502/2473/820 4501/2474/820 4499/2472/820
f 4502/2473/820 4504/2475/820 4503/2476/820 4501/2474/820
f 4504/2475/820 4506/2477/820 4505/2478/820 4503/2476/820
f 4506/2477/820 4508/1659/820 4507/1660/820 4505/2478/820
f 4508/1659/820 4510/2479/820 4509/2480/820 4507/1660/820
f 4510/2479/820 4512/2481/820 4511/2482/820 4509/2480/820
f 4512/2481/820 4514/1541/820 4513/374/820 4511/2482/820
f 4514/1541/820 4516/2483/821 4515/2484/821 4513/374/820
f 4516/2483/821 4518/1665/822 4517/1666/822 4515/2484/821
f 4518/1665/822 4520/2485/823 4519/2486/823 4517/1666/822
f 4520/2485/823 4522/2487/824 4521/2488/824 4519/2486/823
f 4522/2487/824 4524/2489/825 4523/2490/825 4521/2488/824
f 4524/2489/825 4526/2491/826 4525/2492/826 4523/2490/825
f 4526/2491/826 4528/1671/827 4527/1672/827 4525/2492/826
f 4528/1671/827 4530/2493/828 4529/2494/828 4527/1672/827
f 4530/2493/828 4532/2495/829 4531/2496/829 4529/2494/828
f 4532/2495/829 4534/2497/830 4533/2498/830 4531/2496/829
f 4534/2497/830 4536/2499/831 4535/2500/831 4533/2498/830
f 4536/2499/831 4538/1677/832 4537/1678/832 4535/2500/831
f 4538/1677/832 4540/2501/833 4539/2502/833 4537/1678/832
f 4540/2501/833 4542/2503/834 4541/2504/834 4539/2502/833
f 4542/2503/834 4544/2505/835 4543/2506/835 4541/2504/834
f 4544/2505/835 4546/2507/836 4545/2508/836 4543/2506/835
f 4546/2507/836 4548/1683/837 4547/1684/837 4545/2508/836
f 4548/1683/837 4550/2509/838 4549/2510/838 4547/1684/837
f 4550/2509/838 4552/2511/839 4551/2512/839 4549/2510/838
f 4552/2511/839 4554/2513/840 4553/2514/840 4551/2512/839
f 4554/2513/840 4556/2515/841 4555/2516/841 4553/2514/840
f 4556/2515/841 4558/1689/842 4557/1690/842 4555/2516/841
f 4558/1689/842 4560/2517/843 4559/2518/843 4557/1690/842
f 4560/2517/843 4562/2519/844 4561/2520/844 4559/2518/843
f 4562/2519/844 4564/2521/845 4563/2522/845 4561/2520/844
f 4564/2521/845 4566/2523/846 4565/2524/846 4563/2522/845
f 4566/2523/846 4568/1695/847 4567/1696/847 4565/2524/846
f 4568/1695/847 4570/2525/848 4569/2526/848 4567/1696/847
f 4570/2525/848 4572/2527/849 4571/2528/849 4569/2526/848
f 4572/2527/849 4574/2529/850 4573/2530/850 4571/2528/849
f 4574/2529/850 4576/2531/851 4575/2532/851 4573/2530/850
f 4576/2531/851 4578/1701/852 4577/1702/852 4575/2532/851
f 4578/1701/852 4580/2533/853 4579/2534/853 4577/1702/852
f 4580/2533/853 4582/2535/854 4581/2536/854 4579/2534/853
f 4582/2535/854 4584/2537/855 4583/2538/855 4581/2536/854
f 4584/2537/855 4586/2539/856 4585/2540/856 4583/2538/855
f 4586/2539/856 4588/1707/857 4587/1708/857 4585/2540/856
f 4588/1707/857 4590/2541/858 4589/2542/858 4587/1708/857
f 4590/2541/858 4592/2543/859 4591/2544/859 4589/2542/858
f 4592/2543/859 4594/2545/860 4593/2546/860 4591/2544/859
f 4594/2545/860 4596/2547/861 4595/2548/861 4593/2546/860
f 4596/2547/861 4598/1713/862 4597/1714/862 4595/2548/861
f 4598/1713/862 4600/2549/863 4599/2550/863 4597/1714/862
f 4600/2549/863 4602/2551/864 4601/2552/864 4599/2550/863
f 4602/2551/864 4604/2553/303 4603/2554/303 4601/2552/864
f 4604/2553/303 4606/2555/865 4605/2556/865 4603/2554/303
f 4606/2555/865 4608/1719/866 4607/1720/866 4605/2556/865
f 4608/1719/866 4610/2557/867 4609/2558/867 4607/1720/866
f 4610/2557/867 4612/1544/868 4611/567/868 4609/2558/867
f 4612/1544/868 4614/2559/869 4613/2560/869 4611/567/868
f 4614/2559/869 4616/2561/18 4615/2562/18 4613/2560/869
f 4616/2561/18 4618/1725/15 4617/1726/15 4615/2562/18
f 4618/1725/15 4620/2563/870 4619/2564/870 4617/1726/15
f 4620/2563/870 4622/2565/871 4621/2566/871 4619/2564/870
f 4622/2565/871 4624/2567/872 4623/2568/872 4621/2566/871
f 4624/2567/872 4626/2569/873 4625/2570/873 4623/2568/872
f 4626/2569/873 4628/1731/874 4627/1732/874 4625/2570/873
f 4628/1731/874 4630/2571/875 4629/2572/875 4627/1732/874
f 4630/2571/875 4632/2573/876 4631/2574/876 4629/2572/875
f 4632/2573/876 4634/2575/877 4633/2576/877 4631/2574/876
f 4634/2575/877 4636/2577/878 4635/2578/878 4633/2576/877
f 4636/2577/878 4638/1737/879 4637/1738/879 4635/2578/878
f 4638/1737/879 4640/2579/880 4639/2580/880 4637/1738/879
f 4640/2579/880 4642/2581/881 4641/2582/881 4639/2580/880
f 4642/2581/881 4644/2583/882 4643/2584/882 4641/2582/881
f 4644/2583/882 4646/2585/883 4645/2586/883 4643/2584/882
f 4646/2585/883 4648/1741/884 4647/1742/884 4645/2586/883
f 4648/1741/884 4650/2587/885 4649/2588/885 4647/1742/884
f 4650/2587/885 4652/2589/886 4651/2590/886 4649/2588/885
f 4652/2589/886 4654/2591/887 4653/2592/887 4651/2590/886
f 4654/2591/887 4656/2593/888 4655/2594/888 4653/2592/887
f 4656/2593/888 4658/1747/889 4657/1748/889 4655/2594/888
f 4658/1747/889 4660/2595/890 4659/2596/890 4657/1748/889
f 4660/2595/890 4662/2597/891 4661/2598/891 4659/2596/890
f 4662/2597/891 4664/2599/892 4663/2600/892 4661/2598/891
f 4664/2599/892 4666/2601/893 4665/2602/893 4663/2600/892
f 4666/2601/893 4668/1753/894 4667/1754/894 4665/2602/893
f 4668/1753/894 4670/2603/895 4669/2604/895 4667/1754/894
f 4670/2603/895 4672/2605/16 4671/2606/16 4669/2604/895
f 4672/2605/16 4674/2607/17 4673/2608/17 4671/2606/16
f 4674/2607/17 4676/2609/896 4675/2610/896 4673/2608/17
f 4676/2609/896 4678/1759/897 4677/1760/897 4675/2610/896
f 4678/1759/897 4680/2611/16 4679/2612/16 4677/1760/897
f 4680/2611/16 4682/2613/206 4681/2614/206 4679/2612/16
f 4682/2613/206 4684/2615/898 4683/2616/898 4681/2614/206
f 4684/2615/898 4686/2617/899 4685/2618/899 4683/2616/898
f 4686/2617/899 4688/1765/900 4687/1766/900 4685/2618/899
f 4688/1765/900 4690/2619/901 4689/2620/901 4687/1766/900
f 4690/2619/901 4692/2621/902 4691/2622/902 4689/2620/901
f 4692/2621/902 4694/2623/903 4693/2624/903 4691/2622/902
f 4694/2623/903 4696/2625/904 4695/2626/904 4693/2624/903
f 4696/2625/904 4698/1771/905 4697/1772/905 4695/2626/904
f 4698/1771/905 4700/2627/906 4699/2628/906 4697/1772/905
f 4700/2627/906 4702/2629/907 4701/2630/907 4699/2628/906
f 4702/2629/907 4704/2631/908 4703/2632/908 4701/2630/907
f 4704/2631/908 4706/2633/909 4705/2634/909 4703/2632/908
f 4706/2633/909 4708/1777/910 4707/1778/910 4705/2634/909
f 4708/1777/910 4710/1546/910 4709/531/910 4707/1778/910
f 4710/1546/910 4712/2635/910 4711/2636/910 4709/531/910
f 4712/2635/910 4714/2637/910 4713/2638/910 4711/2636/910
f 4714/2637/910 4716/2639/910 4715/2640/910 4713/2638/910
f 4716/2639/910 4718/1783/910 4717/1784/910 4715/2640/910
f 4718/1783/910 4720/2641/910 4719/2642/910 4717/1784/910
f 4720/2641/910 4722/2643/910 4721/2644/910 4719/2642/910
f 4722/2643/910 4724/2645/910 4723/2646/910 4721/2644/910
f 4724/2645/910 4726/2647/910 4725/2648/910 4723/2646/910
f 4726/2647/910 4728/1789/910 4727/1790/910 4725/2648/910
f 4728/1789/910 4730/2649/911 4729/2650/911 4727/1790/910
f 4730/2649/911 4732/2651/912 4731/2652/912 4729/2650/911
f 4732/2651/912 4734/2653/913 4733/2654/913 4731/2652/912
f 4734/2653/913 4736/2655/914 4735/2656/914 4733/2654/913
f 4736/2655/914 4738/1795/915 4737/1796/915 4735/2656/914
f 4738/1795/915 4740/2657/916 4739/2658/916 4737/1796/915
f 4740/2657/916 4742/2659/917 4741/2660/917 4739/2658/916
f 4742/2659/917 4744/2661/918 4743/2662/918 4741/2660/917
f 4744/2661/918 4746/2663/919 4745/2664/919 4743/2662/918
f 4746/2663/919 4748/1801/920 4747/1802/920 4745/2664/919
f 4748/1801/920 4750/2665/921 4749/2666/921 4747/1802/920
f 4750/2665/921 4752/2667/922 4751/2668/922 4749/2666/921
f 4752/2667/922 4754/2669/923 4753/2670/923 4751/2668/922
f 4754/2669/923 4756/2671/924 4755/2672/924 4753/2670/923
f 4756/2671/924 4758/1807/925 4757/1808/925 4755/2672/924
f 4758/1807/925 4760/2673/926 4759/2674/926 4757/1808/925
f 4760/2673/926 4762/2675/927 4761/2676/927 4759/2674/926
f 4762/2675/927 4764/2677/928 4763/2678/928 4761/2676/927
f 4764/2677/928 4766/2679/929 4765/2680/929 4763/2678/928
f 4766/2679/929 4768/1813/930 4767/1814/930 4765/2680/929
f 4768/1813/930 4770/2681/931 4769/2682/931 4767/1814/930
f 4770/2681/931 4772/2683/932 4771/2684/932 4769/2682/931
f 4772/2683/932 4774/2685/933 4773/2686/933 4771/2684/932
f 4774/2685/933 4776/2687/934 4775/2688/934 4773/2686/933
f 4776/2687/934 4778/1819/935 4777/1820/935 4775/2688/934
f 4778/1819/935 4780/2689/936 4779/2690/936 4777/1820/935
f 4780/2689/936 4782/2691/937 4781/2692/937 4779/2690/936
f 4782/2691/937 4784/2693/938 4783/2694/938 4781/2692/937
f 4784/2693/938 4786/2695/939 4785/2696/939 4783/2694/938
f 4786/2695/939 4788/1825/940 4787/1826/940 4785/2696/939
f 4788/1825/940 4790/2697/941 4789/2698/941 4787/1826/940
f 4790/2697/941 4792/2699/942 4791/2700/942 4789/2698/941
f 4792/2699/942 4794/2701/943 4793/2702/943 4791/2700/942
f 4794/2701/943 4796/2703/944 4795/2704/944 4793/2702/943
f 4796/2703/944 4798/1831/945 4797/1832/945 4795/2704/944
f 4798/1831/945 4800/2705/946 4799/2706/946 4797/1832/945
f 4800/2705/946 4802/2707/947 4801/2708/947 4799/2706/946
f 4802/2707/947 4804/2709/948 4803/2710/948 4801/2708/947
f 4804/2709/948 4806/2711/949 4805/2712/949 4803/2710/948
f 4806/2711/949 4318/1392/733 4317/4/733 4805/2712/949
f 4808/1260/950 4810/1537/951 4809/309/951 4807/40/950
f 4810/1537/951 4812/1538/952 4811/343/952 4809/309/951
f 4812/1538/952 4814/1539/953 4813/434/953 4811/343/952
f 4814/1539/953 4816/1540/954 4815/421/954 4813/434/953
f 4816/1540/954 4818/1304/955 4817/206/955 4815/421/954
f 4818/1304/955 4820/1541/956 4819/374/956 4817/206/955
f 4820/1541/956 4822/1542/957 4821/497/957 4819/374/956
f 4822/1542/957 4824/1543/958 4823/556/958 4821/497/957
f 4824/1543/958 4826/1544/959 4825/567/959 4823/556/958
f 4826/1544/959 4828/1348/960 4827/255/960 4825/567/959
f 4828/1348/960 4830/1545/961 4829/287/961 4827/255/960
f 4830/1545/961 4832/1546/962 4831/531/962 4829/287/961
f 4832/1546/962 4834/1547/17 4833/484/17 4831/531/962
f 4834/1547/17 4836/1548/16 4835/297/16 4833/484/17
f 4836/1548/16 4808/1392/950 4807/4/950 4835/297/16
f 4838/1260/15 4840/1537/18 4839/309/18 4837/40/15
f 4840/1537/18 4842/1538/963 4841/343/963 4839/309/18
f 4842/1538/963 4844/1539/964 4843/434/964 4841/343/963
f 4844/1539/964 4846/1540/965 4845/421/965 4843/434/964
f 4846/1540/965 4848/1304/966 4847/206/966 4845/421/965
f 4848/1304/966 4850/1541/967 4849/374/967 4847/206/966
f 4850/1541/967 4852/1542/968 4851/497/968 4849/374/967
f 4852/1542/968 4854/1543/969 4853/556/969 4851/497/968
f 4854/1543/969 4856/1544/970 4855/567/970 4853/556/969
f 4856/1544/970 4858/1348/971 4857/255/971 4855/567/970
f 4858/1348/971 4860/1545/972 4859/287/972 4857/255/971
f 4860/1545/972 4862/1546/973 4861/531/973 4859/287/972
f 4862/1546/973 4864/1547/974 4863/484/974 4861/531/973
f 4864/1547/974 4866/1548/975 4865/297/975 4863/484/974
f 4866/1548/975 4838/1392/15 4837/4/15 4865/297/975
f 4868/1260/976 4870/1293/977 4869/130/977 4867/40/976
f 4870/1293/977 4872/1326/17 4871/113/17 4869/130/977
f 4872/1326/17 4874/1359/16 4873/241/16 4871/113/17
f 4874/1359/16 4868/1392/976 4867/4/976 4873/241/16
f 4876/1260/15 4878/1293/18 4877/130/18 4875/40/15
f 4878/1293/18 4880/1326/978 4879/113/978 4877/130/18
f 4880/1326/978 4882/1359/979 4881/241/979 4879/113/978
f 4882/1359/979 4876/1392/15 4875/4/15 4881/241/979
f 4884/1260/980 4886/1395/981 4885/1396/981 4883/40/980
f 4886/1395/981 4888/1265/982 4887/1266/982 4885/1396/981
f 4888/1265/982 4890/1401/983 4889/1402/983 4887/1266/982
f 4890/1401/983 4892/1271/984 4891/217/984 4889/1402/983
f 4892/1271/984 4894/1407/985 4893/1408/985 4891/217/984
f 4894/1407/985 4896/1276/986 4895/1277/986 4893/1408/985
f 4896/1276/986 4898/1413/987 4897/1414/987 4895/1277/986
f 4898/1413/987 4900/1282/988 4899/160/988 4897/1414/987
f 4900/1282/988 4902/1419/989 4901/1420/989 4899/160/988
f 4902/1419/989 4904/1287/990 4903/1288/990 4901/1420/989
f 4904/1287/990 4906/1425/991 4905/1426/991 4903/1288/990
f 4906/1425/991 4908/1293/992 4907/130/992 4905/1426/991
f 4908/1293/992 4910/1431/993 4909/1432/993 4907/130/992
f 4910/1431/993 4912/1298/994 4911/1299/994 4909/1432/993
f 4912/1298/994 4914/1437/995 4913/1438/995 4911/1299/994
f 4914/1437/995 4916/1304/996 4915/206/996 4913/1438/995
f 4916/1304/996 4918/1443/997 4917/1444/997 4915/206/996
f 4918/1443/997 4920/1309/998 4919/1310/998 4917/1444/997
f 4920/1309/998 4922/1449/999 4921/1450/999 4919/1310/998
f 4922/1449/999 4924/1315/1000 4923/221/1000 4921/1450/999
f 4924/1315/1000 4926/1455/1001 4925/1456/1001 4923/221/1000
f 4926/1455/1001 4928/1320/1002 4927/1321/1002 4925/1456/1001
f 4928/1320/1002 4930/1461/1003 4929/1462/1003 4927/1321/1002
f 4930/1461/1003 4932/1326/1004 4931/113/1004 4929/1462/1003
f 4932/1326/1004 4934/1467/1005 4933/1468/1005 4931/113/1004
f 4934/1467/1005 4936/1331/1006 4935/1332/1006 4933/1468/1005
f 4936/1331/1006 4938/1473/1007 4937/1474/1007 4935/1332/1006
f 4938/1473/1007 4940/1337/267 4939/136/267 4937/1474/1007
f 4940/1337/267 4942/1479/1008 4941/1480/1008 4939/136/267
f 4942/1479/1008 4944/1342/1009 4943/1343/1009 4941/1480/1008
f 4944/1342/1009 4946/1485/1010 4945/1486/1010 4943/1343/1009
f 4946/1485/1010 4948/1348/1011 4947/255/1011 4945/1486/1010
f 4948/1348/1011 4950/1491/1012 4949/1492/1012 4947/255/1011
f 4950/1491/1012 4952/1353/1013 4951/1354/1013 4949/1492/1012
f 4952/1353/1013 4954/1497/1014 4953/1498/1014 4951/1354/1013
f 4954/1497/1014 4956/1359/1015 4955/241/1015 4953/1498/1014
f 4956/1359/1015 4958/1503/1016 4957/1504/1016 4955/241/1015
f 4958/1503/1016 4960/1364/1017 4959/1365/1017 4957/1504/1016
f 4960/1364/1017 4962/1509/1018 4961/1510/1018 4959/1365/1017
f 4962/1509/1018 4964/1370/1019 4963/182/1019 4961/1510/1018
f 4964/1370/1019 4966/1515/1020 4965/1516/1020 4963/182/1019
f 4966/1515/1020 4968/1375/1021 4967/1376/1021 4965/1516/1020
f 4968/1375/1021 4970/1521/1022 4969/1522/1022 4967/1376/1021
f 4970/1521/1022 4972/1381/1023 4971/117/1023 4969/1522/1022
f 4972/1381/1023 4974/1527/1024 4973/1528/1024 4971/117/1023
f 4974/1527/1024 4976/1386/1025 4975/1387/1025 4973/1528/1024
f 4976/1386/1025 4978/1533/1026 4977/1534/1026 4975/1387/1025
f 4978/1533/1026 4884/1392/980 4883/4/980 4977/1534/1026
f 4980/1260/1027 4982/2713/1028 4981/2714/1028 4979/40/1027
f 4982/2713/1028 4984/2715/1029 4983/2716/1029 4981/2714/1028
f 4984/2715/1029 4986/2717/1030 4985/2718/1030 4983/2716/1029
f 4986/2717/1030 4988/2719/1031 4987/2720/1031 4985/2718/1030
f 4988/2719/1031 4990/2721/1032 4989/2722/1032 4987/2720/1031
f 4990/2721/1032 4992/2723/1033 4991/2724/1033 4989/2722/1032
f 4992/2723/1033 4994/2725/1034 4993/2726/1034 4991/2724/1033
f 4994/2725/1034 4996/2727/1035 4995/2728/1035 4993/2726/1034
f 4996/2727/1035 4998/2729/1036 4997/2730/1036 4995/2728/1035
f 4998/2729/1036 5000/2731/1037 4999/2732/1037 4997/2730/1036
f 5000/2731/1037 5002/2733/1038 5001/2734/1038 4999/2732/1037
f 5002/2733/1038 5004/2735/1039 5003/2736/1039 5001/2734/1038
f 5004/2735/1039 5006/2737/1040 5005/2738/1040 5003/2736/1039
f 5006/2737/1040 5008/2739/1041 5007/2740/1041 5005/2738/1040
f 5008/2739/1041 5010/2741/1042 5009/2742/1042 5007/2740/1041
f 5010/2741/1042 5012/2743/1043 5011/2744/1043 5009/2742/1042
f 5012/2743/1043 5014/2745/1044 5013/2746/1044 5011/2744/1043
f 5014/2745/1044 5016/2747/1045 5015/2748/1045 5013/2746/1044
f 5016/2747/1045 5018/2749/1046 5017/2750/1046 5015/2748/1045
f 5018/2749/1046 5020/2751/1047 5019/2752/1047 5017/2750/1046
f 5020/2751/1047 5022/2753/1048 5021/2754/1048 5019/2752/1047
f 5022/2753/1048 5024/2755/1049 5023/2756/1049 5021/2754/1048
f 5024/2755/1049 5026/2757/1050 5025/2758/1050 5023/2756/1049
f 5026/2757/1050 5028/2759/1051 5027/2760/1051 5025/2758/1050
f 5028/2759/1051 5030/2761/1052 5029/2762/1052 5027/2760/1051
f 5030/2761/1052 5032/2763/1053 5031/2764/1053 5029/2762/1052
f 5032/2763/1053 5034/2765/472 5033/2766/472 5031/2764/1053
f 5034/2765/472 5036/2767/1054 5035/2768/1054 5033/2766/472
f 5036/2767/1054 5038/2769/1055 5037/2770/1055 5035/2768/1054
f 5038/2769/1055 5040/2771/1056 5039/2772/1056 5037/2770/1055
f 5040/2771/1056 5042/2773/1057 5041/2774/1057 5039/2772/1056
f 5042/2773/1057 5044/2775/1058 5043/2776/1058 5041/2774/1057
f 5044/2775/1058 5046/2777/1059 5045/2778/1059 5043/2776/1058
f 5046/2777/1059 5048/2779/1060 5047/2780/1060 5045/2778/1059
f 5048/2779/1060 5050/2781/1061 5049/2782/1061 5047/2780/1060
f 5050/2781/1061 5052/2783/1062 5051/2784/1062 5049/2782/1061
f 5052/2783/1062 5054/2785/1063 5053/2786/1063 5051/2784/1062
f 5054/2785/1063 5056/2787/1064 5055/2788/1064 5053/2786/1063
f 5056/2787/1064 5058/2789/1065 5057/2790/1065 5055/2788/1064
f 5058/2789/1065 5060/2791/1066 5059/2792/1066 5057/2790/1065
f 5060/2791/1066 5062/2793/1067 5061/2794/1067 5059/2792/1066
f 5062/2793/1067 5064/2795/1068 5063/2796/1068 5061/2794/1067
f 5064/2795/1068 5066/2797/1069 5065/2798/1069 5063/2796/1068
f 5066/2797/1069 5068/2799/1070 5067/2800/1070 5065/2798/1069
f 5068/2799/1070 5070/2801/1071 5069/2802/1071 5067/2800/1070
f 5070/2801/1071 5072/2803/1072 5071/2804/1072 5069/2802/1071
f 5072/2803/1072 5074/2805/1073 5073/2806/1073 5071/2804/1072
f 5074/2805/1073 5076/2807/1074 5075/2808/1074 5073/2806/1073
f 5076/2807/1074 5078/2809/1075 5077/2810/1075 5075/2808/1074
f 5078/2809/1075 5080/2811/1076 5079/2812/1076 5077/2810/1075
f 5080/2811/1076 5082/2813/1077 5081/2814/1077 5079/2812/1076
f 5082/2813/1077 5084/2815/1078 5083/2816/1078 5081/2814/1077
f 5084/2815/1078 5086/2817/1079 5085/2818/1079 5083/2816/1078
f 5086/2817/1079 5088/2819/1080 5087/2820/1080 5085/2818/1079
f 5088/2819/1080 5090/2821/1081 5089/2822/1081 5087/2820/1080
f 5090/2821/1081 5092/2823/1082 5091/2824/1082 5089/2822/1081
f 5092/2823/1082 5094/2825/1083 5093/2826/1083 5091/2824/1082
f 5094/2825/1083 5096/2827/1084 5095/2828/1084 5093/2826/1083
f 5096/2827/1084 5098/2829/1085 5097/2830/1085 5095/2828/1084
f 5098/2829/1085 5100/2831/1086 5099/2832/1086 5097/2830/1085
f 5100/2831/1086 5102/2833/1087 5101/2834/1087 5099/2832/1086
f 5102/2833/1087 5104/2835/1088 5103/2836/1088 5101/2834/1087
f 5104/2835/1088 5106/2837/1089 5105/2838/1089 5103/2836/1088
f 5106/2837/1089 5108/2839/1090 5107/2840/1090 5105/2838/1089
f 5108/2839/1090 5110/2841/1091 5109/2842/1091 5107/2840/1090
f 5110/2841/1091 5112/2843/1092 5111/2844/1092 5109/2842/1091
f 5112/2843/1092 5114/2845/1093 5113/2846/1093 5111/2844/1092
f 5114/2845/1093 5116/2847/1094 5115/2848/1094 5113/2846/1093
f 5116/2847/1094 5118/2849/1095 5117/2850/1095 5115/2848/1094
f 5118/2849/1095 5120/2851/1096 5119/2852/1096 5117/2850/1095
f 5120/2851/1096 5122/2853/1097 5121/2854/1097 5119/2852/1096
f 5122/2853/1097 5124/2855/1098 5123/2856/1098 5121/2854/1097
f 5124/2855/1098 5126/2857/1099 5125/2858/1099 5123/2856/1098
f 5126/2857/1099 5128/2859/1100 5127/2860/1100 5125/2858/1099
f 5128/2859/1100 5130/2861/1101 5129/2862/1101 5127/2860/1100
f 5130/2861/1101 5132/2863/1102 5131/2864/1102 5129/2862/1101
f 5132/2863/1102 5134/2865/1103 5133/2866/1103 5131/2864/1102
f 5134/2865/1103 5136/2867/1104 5135/2868/1104 5133/2866/1103
f 5136/2867/1104 5138/2869/1105 5137/2870/1105 5135/2868/1104
f 5138/2869/1105 5140/2871/1106 5139/2872/1106 5137/2870/1105
f 5140/2871/1106 5142/2873/1107 5141/2874/1107 5139/2872/1106
f 5142/2873/1107 5144/2875/1108 5143/2876/1108 5141/2874/1107
f 5144/2875/1108 5146/2877/1109 5145/2878/1109 5143/2876/1108
f 5146/2877/1109 5148/2879/1110 5147/2880/1110 5145/2878/1109
f 5148/2879/1110 5150/2881/1111 5149/2882/1111 5147/2880/1110
f 5150/2881/1111 5152/2883/1112 5151/2884/1112 5149/2882/1111
f 5152/2883/1112 5154/2885/1113 5153/2886/1113 5151/2884/1112
f 5154/2885/1113 5156/2887/1114 5155/2888/1114 5153/2886/1113
f 5156/2887/1114 5158/2889/1115 5157/2890/1115 5155/2888/1114
f 5158/2889/1115 5160/2891/1116 5159/2892/1116 5157/2890/1115
f 5160/2891/1116 5162/2893/1117 5161/2894/1117 5159/2892/1116
f 5162/2893/1117 5164/2895/1118 5163/2896/1118 5161/2894/1117
f 5164/2895/1118 5166/2897/1119 5165/2898/1119 5163/2896/1118
f 5166/2897/1119 5168/2899/1120 5167/2900/1120 5165/2898/1119
f 5168/2899/1120 5170/2901/1121 5169/2902/1121 5167/2900/1120
f 5170/2901/1121 5172/2903/1122 5171/2904/1122 5169/2902/1121
f 5172/2903/1122 5174/2905/1123 5173/2906/1123 5171/2904/1122
f 5174/2905/1123 5176/2907/1124 5175/2908/1124 5173/2906/1123
f 5176/2907/1124 5178/2909/1125 5177/2910/1125 5175/2908/1124
f 5178/2909/1125 5180/2911/1126 5179/2912/1126 5177/2910/1125
f 5180/2911/1126 5182/2913/1127 5181/2914/1127 5179/2912/1126
f 5182/2913/1127 5184/2915/1128 5183/2916/1128 5181/2914/1127
f 5184/2915/1128 5186/2917/1129 5185/2918/1129 5183/2916/1128
f 5186/2917/1129 5188/2919/1130 5187/2920/1130 5185/2918/1129
f 5188/2919/1130 5190/2921/1131 5189/2922/1131 5187/2920/1130
f 5190/2921/1131 5192/2923/1132 5191/2924/1132 5189/2922/1131
f 5192/2923/1132 5194/2925/1133 5193/2926/1133 5191/2924/1132
f 5194/2925/1133 5196/2927/758 5195/2928/758 5193/2926/1133
f 5196/2927/758 4980/1392/1027 4979/4/1027 5195/2928/758
f 5198/1260/16 5200/1293/15 5199/130/15 5197/40/16
f 5200/1293/15 5202/1326/18 5201/113/18 5199/130/15
f 5202/1326/18 5204/1359/17 5203/241/17 5201/113/18
f 5204/1359/17 5198/1392/16 5197/4/16 5203/241/17
f 5206/1260/17 5208/1293/16 5207/130/16 5205/40/17
f 5208/1293/16 5210/1326/15 5209/113/15 5207/130/16
f 5210/1326/15 5212/1359/18 5211/241/18 5209/113/15
f 5212/1359/18 5206/1392/17 5205/4/17 5211/241/18
f 5214/1260/17 5216/1282/17 5215/160/17 5213/40/17
f 5216/1282/17 5218/1304/17 5217/206/17 5215/160/17
f 5218/1304/17 5220/1326/18 5219/113/18 5217/206/17
f 5220/1326/18 5222/1348/15 5221/255/15 5219/113/18
f 5222/1348/15 5224/1370/16 5223/182/16 5221/255/15
f 5224/1370/16 5214/1392/17 5213/4/17 5223/182/16
f 5226/1260/16 5228/1293/15 5227/130/15 5225/40/16
f 5228/1293/15 5230/1326/18 5229/113/18 5227/130/15
f 5230/1326/18 5232/1359/17 5231/241/17 5229/113/18
f 5232/1359/17 5226/1392/16 5225/4/16 5231/241/17
f 5234/1260/17 5236/1293/16 5235/130/16 5233/40/17
f 5236/1293/16 5238/1326/15 5237/113/15 5235/130/16
f 5238/1326/15 5240/1359/18 5239/241/18 5237/113/15
f 5240/1359/18 5234/1392/17 5233/4/17 5239/241/18
f 5242/1260/16 5244/1293/15 5243/130/15 5241/40/16
f 5244/1293/15 5246/1326/18 5245/113/18 5243/130/15
f 5246/1326/18 5248/1359/17 5247/241/17 5245/113/18
f 5248/1359/17 5242/1392/16 5241/4/16 5247/241/17
f 5250/1260/17 5252/1293/16 5251/130/16 5249/40/17
f 5252/1293/16 5254/1326/15 5253/113/15 5251/130/16
f 5254/1326/15 5256/1359/18 5255/241/18 5253/113/15
f 5256/1359/18 5250/1392/17 5249/4/17 5255/241/18
f 5258/1260/1134 5260/2929/1135 5259/2930/1135 5257/40/1134
f 5260/2929/1135 5262/2931/1136 5261/2932/1136 5259/2930/1135
f 5262/2931/1136 5264/2933/1137 5263/2934/1137 5261/2932/1136
f 5264/2933/1137 5266/2935/1138 5265/2936/1138 5263/2934/1137
f 5266/2935/1138 5268/2937/1139 5267/2938/1139 5265/2936/1138
f 5268/2937/1139 5270/2939/1140 5269/2940/1140 5267/2938/1139
f 5270/2939/1140 5272/2941/1141 5271/2942/1141 5269/2940/1140
f 5272/2941/1141 5274/2943/1142 5273/2944/1142 5271/2942/1141
f 5274/2943/1142 5276/2945/1143 5275/2946/1143 5273/2944/1142
f 5276/2945/1143 5278/2947/1144 5277/2948/1144 5275/2946/1143
f 5278/2947/1144 5280/1282/1145 5279/160/1145 5277/2948/1144
f 5280/1282/1145 5282/2949/1146 5281/2950/1146 5279/160/1145
f 5282/2949/1146 5284/2951/1147 5283/2952/1147 5281/2950/1146
f 5284/2951/1147 5286/2953/1148 5285/2954/1148 5283/2952/1147
f 5286/2953/1148 5288/2955/1149 5287/2956/1149 5285/2954/1148
f 5288/2955/1149 5290/2957/1150 5289/2958/1150 5287/2956/1149
f 5290/2957/1150 5292/2959/1151 5291/2960/1151 5289/2958/1150
f 5292/2959/1151 5294/2961/1152 5293/2962/1152 5291/2960/1151
f 5294/2961/1152 5296/2963/1153 5295/2964/1153 5293/2962/1152
f 5296/2963/1153 5298/2965/1154 5297/2966/1154 5295/2964/1153
f 5298/2965/1154 5300/2967/1155 5299/2968/1155 5297/2966/1154
f 5300/2967/1155 5302/1304/1156 5301/206/1156 5299/2968/1155
f 5302/1304/1156 5304/2969/1157 5303/2970/1157 5301/206/1156
f 5304/2969/1157 5306/2971/1158 5305/2972/1158 5303/2970/1157
f 5306/2971/1158 5308/2973/1159 5307/2974/1159 5305/2972/1158
f 5308/2973/1159 5310/2975/1160 5309/2976/1160 5307/2974/1159
f 5310/2975/1160 5312/2977/1161 5311/2978/1161 5309/2976/1160
f 5312/2977/1161 5314/2979/1162 5313/2980/1162 5311/2978/1161
f 5314/2979/1162 5316/2981/1163 5315/2982/1163 5313/2980/1162
f 5316/2981/1163 5318/2983/1164 5317/2984/1164 5315/2982/1163
f 5318/2983/1164 5320/2985/1165 5319/2986/1165 5317/2984/1164
f 5320/2985/1165 5322/2987/1166 5321/2988/1166 5319/2986/1165
f 5322/2987/1166 5324/1326/1167 5323/113/1167 5321/2988/1166
f 5324/1326/1167 5326/2989/1168 5325/2990/1168 5323/113/1167
f 5326/2989/1168 5328/2991/1169 5327/2992/1169 5325/2990/1168
f 5328/2991/1169 5330/2993/1170 5329/2994/1170 5327/2992/1169
f 5330/2993/1170 5332/2995/1171 5331/2996/1171 5329/2994/1170
f 5332/2995/1171 5334/2997/1172 5333/2998/1172 5331/2996/1171
f 5334/2997/1172 5336/2999/1173 5335/3000/1173 5333/2998/1172
f 5336/2999/1173 5338/3001/1174 5337/3002/1174 5335/3000/1173
f 5338/3001/1174 5340/3003/1175 5339/3004/1175 5337/3002/1174
f 5340/3003/1175 5342/3005/1176 5341/3006/1176 5339/3004/1175
f 5342/3005/1176 5344/3007/1177 5343/3008/1177 5341/3006/1176
f 5344/3007/1177 5346/1348/1178 5345/255/1178 5343/3008/1177
f 5346/1348/1178 5348/3009/1179 5347/3010/1179 5345/255/1178
f 5348/3009/1179 5350/3011/1180 5349/3012/1180 5347/3010/1179
f 5350/3011/1180 5352/3013/1181 5351/3014/1181 5349/3012/1180
f 5352/3013/1181 5354/3015/1182 5353/3016/1182 5351/3014/1181
f 5354/3015/1182 5356/3017/1183 5355/3018/1183 5353/3016/1182
f 5356/3017/1183 5358/3019/1184 5357/3020/1184 5355/3018/1183
f 5358/3019/1184 5360/3021/1185 5359/3022/1185 5357/3020/1184
f 5360/3021/1185 5362/3023/1186 5361/3024/1186 5359/3022/1185
f 5362/3023/1186 5364/3025/1187 5363/3026/1187 5361/3024/1186
f 5364/3025/1187 5366/3027/1188 5365/3028/1188 5363/3026/1187
f 5366/3027/1188 5368/1370/471 5367/182/471 5365/3028/1188
f 5368/1370/471 5370/3029/1189 5369/3030/1189 5367/182/471
f 5370/3029/1189 5372/3031/1190 5371/3032/1190 5369/3030/1189
f 5372/3031/1190 5374/3033/1191 5373/3034/1191 5371/3032/1190
f 5374/3033/1191 5376/3035/1192 5375/3036/1192 5373/3034/1191
f 5376/3035/1192 5378/3037/1193 5377/3038/1193 5375/3036/1192
f 5378/3037/1193 5380/3039/18 5379/3040/18 5377/3038/1193
f 5380/3039/18 5382/3041/18 5381/3042/18 5379/3040/18
f 5382/3041/18 5384/3043/15 5383/3044/15 5381/3042/18
f 5384/3043/15 5386/3045/910 5385/3046/910 5383/3044/15
f 5386/3045/910 5388/3047/16 5387/3048/16 5385/3046/910
f 5388/3047/16 5258/1392/1134 5257/4/1134 5387/3048/16
f 5390/1260/17 5392/1282/17 5391/160/17 5389/40/17
f 5392/1282/17 5394/1304/17 5393/206/17 5391/160/17
f 5394/1304/17 5396/1326/18 5395/113/18 5393/206/17
f 5396/1326/18 5398/1348/15 5397/255/15 5395/113/18
f 5398/1348/15 5400/1370/16 5399/182/16 5397/255/15
f 5400/1370/16 5390/1392/17 5389/4/17 5399/182/16
