# Blender 4.4.0
# www.blender.org
mtllib playerDead.mtl
o 球
v 0.258749 0.640193 -0.016933
v 0.386875 0.496813 -0.029005
v 0.423635 0.303994 -0.032769
v 0.431761 0.203388 -0.032482
v 0.424238 0.103123 -0.031350
v 0.378294 -0.089269 -0.031200
v 0.060981 0.688811 -0.001086
v 0.158941 0.672118 0.025980
v 0.257948 0.654767 0.051758
v 0.334380 0.595137 0.056694
v 0.386652 0.495705 0.052524
v 0.407551 0.402124 0.054404
v 0.424001 0.303477 0.057014
v 0.433168 0.203578 0.059124
v 0.423671 0.103579 0.058162
v 0.402975 0.005955 0.054888
v 0.373379 -0.088921 0.049027
v 0.303950 -0.170557 0.042225
v 0.233933 -0.232503 0.033549
v 0.162611 -0.257314 0.022697
v 0.086733 -0.283933 0.015575
v 0.054978 0.687977 0.021718
v 0.145792 0.692767 0.071676
v 0.243874 0.653460 0.106157
v 0.323937 0.596402 0.126121
v 0.379351 0.500068 0.133492
v 0.399124 0.403142 0.139296
v 0.420918 0.304185 0.147392
v 0.429675 0.203930 0.151282
v 0.420214 0.103001 0.148832
v 0.395551 0.003938 0.142777
v 0.340835 -0.087059 0.128011
v 0.278909 -0.182102 0.122628
v 0.213898 -0.254543 0.106780
v 0.148684 -0.274356 0.071051
v 0.080072 -0.295806 0.041774
v 0.048013 0.691761 0.047294
v 0.126700 0.697124 0.109373
v 0.219945 0.651382 0.155063
v 0.303247 0.597578 0.190036
v 0.361232 0.511949 0.213042
v 0.378276 0.410272 0.225085
v 0.399793 0.305956 0.236410
v 0.426326 0.204789 0.247892
v 0.406401 0.101033 0.242404
v 0.316507 0.002194 0.226856
v 0.264161 -0.120640 0.229895
v 0.241959 -0.210252 0.204336
v 0.186858 -0.266578 0.163621
v 0.131087 -0.290192 0.117724
v 0.070800 -0.303822 0.064262
v 0.038835 0.697872 0.074819
v 0.107214 0.695490 0.145422
v 0.188495 0.651002 0.199719
v 0.263374 0.599201 0.250683
v 0.319841 0.528945 0.297709
v 0.348420 0.424977 0.315465
v 0.364342 0.312024 0.325159
v 0.372379 0.204444 0.328510
v 0.346385 0.100211 0.321565
v 0.247029 -0.017271 0.321514
v 0.200110 -0.154458 0.315596
v 0.198579 -0.216181 0.262128
v 0.151950 -0.258307 0.198528
v 0.108601 -0.283244 0.143772
v 0.059538 -0.304840 0.080853
v 0.026252 0.698685 0.098931
v 0.086337 0.691836 0.177044
v 0.147646 0.653637 0.242530
v 0.208150 0.600084 0.305710
v 0.255033 0.530434 0.360037
v 0.282893 0.444942 0.398980
v 0.299652 0.332062 0.408779
v 0.304752 0.206893 0.401236
v 0.294115 0.091969 0.397777
v 0.225224 -0.013935 0.380845
v 0.179669 -0.138588 0.359523
v 0.155067 -0.206576 0.294280
v 0.113371 -0.246509 0.220741
v 0.081260 -0.272677 0.162226
v 0.046001 -0.301675 0.092522
v -0.033847 0.683674 -0.014203
v 0.012632 0.695060 0.114634
v 0.060963 0.688181 0.200525
v 0.105446 0.653062 0.269386
v 0.147861 0.597005 0.341262
v 0.180051 0.526847 0.404619
v 0.203434 0.448654 0.454948
v 0.219307 0.340825 0.470256
v 0.223721 0.206621 0.451941
v 0.220303 0.087133 0.454956
v 0.198018 -0.009352 0.424640
v 0.152719 -0.125684 0.386524
v 0.110922 -0.195820 0.315707
v 0.076079 -0.233712 0.238912
v 0.052239 -0.261984 0.176820
v 0.030202 -0.296855 0.101175
v -0.002237 0.691761 0.123667
v 0.029656 0.686686 0.213145
v 0.058976 0.653591 0.286655
v 0.085307 0.596928 0.363085
v 0.103140 0.527041 0.434624
v 0.118996 0.446157 0.488213
v 0.130209 0.344694 0.510568
v 0.133822 0.201265 0.487552
v 0.138085 0.091836 0.491165
v 0.128372 -0.004804 0.453557
v 0.093825 -0.124046 0.406870
v 0.063775 -0.185742 0.328773
v 0.038055 -0.221028 0.254386
v 0.020743 -0.251108 0.189985
v 0.012945 -0.291963 0.107340
v -0.019100 0.691357 0.127782
v -0.005073 0.687528 0.218890
v 0.008693 0.655097 0.295323
v 0.018553 0.599490 0.375185
v 0.019883 0.530140 0.455353
v 0.026034 0.447187 0.511597
v 0.032965 0.334877 0.524036
v 0.040329 0.212332 0.510358
v 0.050644 0.081980 0.506559
v 0.043761 -0.006934 0.470676
v 0.025255 -0.118593 0.418680
v 0.014306 -0.176880 0.335262
v -0.002360 -0.208778 0.267903
v -0.012720 -0.241406 0.200290
v -0.004774 -0.288250 0.110362
v -0.036543 0.692069 0.127108
v -0.040530 0.689541 0.218427
v -0.043527 0.656466 0.295019
v -0.048593 0.602148 0.374957
v -0.061325 0.532906 0.458462
v -0.064489 0.448401 0.513235
v -0.061917 0.333929 0.521849
v -0.057847 0.216691 0.515226
v -0.058761 0.076350 0.528106
v -0.050705 -0.002156 0.480518
v -0.049699 -0.110333 0.421195
v -0.039957 -0.170017 0.334831
v -0.047121 -0.199103 0.275187
v -0.046531 -0.234470 0.204973
v -0.022145 -0.286608 0.109404
v -0.053586 0.693279 0.122591
v -0.075240 0.692289 0.212030
v -0.094677 0.659631 0.285475
v -0.112544 0.604052 0.360246
v -0.133392 0.532766 0.434571
v -0.145666 0.448587 0.486803
v -0.149229 0.346685 0.505949
v -0.151612 0.209322 0.486533
v -0.145979 0.084200 0.486377
v -0.140878 0.001340 0.464437
v -0.122402 -0.108492 0.406800
v -0.098090 -0.166910 0.326550
v -0.094644 -0.194455 0.271910
v -0.078405 -0.232136 0.201119
v -0.038559 -0.287404 0.104150
v -0.069820 0.695415 0.115315
v -0.107082 0.694563 0.197343
v -0.142610 0.665375 0.267354
v -0.173275 0.607509 0.335304
v -0.201056 0.531822 0.395718
v -0.222295 0.444615 0.440493
v -0.234614 0.340397 0.460544
v -0.239086 0.201092 0.455764
v -0.231419 0.083572 0.447397
v -0.218496 -0.007436 0.420631
v -0.190203 -0.121723 0.374256
v -0.157330 -0.169869 0.308968
v -0.139706 -0.197546 0.255662
v -0.107185 -0.235463 0.187703
v -0.053525 -0.290534 0.094877
v -0.084440 0.698090 0.105067
v -0.135044 0.696300 0.175328
v -0.185070 0.672626 0.241344
v -0.230628 0.609031 0.298340
v -0.269400 0.524818 0.345367
v -0.298249 0.432828 0.380677
v -0.313710 0.323267 0.391337
v -0.316353 0.202909 0.386315
v -0.309463 0.088383 0.386209
v -0.286198 -0.016076 0.368125
v -0.255333 -0.123867 0.338163
v -0.215645 -0.178832 0.282116
v -0.178727 -0.207917 0.227465
v -0.132332 -0.244238 0.165588
v -0.066526 -0.295750 0.082088
v -0.096685 0.700482 0.091314
v -0.159103 0.699101 0.149956
v -0.221064 0.673817 0.202414
v -0.280947 0.603280 0.246739
v -0.326874 0.517197 0.282096
v -0.359782 0.421654 0.305293
v -0.376807 0.309163 0.304984
v -0.382820 0.202758 0.310906
v -0.371671 0.097436 0.305462
v -0.327444 -0.010007 0.293479
v -0.291426 -0.133234 0.286015
v -0.258388 -0.195364 0.241072
v -0.210305 -0.224577 0.189779
v -0.151785 -0.258594 0.134492
v -0.077179 -0.302805 0.066449
v -0.105837 0.697015 0.069611
v -0.176435 0.697315 0.113410
v -0.246985 0.663892 0.145933
v -0.315110 0.588272 0.171639
v -0.367580 0.506335 0.199708
v -0.405382 0.415584 0.218261
v -0.427505 0.310355 0.223624
v -0.434329 0.204956 0.225587
v -0.418475 0.099986 0.220765
v -0.364333 -0.002829 0.207337
v -0.327765 -0.118246 0.203939
v -0.296457 -0.211454 0.189076
v -0.235393 -0.246183 0.146231
v -0.166332 -0.277067 0.096020
v -0.085497 -0.311102 0.048842
v -0.112732 0.685459 0.039699
v -0.188606 0.697421 0.075747
v -0.266705 0.658706 0.092790
v -0.338724 0.584343 0.102337
v -0.394397 0.500489 0.113000
v -0.436166 0.409127 0.124597
v -0.461488 0.309603 0.131549
v -0.469521 0.205417 0.133654
v -0.458660 0.100326 0.130849
v -0.414422 -0.001952 0.122757
v -0.372131 -0.096324 0.111345
v -0.329471 -0.198904 0.111261
v -0.257209 -0.265364 0.092478
v -0.177240 -0.295336 0.058514
v -0.091083 -0.319341 0.030130
v -0.118233 0.675397 0.011361
v -0.198194 0.676463 0.023030
v -0.277936 0.648194 0.031537
v -0.349418 0.582180 0.028750
v -0.408097 0.501757 0.032013
v -0.451613 0.410183 0.034733
v -0.478134 0.310345 0.036264
v -0.486741 0.205789 0.036619
v -0.477197 0.100397 0.035825
v -0.448958 -0.001257 0.033731
v -0.403615 -0.094936 0.030344
v -0.344031 -0.177135 0.025912
v -0.269774 -0.257100 0.028203
v -0.184614 -0.304386 0.020451
v -0.093860 -0.325297 0.010627
v -0.118605 0.672901 -0.012402
v -0.199276 0.671837 -0.019095
v -0.277390 0.641848 -0.030950
v -0.348092 0.584376 -0.041702
v -0.406301 0.502919 -0.050098
v -0.449855 0.411133 -0.056397
v -0.476521 0.310963 -0.060360
v -0.485356 0.206022 -0.061777
v -0.475987 0.100396 -0.060611
v -0.448370 -0.001237 -0.057094
v -0.403523 -0.094902 -0.051383
v -0.343168 -0.177001 -0.043698
v -0.269591 -0.244945 -0.034020
v -0.185334 -0.299767 -0.020698
v -0.093746 -0.326838 -0.009485
v -0.113965 0.675518 -0.032787
v -0.190858 0.674156 -0.055852
v -0.265685 0.645162 -0.084707
v -0.333574 0.586715 -0.110131
v -0.389084 0.503919 -0.130190
v -0.430971 0.411922 -0.145284
v -0.456727 0.311412 -0.154604
v -0.465428 0.206088 -0.157749
v -0.456487 0.100394 -0.154718
v -0.430001 -0.001240 -0.145741
v -0.386992 -0.094905 -0.131164
v -0.329111 -0.177004 -0.111546
v -0.258580 -0.244378 -0.087641
v -0.178090 -0.294820 -0.060160
v -0.090249 -0.325206 -0.029400
v -0.105904 0.678418 -0.051574
v -0.175233 0.676272 -0.090094
v -0.243762 0.647591 -0.134810
v -0.306164 0.587527 -0.173988
v -0.357114 0.504741 -0.205187
v -0.395685 0.412524 -0.228514
v -0.419508 0.311678 -0.242847
v -0.427660 0.206085 -0.247637
v -0.419444 0.100389 -0.242879
v -0.395110 -0.001246 -0.228787
v -0.355590 -0.094911 -0.205903
v -0.302405 -0.177008 -0.175107
v -0.237598 -0.244381 -0.137580
v -0.163661 -0.294444 -0.094767
v -0.083034 -0.323422 -0.047968
v -0.094747 0.681294 -0.068335
v -0.153072 0.677717 -0.120527
v -0.212443 0.648037 -0.179308
v -0.267101 0.587449 -0.230939
v -0.311612 0.505393 -0.272215
v -0.345337 0.412937 -0.302894
v -0.366283 0.311775 -0.321705
v -0.373460 0.206077 -0.328009
v -0.366290 0.100375 -0.321708
v -0.345041 -0.001263 -0.303043
v -0.310529 -0.094926 -0.272732
v -0.264081 -0.177018 -0.231940
v -0.207487 -0.244386 -0.182233
v -0.143605 -0.293241 -0.124695
v -0.072472 -0.322668 -0.063954
v 0.001588 -0.316348 0.004764
v -0.080952 0.683989 -0.082723
v -0.125477 0.678018 -0.146112
v -0.172991 0.646217 -0.216568
v -0.218042 0.587336 -0.278944
v -0.254299 0.505870 -0.328706
v -0.281837 0.413187 -0.365581
v -0.299045 0.311771 -0.388171
v -0.304915 0.206059 -0.395778
v -0.299072 0.100337 -0.388177
v -0.281734 -0.001314 -0.365658
v -0.253549 -0.094964 -0.329083
v -0.215616 -0.177036 -0.279860
v -0.172103 -0.239651 -0.216623
v -0.123482 -0.282516 -0.143253
v -0.059026 -0.322163 -0.077166
v -0.065107 0.686389 -0.094303
v -0.093720 0.677402 -0.166075
v -0.127360 0.644566 -0.245556
v -0.160918 0.587594 -0.316234
v -0.187350 0.506185 -0.372502
v -0.207591 0.413315 -0.414177
v -0.220323 0.311758 -0.439719
v -0.224668 0.206014 -0.448340
v -0.220419 0.100209 -0.439741
v -0.205341 -0.000215 -0.409124
v -0.184014 -0.092664 -0.366364
v -0.158875 -0.177070 -0.317028
v -0.136551 -0.223793 -0.234915
v -0.101752 -0.266743 -0.152521
v -0.043696 -0.320461 -0.086847
v -0.047881 0.688557 -0.102663
v -0.059345 0.676942 -0.179821
v -0.077332 0.644319 -0.265203
v -0.097773 0.587796 -0.341301
v -0.113307 0.506369 -0.401933
v -0.125418 0.413367 -0.446834
v -0.133137 0.311740 -0.474372
v -0.135819 0.205918 -0.483681
v -0.133509 0.099723 -0.474455
v -0.121738 0.001790 -0.430678
v -0.108060 -0.086672 -0.378015
v -0.092999 -0.168066 -0.323181
v -0.095713 -0.208797 -0.244225
v -0.075032 -0.253930 -0.157229
v -0.026778 -0.317943 -0.092952
v -0.029994 0.690482 -0.107512
v -0.023782 0.676915 -0.186827
v -0.024949 0.645174 -0.274752
v -0.031010 0.587729 -0.353149
v -0.035001 0.506445 -0.415876
v -0.038453 0.413380 -0.462306
v -0.041146 0.311520 -0.490264
v -0.041773 0.205794 -0.500439
v -0.044553 0.099336 -0.487939
v -0.042362 0.000839 -0.435154
v -0.029842 -0.086518 -0.385695
v -0.027876 -0.164523 -0.327177
v -0.045407 -0.203933 -0.249116
v -0.040997 -0.250368 -0.161294
v -0.008271 -0.315677 -0.096005
v -0.012186 0.692045 -0.108692
v 0.011661 0.677294 -0.186776
v 0.027642 0.646363 -0.273798
v 0.036756 0.587415 -0.351329
v 0.044575 0.506426 -0.413800
v 0.047462 0.411727 -0.455761
v 0.040862 0.303758 -0.467748
v 0.051339 0.201664 -0.493667
v 0.029876 0.067733 -0.472880
v 0.029781 -0.001368 -0.419746
v 0.053899 -0.099334 -0.399331
v 0.043205 -0.173022 -0.336243
v 0.010144 -0.208098 -0.251876
v -0.002358 -0.253296 -0.163132
v 0.011235 -0.313810 -0.096014
v 0.004823 0.693258 -0.106173
v 0.045759 0.678111 -0.179646
v 0.078524 0.647622 -0.262289
v 0.102788 0.587433 -0.336010
v 0.122359 0.506310 -0.395785
v 0.132293 0.410603 -0.432974
v 0.127769 0.300542 -0.438180
v 0.142444 0.197436 -0.468309
v 0.113915 0.030641 -0.478003
v 0.112525 -0.011837 -0.413292
v 0.132096 -0.107707 -0.398732
v 0.109397 -0.178123 -0.332962
v 0.066313 -0.214922 -0.246721
v 0.038118 -0.260204 -0.160868
v 0.030407 -0.311351 -0.092404
v 0.020395 0.694215 -0.100032
v 0.077446 0.678485 -0.165639
v 0.125945 0.648663 -0.240554
v 0.164545 0.587762 -0.307778
v 0.195346 0.506081 -0.362518
v 0.217619 0.413230 -0.402990
v 0.227258 0.309196 -0.421352
v 0.235581 0.205954 -0.436201
v 0.219849 0.096434 -0.414442
v 0.202880 0.003771 -0.385429
v 0.202865 -0.104516 -0.374203
v 0.169442 -0.179687 -0.313347
v 0.119133 -0.221479 -0.229517
v 0.078397 -0.269272 -0.153413
v 0.047632 -0.307280 -0.084748
v 0.034024 0.694907 -0.090420
v 0.105705 0.677917 -0.145161
v 0.168335 0.649122 -0.209330
v 0.219741 0.588055 -0.267653
v 0.260713 0.505714 -0.315265
v 0.290475 0.413108 -0.350674
v 0.308571 0.311772 -0.372372
v 0.314607 0.206061 -0.379668
v 0.308547 0.100343 -0.372377
v 0.290561 -0.001279 -0.350686
v 0.261599 -0.094997 -0.315738
v 0.221948 -0.176052 -0.267916
v 0.165843 -0.227043 -0.201179
v 0.112779 -0.274322 -0.137198
v 0.062525 -0.302446 -0.073843
v 0.045297 0.695206 -0.077573
v 0.129232 0.675166 -0.118894
v 0.204153 0.648407 -0.169924
v 0.266401 0.587757 -0.217089
v 0.315920 0.505186 -0.255830
v 0.352006 0.412810 -0.284720
v 0.374088 0.311756 -0.302447
v 0.378290 0.206032 -0.306512
v 0.361750 0.101558 -0.294549
v 0.352386 -0.001260 -0.284908
v 0.317139 -0.094923 -0.256410
v 0.269645 -0.177004 -0.218064
v 0.206145 -0.236562 -0.167295
v 0.139837 -0.275872 -0.113951
v 0.074422 -0.296925 -0.060081
v 0.053867 0.694561 -0.061845
v 0.147443 0.670877 -0.087363
v 0.232561 0.647816 -0.123260
v 0.302657 0.587156 -0.158061
v 0.355760 0.503372 -0.185160
v 0.384058 0.408370 -0.201886
v 0.404612 0.308366 -0.213216
v 0.404223 0.205030 -0.214442
v 0.398709 0.101743 -0.209961
v 0.397130 -0.000686 -0.206612
v 0.360016 -0.094812 -0.187321
v 0.302527 -0.176202 -0.159588
v 0.233546 -0.242456 -0.125458
v 0.159281 -0.275268 -0.085776
v 0.082883 -0.291032 -0.043980
v 0.059763 0.693226 -0.043279
v 0.160626 0.668654 -0.050274
v 0.252133 0.647434 -0.070442
v 0.326098 0.585288 -0.092936
v 0.378597 0.500732 -0.108086
v 0.402545 0.405027 -0.116914
v 0.418669 0.305623 -0.122682
v 0.423380 0.204032 -0.123770
v 0.420015 0.102047 -0.121691
v 0.401132 0.003552 -0.116972
v 0.370372 -0.090164 -0.108723
v 0.318261 -0.174340 -0.095411
v 0.245023 -0.239525 -0.075352
v 0.168400 -0.268925 -0.051871
v 0.087758 -0.285363 -0.026216
v 0.063047 0.691921 -0.022043
v 0.164764 0.664440 -0.012924
v 0.333309 0.580651 -0.023803
v 0.408467 0.402690 -0.031244
v 0.403374 0.005535 -0.031169
v 0.317923 -0.171820 -0.027869
v 0.244557 -0.234879 -0.022293
v 0.169019 -0.261450 -0.015236
v 0.089115 -0.280970 -0.007157
vn 0.2269 0.9564 -0.1838
vn 0.9601 -0.2778 0.0320
vn 0.6111 0.7767 -0.1524
vn 0.7791 -0.6181 0.1045
vn 0.8640 0.5013 -0.0459
vn 0.6481 -0.7470 0.1482
vn 0.9753 0.2208 0.0089
vn 0.3248 -0.9376 0.1241
vn 0.9874 0.1582 0.0041
vn 0.2838 -0.9570 0.0596
vn 0.9963 0.0858 -0.0096
vn -0.0728 0.9876 0.1394
vn 0.3637 -0.9278 -0.0828
vn 0.9964 -0.0847 -0.0043
vn 0.2235 0.9737 -0.0448
vn 0.9780 -0.2083 0.0064
vn 0.9948 -0.0945 0.0377
vn 0.1560 0.9596 -0.2340
vn 0.9723 -0.2269 0.0560
vn 0.3032 0.9476 -0.1007
vn 0.8812 -0.4231 0.2107
vn 0.5819 0.8050 0.1155
vn 0.7705 -0.5895 0.2425
vn 0.8724 0.4813 0.0849
vn 0.7000 -0.7124 0.0496
vn 0.9737 0.2113 0.0855
vn 0.3633 -0.9117 -0.1916
vn 0.9792 0.1929 0.0624
vn 0.3616 -0.8986 -0.2486
vn 0.9953 0.0902 0.0353
vn -0.0570 0.9981 0.0215
vn 0.3724 -0.8773 -0.3029
vn 0.6995 -0.7047 0.1187
vn 0.9592 0.1961 0.2035
vn 0.3850 -0.9193 -0.0815
vn 0.9504 0.2232 0.2168
vn 0.3617 -0.9157 -0.1753
vn 0.9755 0.1805 0.1260
vn 0.0101 0.9896 -0.1436
vn 0.3323 -0.9234 -0.1922
vn 0.9855 -0.1449 0.0881
vn 0.0196 0.9926 -0.1196
vn 0.7757 -0.4921 0.3951
vn 0.3489 0.9253 0.1490
vn 0.7388 -0.3996 0.5427
vn 0.5015 0.8405 0.2050
vn 0.8235 -0.4360 0.3630
vn 0.8226 0.5416 0.1732
vn 0.6660 -0.6133 0.4246
vn 0.3366 0.9118 0.2352
vn 0.8052 -0.3130 0.5037
vn 0.4246 0.8618 0.2774
vn 0.7884 -0.3773 0.4858
vn 0.6964 0.6489 0.3063
vn 0.4179 -0.8280 0.3739
vn 0.9119 0.2495 0.3259
vn 0.1128 -0.9339 0.3394
vn 0.9292 0.1907 0.3166
vn 0.0920 -0.9737 0.2083
vn 0.8729 0.1769 0.4548
vn 0.0532 0.9785 -0.1995
vn 0.1459 -0.9886 0.0384
vn 0.7967 -0.2098 0.5667
vn 0.0307 0.9979 -0.0564
vn -0.0389 -0.9009 0.4324
vn 0.7968 0.1655 0.5812
vn -0.0346 -0.9262 0.3753
vn 0.7652 0.0316 0.6430
vn -0.0932 0.9923 -0.0821
vn -0.0611 -0.9790 0.1946
vn 0.7721 -0.1583 0.6154
vn 0.0076 0.9984 0.0554
vn 0.7262 -0.5755 0.3760
vn 0.3062 0.9139 0.2664
vn 0.8460 -0.3414 0.4096
vn 0.3801 0.8593 0.3423
vn 0.4626 -0.6475 0.6056
vn 0.4931 0.7190 0.4898
vn 0.0834 -0.8779 0.4716
vn 0.7150 0.3872 0.5821
vn 0.1989 0.9176 0.3441
vn 0.6745 -0.4063 0.6164
vn 0.2623 0.8373 0.4797
vn 0.1977 -0.7345 0.6491
vn 0.3325 0.7103 0.6204
vn -0.0265 -0.8822 0.4702
vn 0.4624 0.5317 0.7096
vn -0.0950 -0.8901 0.4458
vn 0.5918 0.1770 0.7864
vn -0.0882 -0.8987 0.4297
vn 0.5676 -0.0610 0.8211
vn -0.2516 0.9678 0.0052
vn -0.1600 -0.9572 0.2410
vn 0.5721 -0.0359 0.8194
vn -0.0611 0.9905 0.1233
vn 0.6370 -0.4355 0.6361
vn 0.3829 0.2114 0.8993
vn -0.1106 -0.8883 0.4458
vn 0.3883 -0.1247 0.9131
vn -0.2205 0.9754 -0.0067
vn -0.1818 -0.9520 0.2464
vn 0.3848 0.0281 0.9226
vn -0.0588 0.9938 0.0946
vn 0.3487 -0.3619 0.8646
vn 0.1316 0.9188 0.3720
vn 0.3085 -0.4130 0.8569
vn 0.1951 0.8223 0.5346
vn 0.1126 -0.7703 0.6276
vn 0.2435 0.7166 0.6536
vn -0.0819 -0.8838 0.4606
vn 0.2922 0.5725 0.7661
vn -0.1164 -0.8869 0.4470
vn 0.1597 -0.4188 0.8939
vn 0.1277 0.8193 0.5590
vn -0.0047 -0.8022 0.5971
vn 0.1710 0.7365 0.6544
vn -0.1074 -0.8856 0.4519
vn 0.2130 0.5636 0.7981
vn -0.1196 -0.8868 0.4463
vn 0.1796 0.1729 0.9684
vn -0.1150 -0.8856 0.4500
vn 0.1845 -0.1268 0.9746
vn -0.0362 0.9981 -0.0502
vn -0.1587 -0.9565 0.2449
vn 0.2066 0.0118 0.9783
vn 0.0170 0.9988 0.0449
vn 0.1973 -0.3762 0.9053
vn 0.0894 0.9218 0.3772
vn -0.1154 -0.8846 0.4519
vn 0.0124 -0.0838 0.9964
vn 0.0430 0.9974 -0.0584
vn -0.1048 -0.9626 0.2498
vn 0.1259 0.0376 0.9913
vn 0.0507 0.9982 0.0320
vn 0.1384 -0.4411 0.8867
vn 0.0321 0.9197 0.3914
vn 0.0301 -0.4535 0.8908
vn 0.0253 0.8240 0.5660
vn -0.0865 -0.8178 0.5689
vn 0.0404 0.7611 0.6473
vn -0.1171 -0.8865 0.4477
vn 0.0358 0.5526 0.8326
vn -0.1196 -0.8870 0.4461
vn -0.0028 0.0923 0.9957
vn -0.0838 0.8182 0.5688
vn -0.1274 -0.8213 0.5561
vn -0.1704 0.7537 0.6348
vn -0.1138 -0.8887 0.4441
vn -0.2637 0.5338 0.8034
vn -0.1181 -0.8874 0.4456
vn -0.2327 0.1248 0.9645
vn -0.1139 -0.8833 0.4547
vn -0.2407 -0.1003 0.9654
vn 0.0859 0.9946 -0.0575
vn -0.0381 -0.9634 0.2652
vn -0.3623 0.0382 0.9313
vn 0.0701 0.9971 0.0293
vn -0.3072 -0.3976 0.8646
vn -0.0111 0.9165 0.3999
vn -0.1767 -0.4775 0.8607
vn -0.3973 -0.0702 0.9150
vn 0.1512 0.9874 -0.0475
vn 0.0220 -0.9575 0.2877
vn -0.3712 -0.0529 0.9270
vn 0.0748 0.9965 0.0364
vn -0.4208 -0.2849 0.8612
vn -0.0614 0.9249 0.3752
vn -0.3595 -0.4535 0.8155
vn -0.1621 0.7986 0.5796
vn -0.1150 -0.8225 0.5571
vn -0.3084 0.6963 0.6482
vn -0.0907 -0.8937 0.4395
vn -0.4515 0.5048 0.7358
vn -0.1027 -0.8882 0.4478
vn -0.4923 0.1991 0.8474
vn -0.1081 -0.8817 0.4593
vn -0.2114 -0.8035 0.5564
vn -0.4662 0.6188 0.6322
vn -0.0689 -0.8969 0.4368
vn -0.5753 0.4623 0.6747
vn -0.0901 -0.8872 0.4525
vn -0.6487 0.1902 0.7369
vn -0.1012 -0.8803 0.4635
vn -0.6629 -0.0101 0.7487
vn 0.2020 0.9788 -0.0326
vn 0.0706 -0.9467 0.3144
vn -0.6439 -0.0682 0.7621
vn 0.0627 0.9966 0.0535
vn -0.5854 -0.2827 0.7599
vn -0.0910 0.9462 0.3105
vn -0.4867 -0.3971 0.7781
vn -0.2916 0.7687 0.5693
vn 0.1102 -0.9320 0.3454
vn -0.7715 -0.0792 0.6312
vn 0.0596 0.9953 0.0768
vn -0.8012 -0.3263 0.5016
vn -0.1789 0.9574 0.2265
vn -0.8067 -0.3146 0.5002
vn -0.5076 0.7366 0.4469
vn -0.4099 -0.7283 0.5492
vn -0.6317 0.5689 0.5266
vn -0.0660 -0.8956 0.4399
vn -0.7184 0.4115 0.5608
vn -0.0807 -0.8848 0.4589
vn -0.7946 0.1437 0.5898
vn -0.0972 -0.8796 0.4656
vn -0.7815 0.0323 0.6231
vn 0.2187 0.9755 -0.0251
vn -0.1386 -0.8865 0.4414
vn -0.8316 0.4016 0.3835
vn -0.0661 -0.8835 0.4637
vn -0.8582 0.1656 0.4860
vn -0.1012 -0.8811 0.4619
vn -0.8497 0.0709 0.5225
vn -0.0004 0.9875 -0.1576
vn 0.1323 -0.9193 0.3707
vn -0.8595 -0.1344 0.4932
vn -0.0572 0.9963 -0.0638
vn -0.8204 -0.4295 0.3775
vn -0.3735 0.9259 0.0571
vn -0.8916 -0.2871 0.3503
vn -0.6937 0.6961 0.1849
vn -0.7646 -0.4816 0.4283
vn -0.7793 0.5614 0.2783
vn -0.0074 0.9863 -0.1650
vn -0.8036 -0.4288 0.4127
vn -0.4094 0.9076 0.0930
vn -0.8455 -0.3465 0.4062
vn -0.6937 0.6937 0.1938
vn -0.8759 -0.3558 0.3258
vn -0.7926 0.5685 0.2206
vn -0.5079 -0.8234 0.2532
vn -0.8715 0.4221 0.2495
vn -0.1321 -0.8995 0.4165
vn -0.9212 0.2322 0.3122
vn -0.1051 -0.8872 0.4492
vn -0.9336 0.0730 0.3509
vn -0.1938 0.9293 -0.3144
vn 0.1301 -0.9212 0.3667
vn -0.9161 -0.1303 0.3792
vn -0.8902 0.4274 0.1577
vn -0.4043 -0.9106 0.0858
vn -0.9524 0.2548 0.1676
vn -0.1796 -0.9437 0.2777
vn -0.9816 0.0803 0.1733
vn -0.1820 0.9372 -0.2975
vn 0.1065 -0.9551 0.2765
vn -0.9784 -0.0980 0.1819
vn -0.0297 0.9354 -0.3524
vn -0.9057 -0.3349 0.2598
vn -0.4084 0.8963 -0.1729
vn -0.8475 -0.4204 0.3239
vn -0.6974 0.7152 0.0462
vn -0.8603 -0.4802 0.1713
vn -0.8094 0.5739 0.1244
vn -0.7076 -0.7065 -0.0135
vn -0.9642 -0.2650 -0.0093
vn -0.3428 0.9345 -0.0963
vn -0.9010 -0.4338 -0.0037
vn -0.6536 0.7561 -0.0328
vn -0.8076 -0.5897 -0.0057
vn -0.8107 0.5855 -0.0037
vn -0.7026 -0.7080 -0.0716
vn -0.9031 0.4291 -0.0133
vn -0.5082 -0.8505 -0.1354
vn -0.9663 0.2571 -0.0152
vn -0.2539 -0.9661 -0.0460
vn -0.9964 0.0830 -0.0150
vn -0.1276 0.9866 -0.1016
vn 0.0977 -0.9923 0.0766
vn -0.9959 -0.0893 -0.0134
vn -0.0033 0.9942 -0.1074
vn -0.5058 -0.8496 -0.1495
vn -0.9451 0.2600 -0.1979
vn -0.2685 -0.9509 -0.1539
vn -0.9753 0.0858 -0.2034
vn -0.1234 0.9874 0.0987
vn 0.1181 -0.9912 -0.0605
vn -0.9753 -0.0885 -0.2023
vn -0.0303 0.9964 0.0791
vn -0.9446 -0.2635 -0.1957
vn -0.3549 0.9347 -0.0207
vn -0.8824 -0.4336 -0.1828
vn -0.6233 0.7758 -0.0979
vn -0.7876 -0.5942 -0.1632
vn -0.7989 0.5804 -0.1577
vn -0.6603 -0.7379 -0.1397
vn -0.8829 0.4319 -0.1841
vn -0.3288 0.9395 -0.0958
vn -0.8300 -0.4354 -0.3487
vn -0.5887 0.7741 -0.2328
vn -0.7402 -0.5962 -0.3109
vn -0.7512 0.5803 -0.3144
vn -0.6194 -0.7407 -0.2602
vn -0.8300 0.4353 -0.3489
vn -0.4688 -0.8603 -0.2002
vn -0.8891 0.2629 -0.3746
vn -0.2676 -0.9522 -0.1476
vn -0.9181 0.0879 -0.3864
vn -0.1236 0.9873 0.0994
vn 0.1146 -0.9921 -0.0508
vn -0.9183 -0.0888 -0.3858
vn -0.0535 0.9961 0.0703
vn -0.8891 -0.2647 -0.3735
vn -0.7992 0.2656 -0.5393
vn -0.2297 -0.9538 -0.1939
vn -0.8257 0.0892 -0.5570
vn -0.1190 0.9888 0.0904
vn 0.0798 -0.9968 0.0057
vn -0.8258 -0.0892 -0.5569
vn -0.0729 0.9965 0.0398
vn -0.7993 -0.2661 -0.5389
vn -0.2846 0.9417 -0.1793
vn -0.7456 -0.4374 -0.5027
vn -0.5207 0.7749 -0.3584
vn -0.6643 -0.5984 -0.4478
vn -0.6698 0.5875 -0.4541
vn -0.5553 -0.7427 -0.3743
vn -0.7454 0.4386 -0.5020
vn -0.4099 -0.8649 -0.2896
vn -0.6318 -0.4395 -0.6385
vn -0.4208 0.7850 -0.4546
vn -0.5623 -0.6007 -0.5683
vn -0.5635 0.5965 -0.5715
vn -0.4350 -0.7577 -0.4865
vn -0.6315 0.4415 -0.6374
vn -0.1870 -0.8728 -0.4508
vn -0.6774 0.2676 -0.6852
vn -0.0818 -0.9094 -0.4078
vn -0.7002 0.0898 -0.7083
vn -0.1100 0.9907 0.0801
vn 0.0620 -0.9978 0.0250
vn -0.7003 -0.0897 -0.7082
vn -0.0816 0.9966 -0.0097
vn -0.6777 -0.2674 -0.6850
vn -0.2239 0.9389 -0.2615
vn 0.0583 -0.7881 -0.6127
vn -0.5456 0.0903 -0.8332
vn -0.0979 0.9926 0.0718
vn 0.1056 -0.9944 -0.0076
vn -0.5459 -0.0898 -0.8330
vn -0.0811 0.9945 -0.0662
vn -0.4981 -0.2944 -0.8156
vn -0.1695 0.9351 -0.3113
vn -0.4248 -0.4483 -0.7865
vn -0.3175 0.8000 -0.5090
vn -0.4080 -0.5746 -0.7095
vn -0.4385 0.6028 -0.6667
vn -0.1816 -0.8236 -0.5373
vn -0.4917 0.4438 -0.7492
vn 0.1861 -0.8151 -0.5487
vn -0.5277 0.2689 -0.8057
vn -0.0484 -0.5398 -0.8404
vn -0.2951 0.6062 -0.7385
vn 0.1244 -0.8656 -0.4851
vn -0.3313 0.4452 -0.8319
vn 0.2356 -0.8285 -0.5080
vn -0.3557 0.2696 -0.8949
vn 0.0746 -0.7079 -0.7024
vn -0.3679 0.0906 -0.9254
vn -0.0914 0.9934 0.0693
vn 0.1386 -0.9900 -0.0241
vn -0.3690 -0.0892 -0.9251
vn -0.0820 0.9900 -0.1149
vn -0.2881 -0.3702 -0.8831
vn -0.1237 0.9350 -0.3325
vn -0.1549 -0.4842 -0.8611
vn -0.2156 0.8093 -0.5465
vn -0.0883 0.9937 0.0689
vn 0.1186 -0.9928 -0.0182
vn -0.1625 -0.0999 -0.9816
vn -0.0696 0.9853 -0.1562
vn -0.0985 -0.4446 -0.8903
vn -0.0728 0.9375 -0.3401
vn -0.0688 -0.5087 -0.8582
vn -0.1091 0.8088 -0.5779
vn -0.0511 -0.5824 -0.8113
vn -0.1389 0.6088 -0.7811
vn 0.0302 -0.8919 -0.4513
vn -0.1571 0.4457 -0.8813
vn 0.0385 -0.8829 -0.4680
vn -0.1660 0.2674 -0.9492
vn -0.0159 -0.7127 -0.7013
vn -0.1719 0.0930 -0.9807
vn 0.0223 0.6110 -0.7913
vn -0.1302 -0.8852 -0.4465
vn -0.1630 -0.7706 -0.6161
vn -0.1705 -0.7376 -0.6534
vn 0.0514 0.4252 -0.9036
vn -0.0890 -0.8824 -0.4620
vn 0.1774 0.1765 -0.9682
vn -0.0350 -0.7305 -0.6820
vn 0.1740 0.1765 -0.9688
vn -0.0827 0.9942 0.0691
vn 0.0952 -0.9953 -0.0159
vn 0.0971 -0.1461 -0.9845
vn -0.0397 0.9821 -0.1843
vn 0.0526 -0.5330 -0.8445
vn -0.0129 0.9410 -0.3382
vn -0.1060 -0.4805 -0.8706
vn -0.0238 -0.3568 -0.9339
vn -0.1204 -0.5014 -0.8568
vn 0.0080 0.8014 -0.5981
vn 0.1021 -0.0536 -0.9933
vn -0.0023 0.9809 -0.1945
vn -0.1973 -0.7106 -0.6753
vn 0.0488 0.9436 -0.3276
vn 0.0230 -0.1725 -0.9847
vn 0.1281 0.7926 -0.5961
vn -0.0415 -0.6606 -0.7496
vn 0.1791 0.6115 -0.7707
vn -0.0604 -0.9099 -0.4103
vn 0.2272 0.3868 -0.8937
vn -0.0880 -0.8759 -0.4744
vn 0.2925 0.0603 -0.9544
vn 0.0050 -0.7718 -0.6358
vn 0.2935 0.2852 -0.9124
vn -0.0812 0.9943 0.0695
vn 0.1295 -0.9915 -0.0126
vn 0.0614 -0.9185 -0.3907
vn 0.3335 0.4072 -0.8503
vn -0.0121 -0.8647 -0.5021
vn 0.2376 0.1119 -0.9649
vn 0.0661 -0.8449 -0.5308
vn 0.2202 0.2311 -0.9477
vn -0.0874 0.9939 0.0668
vn 0.2232 -0.9746 0.0161
vn 0.4643 -0.1127 -0.8785
vn 0.0502 0.9819 -0.1826
vn 0.5287 -0.5311 -0.6622
vn 0.1190 0.9462 -0.3008
vn 0.3174 -0.0888 -0.9441
vn 0.2487 0.7867 -0.5650
vn 0.2397 -0.6881 -0.6849
vn 0.3289 0.6093 -0.7215
vn 0.1069 0.9825 -0.1528
vn 0.3796 -0.2970 -0.8762
vn 0.1858 0.9498 -0.2518
vn 0.5241 -0.2605 -0.8108
vn 0.3618 0.7848 -0.5031
vn 0.5674 -0.6323 -0.5275
vn 0.4670 0.6061 -0.6438
vn 0.2569 -0.8933 -0.3689
vn 0.5247 0.4443 -0.7262
vn 0.1525 -0.8622 -0.4830
vn 0.5317 0.2308 -0.8149
vn 0.1865 -0.9195 -0.3461
vn 0.5439 0.1253 -0.8297
vn -0.0944 0.9936 0.0623
vn 0.2780 -0.9595 0.0458
vn 0.5027 -0.1654 -0.8485
vn 0.6568 0.4453 -0.6085
vn 0.2175 -0.8779 -0.4266
vn 0.7041 0.2679 -0.6577
vn 0.2470 -0.9561 -0.1574
vn 0.7403 0.0718 -0.6684
vn -0.0959 0.9935 0.0611
vn 0.3311 -0.9392 0.0906
vn 0.7835 -0.1397 -0.6055
vn 0.1750 0.9800 -0.0943
vn 0.7661 -0.1963 -0.6120
vn 0.2436 0.9549 -0.1697
vn 0.6572 -0.4339 -0.6163
vn 0.4596 0.7866 -0.4124
vn 0.5786 -0.6006 -0.5519
vn 0.5869 0.6042 -0.5390
vn 0.3279 -0.8315 -0.4485
vn 0.8914 -0.0758 -0.4468
vn 0.2513 0.9637 -0.0897
vn 0.7814 -0.4188 -0.4626
vn 0.5283 0.7887 -0.3143
vn 0.6869 -0.6043 -0.4036
vn 0.7007 0.5906 -0.4001
vn 0.5171 -0.7809 -0.3504
vn 0.8428 0.3819 -0.3792
vn 0.2945 -0.9177 -0.2664
vn 0.9156 0.2407 -0.3220
vn 0.2440 -0.9697 -0.0115
vn 0.9547 0.0249 -0.2967
vn -0.0781 0.9935 0.0833
vn 0.3706 -0.9180 0.1413
vn 0.9344 -0.1256 -0.3333
vn 0.2290 0.9730 -0.0282
vn 0.3840 -0.9233 0.0078
vn 0.9660 0.1925 -0.1725
vn 0.2605 -0.9536 0.1512
vn 0.9834 0.0228 -0.1798
vn -0.0720 0.9929 0.0943
vn 0.3898 -0.9029 0.1812
vn 0.9742 -0.0492 -0.2205
vn 0.2378 0.9711 -0.0194
vn 0.9848 -0.1058 -0.1374
vn 0.2265 0.9725 -0.0544
vn 0.9358 -0.3472 -0.0615
vn 0.5885 0.7835 -0.1997
vn 0.8133 -0.5688 -0.1227
vn 0.7939 0.5584 -0.2407
vn 0.6480 -0.7517 -0.1228
vn 0.9311 0.2855 -0.2269
vn 0.9567 -0.2858 -0.0545
vn 0.6342 0.7732 0.0034
vn 0.8272 -0.5611 -0.0300
vn 0.8417 0.5370 -0.0570
vn 0.6624 -0.7475 0.0488
vn 0.9687 0.2367 -0.0745
vn 0.3644 -0.9229 0.1241
vn 0.9858 0.1578 -0.0576
vn 0.2529 -0.9480 0.1930
vn 0.9953 0.0635 -0.0725
vn -0.0787 0.9942 0.0733
vn 0.3896 -0.9031 0.1804
vn 0.9961 -0.0547 -0.0690
vn 0.2478 0.9670 0.0597
vn 0.9794 -0.1993 -0.0325
vn 0.2484 0.9643 0.0922
vt 0.750000 0.812500
vt 0.750000 0.875000
vt 0.718750 0.875000
vt 0.718750 0.812500
vt 0.750000 0.312500
vt 0.750000 0.375000
vt 0.718750 0.375000
vt 0.718750 0.312500
vt 0.750000 0.750000
vt 0.718750 0.750000
vt 0.750000 0.250000
vt 0.718750 0.250000
vt 0.750000 0.687500
vt 0.718750 0.687500
vt 0.750000 0.187500
vt 0.718750 0.187500
vt 0.750000 0.625000
vt 0.718750 0.625000
vt 0.750000 0.125000
vt 0.718750 0.125000
vt 0.750000 0.562500
vt 0.718750 0.562500
vt 0.750000 0.062500
vt 0.718750 0.062500
vt 0.750000 0.500000
vt 0.718750 0.500000
vt 0.750000 0.937500
vt 0.734375 1.000000
vt 0.718750 0.937500
vt 0.734375 0.000000
vt 0.750000 0.437500
vt 0.718750 0.437500
vt 0.687500 0.500000
vt 0.687500 0.437500
vt 0.687500 0.937500
vt 0.687500 0.875000
vt 0.687500 0.375000
vt 0.687500 0.812500
vt 0.687500 0.312500
vt 0.687500 0.750000
vt 0.687500 0.250000
vt 0.687500 0.687500
vt 0.687500 0.187500
vt 0.687500 0.625000
vt 0.687500 0.125000
vt 0.687500 0.562500
vt 0.687500 0.062500
vt 0.703125 1.000000
vt 0.703125 0.000000
vt 0.656250 0.250000
vt 0.656250 0.187500
vt 0.656250 0.687500
vt 0.656250 0.625000
vt 0.656250 0.125000
vt 0.656250 0.562500
vt 0.656250 0.062500
vt 0.656250 0.500000
vt 0.671875 1.000000
vt 0.656250 0.937500
vt 0.671875 0.000000
vt 0.656250 0.437500
vt 0.656250 0.875000
vt 0.656250 0.375000
vt 0.656250 0.812500
vt 0.656250 0.312500
vt 0.656250 0.750000
vt 0.625000 0.437500
vt 0.625000 0.375000
vt 0.625000 0.875000
vt 0.625000 0.812500
vt 0.625000 0.312500
vt 0.625000 0.750000
vt 0.625000 0.250000
vt 0.625000 0.687500
vt 0.625000 0.187500
vt 0.625000 0.625000
vt 0.625000 0.125000
vt 0.625000 0.562500
vt 0.625000 0.062500
vt 0.625000 0.500000
vt 0.640625 1.000000
vt 0.625000 0.937500
vt 0.640625 0.000000
vt 0.593750 0.187500
vt 0.593750 0.125000
vt 0.593750 0.625000
vt 0.593750 0.562500
vt 0.593750 0.062500
vt 0.593750 0.500000
vt 0.609375 1.000000
vt 0.593750 0.937500
vt 0.609375 0.000000
vt 0.593750 0.437500
vt 0.593750 0.875000
vt 0.593750 0.375000
vt 0.593750 0.812500
vt 0.593750 0.312500
vt 0.593750 0.750000
vt 0.593750 0.250000
vt 0.593750 0.687500
vt 0.562500 0.875000
vt 0.562500 0.812500
vt 0.562500 0.375000
vt 0.562500 0.312500
vt 0.562500 0.750000
vt 0.562500 0.250000
vt 0.562500 0.687500
vt 0.562500 0.187500
vt 0.562500 0.625000
vt 0.562500 0.125000
vt 0.562500 0.562500
vt 0.562500 0.062500
vt 0.562500 0.500000
vt 0.578125 1.000000
vt 0.562500 0.937500
vt 0.578125 0.000000
vt 0.562500 0.437500
vt 0.531250 0.625000
vt 0.531250 0.562500
vt 0.531250 0.125000
vt 0.531250 0.062500
vt 0.531250 0.500000
vt 0.546875 1.000000
vt 0.531250 0.937500
vt 0.546875 0.000000
vt 0.531250 0.437500
vt 0.531250 0.875000
vt 0.531250 0.375000
vt 0.531250 0.812500
vt 0.531250 0.312500
vt 0.531250 0.750000
vt 0.531250 0.250000
vt 0.531250 0.687500
vt 0.531250 0.187500
vt 0.500000 0.375000
vt 0.500000 0.312500
vt 0.500000 0.812500
vt 0.500000 0.750000
vt 0.500000 0.250000
vt 0.500000 0.687500
vt 0.500000 0.187500
vt 0.500000 0.625000
vt 0.500000 0.125000
vt 0.500000 0.562500
vt 0.500000 0.062500
vt 0.500000 0.500000
vt 0.515625 1.000000
vt 0.500000 0.937500
vt 0.515625 0.000000
vt 0.500000 0.437500
vt 0.500000 0.875000
vt 0.468750 0.125000
vt 0.468750 0.062500
vt 0.468750 0.562500
vt 0.468750 0.500000
vt 0.484375 1.000000
vt 0.468750 0.937500
vt 0.484375 0.000000
vt 0.468750 0.437500
vt 0.468750 0.875000
vt 0.468750 0.375000
vt 0.468750 0.812500
vt 0.468750 0.312500
vt 0.468750 0.750000
vt 0.468750 0.250000
vt 0.468750 0.687500
vt 0.468750 0.187500
vt 0.468750 0.625000
vt 0.437500 0.812500
vt 0.437500 0.750000
vt 0.437500 0.312500
vt 0.437500 0.250000
vt 0.437500 0.687500
vt 0.437500 0.187500
vt 0.437500 0.625000
vt 0.437500 0.125000
vt 0.437500 0.562500
vt 0.437500 0.062500
vt 0.437500 0.500000
vt 0.453125 1.000000
vt 0.437500 0.937500
vt 0.453125 0.000000
vt 0.437500 0.437500
vt 0.437500 0.875000
vt 0.437500 0.375000
vt 0.406250 0.562500
vt 0.406250 0.500000
vt 0.421875 1.000000
vt 0.406250 0.937500
vt 0.421875 0.000000
vt 0.406250 0.062500
vt 0.406250 0.437500
vt 0.406250 0.875000
vt 0.406250 0.375000
vt 0.406250 0.812500
vt 0.406250 0.312500
vt 0.406250 0.750000
vt 0.406250 0.250000
vt 0.406250 0.687500
vt 0.406250 0.187500
vt 0.406250 0.625000
vt 0.406250 0.125000
vt 0.375000 0.312500
vt 0.375000 0.250000
vt 0.375000 0.750000
vt 0.375000 0.687500
vt 0.375000 0.187500
vt 0.375000 0.625000
vt 0.375000 0.125000
vt 0.375000 0.562500
vt 0.375000 0.062500
vt 0.375000 0.500000
vt 0.390625 1.000000
vt 0.375000 0.937500
vt 0.390625 0.000000
vt 0.375000 0.437500
vt 0.375000 0.875000
vt 0.375000 0.375000
vt 0.375000 0.812500
vt 0.359375 0.000000
vt 0.343750 0.062500
vt 0.343750 0.500000
vt 0.343750 0.437500
vt 0.343750 0.937500
vt 0.343750 0.875000
vt 0.343750 0.375000
vt 0.343750 0.812500
vt 0.343750 0.312500
vt 0.343750 0.750000
vt 0.343750 0.250000
vt 0.343750 0.687500
vt 0.343750 0.187500
vt 0.343750 0.625000
vt 0.343750 0.125000
vt 0.343750 0.562500
vt 0.359375 1.000000
vt 0.312500 0.250000
vt 0.312500 0.187500
vt 0.312500 0.687500
vt 0.312500 0.625000
vt 0.312500 0.125000
vt 0.312500 0.562500
vt 0.312500 0.062500
vt 0.312500 0.500000
vt 0.328125 1.000000
vt 0.312500 0.937500
vt 0.328125 0.000000
vt 0.312500 0.437500
vt 0.312500 0.875000
vt 0.312500 0.375000
vt 0.312500 0.812500
vt 0.312500 0.312500
vt 0.312500 0.750000
vt 0.281250 0.937500
vt 0.281250 0.875000
vt 0.281250 0.437500
vt 0.281250 0.375000
vt 0.281250 0.812500
vt 0.281250 0.312500
vt 0.281250 0.750000
vt 0.281250 0.250000
vt 0.281250 0.687500
vt 0.281250 0.187500
vt 0.281250 0.625000
vt 0.281250 0.125000
vt 0.281250 0.562500
vt 0.281250 0.062500
vt 0.281250 0.500000
vt 0.296875 1.000000
vt 0.296875 0.000000
vt 0.250000 0.687500
vt 0.250000 0.625000
vt 0.250000 0.187500
vt 0.250000 0.125000
vt 0.250000 0.562500
vt 0.250000 0.062500
vt 0.250000 0.500000
vt 0.265625 1.000000
vt 0.250000 0.937500
vt 0.265625 0.000000
vt 0.250000 0.437500
vt 0.250000 0.875000
vt 0.250000 0.375000
vt 0.250000 0.812500
vt 0.250000 0.312500
vt 0.250000 0.750000
vt 0.250000 0.250000
vt 0.218750 0.437500
vt 0.218750 0.375000
vt 0.218750 0.875000
vt 0.218750 0.812500
vt 0.218750 0.312500
vt 0.218750 0.750000
vt 0.218750 0.250000
vt 0.218750 0.687500
vt 0.218750 0.187500
vt 0.218750 0.625000
vt 0.218750 0.125000
vt 0.218750 0.562500
vt 0.218750 0.062500
vt 0.218750 0.500000
vt 0.234375 1.000000
vt 0.218750 0.937500
vt 0.234375 0.000000
vt 0.187500 0.187500
vt 0.187500 0.125000
vt 0.187500 0.625000
vt 0.187500 0.562500
vt 0.187500 0.062500
vt 0.187500 0.500000
vt 0.203125 1.000000
vt 0.187500 0.937500
vt 0.203125 0.000000
vt 0.187500 0.437500
vt 0.187500 0.875000
vt 0.187500 0.375000
vt 0.187500 0.812500
vt 0.187500 0.312500
vt 0.187500 0.750000
vt 0.187500 0.250000
vt 0.187500 0.687500
vt 0.156250 0.875000
vt 0.156250 0.812500
vt 0.156250 0.375000
vt 0.156250 0.312500
vt 0.156250 0.750000
vt 0.156250 0.250000
vt 0.156250 0.687500
vt 0.156250 0.187500
vt 0.156250 0.625000
vt 0.156250 0.125000
vt 0.156250 0.562500
vt 0.156250 0.062500
vt 0.156250 0.500000
vt 0.171875 1.000000
vt 0.156250 0.937500
vt 0.171875 0.000000
vt 0.156250 0.437500
vt 0.125000 0.625000
vt 0.125000 0.562500
vt 0.125000 0.125000
vt 0.125000 0.062500
vt 0.125000 0.500000
vt 0.140625 1.000000
vt 0.125000 0.937500
vt 0.140625 0.000000
vt 0.125000 0.437500
vt 0.125000 0.875000
vt 0.125000 0.375000
vt 0.125000 0.812500
vt 0.125000 0.312500
vt 0.125000 0.750000
vt 0.125000 0.250000
vt 0.125000 0.687500
vt 0.125000 0.187500
vt 0.093750 0.375000
vt 0.093750 0.312500
vt 0.093750 0.812500
vt 0.093750 0.750000
vt 0.093750 0.250000
vt 0.093750 0.687500
vt 0.093750 0.187500
vt 0.093750 0.625000
vt 0.093750 0.125000
vt 0.093750 0.562500
vt 0.093750 0.062500
vt 0.093750 0.500000
vt 0.109375 1.000000
vt 0.093750 0.937500
vt 0.109375 0.000000
vt 0.093750 0.437500
vt 0.093750 0.875000
vt 0.062500 0.125000
vt 0.062500 0.062500
vt 0.062500 0.562500
vt 0.062500 0.500000
vt 0.078125 1.000000
vt 0.062500 0.937500
vt 0.078125 0.000000
vt 0.062500 0.437500
vt 0.062500 0.875000
vt 0.062500 0.375000
vt 0.062500 0.812500
vt 0.062500 0.312500
vt 0.062500 0.750000
vt 0.062500 0.250000
vt 0.062500 0.687500
vt 0.062500 0.187500
vt 0.062500 0.625000
vt 0.031250 0.312500
vt 0.031250 0.250000
vt 0.031250 0.750000
vt 0.031250 0.687500
vt 0.031250 0.187500
vt 0.031250 0.625000
vt 0.031250 0.125000
vt 0.031250 0.562500
vt 0.031250 0.062500
vt 0.031250 0.500000
vt 0.046875 1.000000
vt 0.031250 0.937500
vt 0.046875 0.000000
vt 0.031250 0.437500
vt 0.031250 0.875000
vt 0.031250 0.375000
vt 0.031250 0.812500
vt 0.015625 1.000000
vt 0.000000 0.937500
vt 0.015625 0.000000
vt 0.000000 0.062500
vt 0.000000 0.500000
vt 0.000000 0.437500
vt 0.000000 0.875000
vt 0.000000 0.375000
vt 0.000000 0.812500
vt 0.000000 0.312500
vt 0.000000 0.750000
vt 0.000000 0.250000
vt 0.000000 0.687500
vt 0.000000 0.187500
vt 0.000000 0.625000
vt 0.000000 0.125000
vt 0.000000 0.562500
vt 1.000000 0.687500
vt 1.000000 0.750000
vt 0.968750 0.750000
vt 0.968750 0.687500
vt 1.000000 0.187500
vt 1.000000 0.250000
vt 0.968750 0.250000
vt 0.968750 0.187500
vt 1.000000 0.625000
vt 0.968750 0.625000
vt 1.000000 0.125000
vt 0.968750 0.125000
vt 1.000000 0.562500
vt 0.968750 0.562500
vt 1.000000 0.062500
vt 0.968750 0.062500
vt 1.000000 0.500000
vt 0.968750 0.500000
vt 1.000000 0.937500
vt 0.984375 1.000000
vt 0.968750 0.937500
vt 0.984375 0.000000
vt 1.000000 0.437500
vt 0.968750 0.437500
vt 1.000000 0.875000
vt 0.968750 0.875000
vt 1.000000 0.375000
vt 0.968750 0.375000
vt 1.000000 0.812500
vt 0.968750 0.812500
vt 1.000000 0.312500
vt 0.968750 0.312500
vt 0.937500 0.500000
vt 0.937500 0.437500
vt 0.937500 0.937500
vt 0.937500 0.875000
vt 0.937500 0.375000
vt 0.937500 0.812500
vt 0.937500 0.312500
vt 0.937500 0.750000
vt 0.937500 0.250000
vt 0.937500 0.687500
vt 0.937500 0.187500
vt 0.937500 0.625000
vt 0.937500 0.125000
vt 0.937500 0.562500
vt 0.937500 0.062500
vt 0.953125 1.000000
vt 0.953125 0.000000
vt 0.906250 0.250000
vt 0.906250 0.187500
vt 0.906250 0.687500
vt 0.906250 0.625000
vt 0.906250 0.125000
vt 0.906250 0.562500
vt 0.906250 0.062500
vt 0.906250 0.500000
vt 0.921875 1.000000
vt 0.906250 0.937500
vt 0.921875 0.000000
vt 0.906250 0.437500
vt 0.906250 0.875000
vt 0.906250 0.375000
vt 0.906250 0.812500
vt 0.906250 0.312500
vt 0.906250 0.750000
vt 0.875000 0.937500
vt 0.875000 0.875000
vt 0.875000 0.437500
vt 0.875000 0.375000
vt 0.875000 0.812500
vt 0.875000 0.312500
vt 0.875000 0.750000
vt 0.875000 0.250000
vt 0.875000 0.687500
vt 0.875000 0.187500
vt 0.875000 0.625000
vt 0.875000 0.125000
vt 0.875000 0.562500
vt 0.875000 0.062500
vt 0.875000 0.500000
vt 0.890625 1.000000
vt 0.890625 0.000000
vt 0.843750 0.687500
vt 0.843750 0.625000
vt 0.843750 0.187500
vt 0.843750 0.125000
vt 0.843750 0.562500
vt 0.843750 0.062500
vt 0.843750 0.500000
vt 0.859375 1.000000
vt 0.843750 0.937500
vt 0.859375 0.000000
vt 0.843750 0.437500
vt 0.843750 0.875000
vt 0.843750 0.375000
vt 0.843750 0.812500
vt 0.843750 0.312500
vt 0.843750 0.750000
vt 0.843750 0.250000
vt 0.812500 0.437500
vt 0.812500 0.375000
vt 0.812500 0.875000
vt 0.812500 0.812500
vt 0.812500 0.312500
vt 0.812500 0.750000
vt 0.812500 0.250000
vt 0.812500 0.687500
vt 0.812500 0.187500
vt 0.812500 0.625000
vt 0.812500 0.125000
vt 0.812500 0.562500
vt 0.812500 0.062500
vt 0.812500 0.500000
vt 0.828125 1.000000
vt 0.812500 0.937500
vt 0.828125 0.000000
vt 0.781250 0.187500
vt 0.781250 0.125000
vt 0.781250 0.625000
vt 0.781250 0.562500
vt 0.781250 0.062500
vt 0.781250 0.500000
vt 0.796875 1.000000
vt 0.781250 0.937500
vt 0.796875 0.000000
vt 0.781250 0.437500
vt 0.781250 0.875000
vt 0.781250 0.375000
vt 0.781250 0.812500
vt 0.781250 0.312500
vt 0.781250 0.750000
vt 0.781250 0.250000
vt 0.781250 0.687500
vt 0.765625 1.000000
vt 0.765625 0.000000
s 1
usemtl マテリアル.003
f 1/1/1 475/2/1 8/3/1 9/4/1
f 6/5/2 478/6/2 16/7/2 17/8/2
f 476/9/3 1/1/3 9/4/3 10/10/3
f 479/11/4 6/5/4 17/8/4 18/12/4
f 2/13/5 476/9/5 10/10/5 11/14/5
f 480/15/6 479/11/6 18/12/6 19/16/6
f 477/17/7 2/13/7 11/14/7 12/18/7
f 481/19/8 480/15/8 19/16/8 20/20/8
f 3/21/9 477/17/9 12/18/9 13/22/9
f 482/23/10 481/19/10 20/20/10 21/24/10
f 4/25/11 3/21/11 13/22/11 14/26/11
f 474/27/12 82/28/12 7/29/12
f 308/30/13 482/23/13 21/24/13
f 5/31/14 4/25/14 14/26/14 15/32/14
f 475/2/15 474/27/15 7/29/15 8/3/15
f 478/6/16 5/31/16 15/32/16 16/7/16
f 15/32/17 14/26/17 29/33/17 30/34/17
f 8/3/18 7/29/18 22/35/18 23/36/18
f 16/7/19 15/32/19 30/34/19 31/37/19
f 9/4/20 8/3/20 23/36/20 24/38/20
f 17/8/21 16/7/21 31/37/21 32/39/21
f 10/10/22 9/4/22 24/38/22 25/40/22
f 18/12/23 17/8/23 32/39/23 33/41/23
f 11/14/24 10/10/24 25/40/24 26/42/24
f 19/16/25 18/12/25 33/41/25 34/43/25
f 12/18/26 11/14/26 26/42/26 27/44/26
f 20/20/27 19/16/27 34/43/27 35/45/27
f 13/22/28 12/18/28 27/44/28 28/46/28
f 21/24/29 20/20/29 35/45/29 36/47/29
f 14/26/30 13/22/30 28/46/30 29/33/30
f 7/29/31 82/48/31 22/35/31
f 308/49/32 21/24/32 36/47/32
f 34/43/33 33/41/33 48/50/33 49/51/33
f 27/44/34 26/42/34 41/52/34 42/53/34
f 35/45/35 34/43/35 49/51/35 50/54/35
f 28/46/36 27/44/36 42/53/36 43/55/36
f 36/47/37 35/45/37 50/54/37 51/56/37
f 29/33/38 28/46/38 43/55/38 44/57/38
f 22/35/39 82/58/39 37/59/39
f 308/60/40 36/47/40 51/56/40
f 30/34/41 29/33/41 44/57/41 45/61/41
f 23/36/42 22/35/42 37/59/42 38/62/42
f 31/37/43 30/34/43 45/61/43 46/63/43
f 24/38/44 23/36/44 38/62/44 39/64/44
f 32/39/45 31/37/45 46/63/45 47/65/45
f 25/40/46 24/38/46 39/64/46 40/66/46
f 33/41/47 32/39/47 47/65/47 48/50/47
f 26/42/48 25/40/48 40/66/48 41/52/48
f 46/63/49 45/61/49 60/67/49 61/68/49
f 39/64/50 38/62/50 53/69/50 54/70/50
f 47/65/51 46/63/51 61/68/51 62/71/51
f 40/66/52 39/64/52 54/70/52 55/72/52
f 48/50/53 47/65/53 62/71/53 63/73/53
f 41/52/54 40/66/54 55/72/54 56/74/54
f 49/51/55 48/50/55 63/73/55 64/75/55
f 42/53/56 41/52/56 56/74/56 57/76/56
f 50/54/57 49/51/57 64/75/57 65/77/57
f 43/55/58 42/53/58 57/76/58 58/78/58
f 51/56/59 50/54/59 65/77/59 66/79/59
f 44/57/60 43/55/60 58/78/60 59/80/60
f 37/59/61 82/81/61 52/82/61
f 308/83/62 51/56/62 66/79/62
f 45/61/63 44/57/63 59/80/63 60/67/63
f 38/62/64 37/59/64 52/82/64 53/69/64
f 65/77/65 64/75/65 79/84/65 80/85/65
f 58/78/66 57/76/66 72/86/66 73/87/66
f 66/79/67 65/77/67 80/85/67 81/88/67
f 59/80/68 58/78/68 73/87/68 74/89/68
f 52/82/69 82/90/69 67/91/69
f 308/92/70 66/79/70 81/88/70
f 60/67/71 59/80/71 74/89/71 75/93/71
f 53/69/72 52/82/72 67/91/72 68/94/72
f 61/68/73 60/67/73 75/93/73 76/95/73
f 54/70/74 53/69/74 68/94/74 69/96/74
f 62/71/75 61/68/75 76/95/75 77/97/75
f 55/72/76 54/70/76 69/96/76 70/98/76
f 63/73/77 62/71/77 77/97/77 78/99/77
f 56/74/78 55/72/78 70/98/78 71/100/78
f 64/75/79 63/73/79 78/99/79 79/84/79
f 57/76/80 56/74/80 71/100/80 72/86/80
f 69/96/81 68/94/81 84/101/81 85/102/81
f 77/97/82 76/95/82 92/103/82 93/104/82
f 70/98/83 69/96/83 85/102/83 86/105/83
f 78/99/84 77/97/84 93/104/84 94/106/84
f 71/100/85 70/98/85 86/105/85 87/107/85
f 79/84/86 78/99/86 94/106/86 95/108/86
f 72/86/87 71/100/87 87/107/87 88/109/87
f 80/85/88 79/84/88 95/108/88 96/110/88
f 73/87/89 72/86/89 88/109/89 89/111/89
f 81/88/90 80/85/90 96/110/90 97/112/90
f 74/89/91 73/87/91 89/111/91 90/113/91
f 67/91/92 82/114/92 83/115/92
f 308/116/93 81/88/93 97/112/93
f 75/93/94 74/89/94 90/113/94 91/117/94
f 68/94/95 67/91/95 83/115/95 84/101/95
f 76/95/96 75/93/96 91/117/96 92/103/96
f 89/111/97 88/109/97 103/118/97 104/119/97
f 97/112/98 96/110/98 111/120/98 112/121/98
f 90/113/99 89/111/99 104/119/99 105/122/99
f 83/115/100 82/123/100 98/124/100
f 308/125/101 97/112/101 112/121/101
f 91/117/102 90/113/102 105/122/102 106/126/102
f 84/101/103 83/115/103 98/124/103 99/127/103
f 92/103/104 91/117/104 106/126/104 107/128/104
f 85/102/105 84/101/105 99/127/105 100/129/105
f 93/104/106 92/103/106 107/128/106 108/130/106
f 86/105/107 85/102/107 100/129/107 101/131/107
f 94/106/108 93/104/108 108/130/108 109/132/108
f 87/107/109 86/105/109 101/131/109 102/133/109
f 95/108/110 94/106/110 109/132/110 110/134/110
f 88/109/111 87/107/111 102/133/111 103/118/111
f 96/110/112 95/108/112 110/134/112 111/120/112
f 108/130/113 107/128/113 122/135/113 123/136/113
f 101/131/114 100/129/114 115/137/114 116/138/114
f 109/132/115 108/130/115 123/136/115 124/139/115
f 102/133/116 101/131/116 116/138/116 117/140/116
f 110/134/117 109/132/117 124/139/117 125/141/117
f 103/118/118 102/133/118 117/140/118 118/142/118
f 111/120/119 110/134/119 125/141/119 126/143/119
f 104/119/120 103/118/120 118/142/120 119/144/120
f 112/121/121 111/120/121 126/143/121 127/145/121
f 105/122/122 104/119/122 119/144/122 120/146/122
f 98/124/123 82/147/123 113/148/123
f 308/149/124 112/121/124 127/145/124
f 106/126/125 105/122/125 120/146/125 121/150/125
f 99/127/126 98/124/126 113/148/126 114/151/126
f 107/128/127 106/126/127 121/150/127 122/135/127
f 100/129/128 99/127/128 114/151/128 115/137/128
f 127/145/129 126/143/129 141/152/129 142/153/129
f 120/146/130 119/144/130 134/154/130 135/155/130
f 113/148/131 82/156/131 128/157/131
f 308/158/132 127/145/132 142/153/132
f 121/150/133 120/146/133 135/155/133 136/159/133
f 114/151/134 113/148/134 128/157/134 129/160/134
f 122/135/135 121/150/135 136/159/135 137/161/135
f 115/137/136 114/151/136 129/160/136 130/162/136
f 123/136/137 122/135/137 137/161/137 138/163/137
f 116/138/138 115/137/138 130/162/138 131/164/138
f 124/139/139 123/136/139 138/163/139 139/165/139
f 117/140/140 116/138/140 131/164/140 132/166/140
f 125/141/141 124/139/141 139/165/141 140/167/141
f 118/142/142 117/140/142 132/166/142 133/168/142
f 126/143/143 125/141/143 140/167/143 141/152/143
f 119/144/144 118/142/144 133/168/144 134/154/144
f 131/164/145 130/162/145 145/169/145 146/170/145
f 139/165/146 138/163/146 153/171/146 154/172/146
f 132/166/147 131/164/147 146/170/147 147/173/147
f 140/167/148 139/165/148 154/172/148 155/174/148
f 133/168/149 132/166/149 147/173/149 148/175/149
f 141/152/150 140/167/150 155/174/150 156/176/150
f 134/154/151 133/168/151 148/175/151 149/177/151
f 142/153/152 141/152/152 156/176/152 157/178/152
f 135/155/153 134/154/153 149/177/153 150/179/153
f 128/157/154 82/180/154 143/181/154
f 308/182/155 142/153/155 157/178/155
f 136/159/156 135/155/156 150/179/156 151/183/156
f 129/160/157 128/157/157 143/181/157 144/184/157
f 137/161/158 136/159/158 151/183/158 152/185/158
f 130/162/159 129/160/159 144/184/159 145/169/159
f 138/163/160 137/161/160 152/185/160 153/171/160
f 150/179/161 149/177/161 164/186/161 165/187/161
f 143/181/162 82/188/162 158/189/162
f 308/190/163 157/178/163 172/191/163
f 151/183/164 150/179/164 165/187/164 166/192/164
f 144/184/165 143/181/165 158/189/165 159/193/165
f 152/185/166 151/183/166 166/192/166 167/194/166
f 145/169/167 144/184/167 159/193/167 160/195/167
f 153/171/168 152/185/168 167/194/168 168/196/168
f 146/170/169 145/169/169 160/195/169 161/197/169
f 154/172/170 153/171/170 168/196/170 169/198/170
f 147/173/171 146/170/171 161/197/171 162/199/171
f 155/174/172 154/172/172 169/198/172 170/200/172
f 148/175/173 147/173/173 162/199/173 163/201/173
f 156/176/174 155/174/174 170/200/174 171/202/174
f 149/177/175 148/175/175 163/201/175 164/186/175
f 157/178/176 156/176/176 171/202/176 172/191/176
f 169/198/177 168/196/177 183/203/177 184/204/177
f 162/199/178 161/197/178 176/205/178 177/206/178
f 170/200/179 169/198/179 184/204/179 185/207/179
f 163/201/180 162/199/180 177/206/180 178/208/180
f 171/202/181 170/200/181 185/207/181 186/209/181
f 164/186/182 163/201/182 178/208/182 179/210/182
f 172/191/183 171/202/183 186/209/183 187/211/183
f 165/187/184 164/186/184 179/210/184 180/212/184
f 158/189/185 82/213/185 173/214/185
f 308/215/186 172/191/186 187/211/186
f 166/192/187 165/187/187 180/212/187 181/216/187
f 159/193/188 158/189/188 173/214/188 174/217/188
f 167/194/189 166/192/189 181/216/189 182/218/189
f 160/195/190 159/193/190 174/217/190 175/219/190
f 168/196/191 167/194/191 182/218/191 183/203/191
f 161/197/192 160/195/192 175/219/192 176/205/192
f 308/220/193 187/211/193 202/221/193
f 181/216/194 180/212/194 195/222/194 196/223/194
f 174/217/195 173/214/195 188/224/195 189/225/195
f 182/218/196 181/216/196 196/223/196 197/226/196
f 175/219/197 174/217/197 189/225/197 190/227/197
f 183/203/198 182/218/198 197/226/198 198/228/198
f 176/205/199 175/219/199 190/227/199 191/229/199
f 184/204/200 183/203/200 198/228/200 199/230/200
f 177/206/201 176/205/201 191/229/201 192/231/201
f 185/207/202 184/204/202 199/230/202 200/232/202
f 178/208/203 177/206/203 192/231/203 193/233/203
f 186/209/204 185/207/204 200/232/204 201/234/204
f 179/210/205 178/208/205 193/233/205 194/235/205
f 187/211/206 186/209/206 201/234/206 202/221/206
f 180/212/207 179/210/207 194/235/207 195/222/207
f 173/214/208 82/236/208 188/224/208
f 200/232/209 199/230/209 214/237/209 215/238/209
f 193/233/210 192/231/210 207/239/210 208/240/210
f 201/234/211 200/232/211 215/238/211 216/241/211
f 194/235/212 193/233/212 208/240/212 209/242/212
f 202/221/213 201/234/213 216/241/213 217/243/213
f 195/222/214 194/235/214 209/242/214 210/244/214
f 188/224/215 82/245/215 203/246/215
f 308/247/216 202/221/216 217/243/216
f 196/223/217 195/222/217 210/244/217 211/248/217
f 189/225/218 188/224/218 203/246/218 204/249/218
f 197/226/219 196/223/219 211/248/219 212/250/219
f 190/227/220 189/225/220 204/249/220 205/251/220
f 198/228/221 197/226/221 212/250/221 213/252/221
f 191/229/222 190/227/222 205/251/222 206/253/222
f 199/230/223 198/228/223 213/252/223 214/237/223
f 192/231/224 191/229/224 206/253/224 207/239/224
f 204/249/225 203/246/225 218/254/225 219/255/225
f 212/250/226 211/248/226 226/256/226 227/257/226
f 205/251/227 204/249/227 219/255/227 220/258/227
f 213/252/228 212/250/228 227/257/228 228/259/228
f 206/253/229 205/251/229 220/258/229 221/260/229
f 214/237/230 213/252/230 228/259/230 229/261/230
f 207/239/231 206/253/231 221/260/231 222/262/231
f 215/238/232 214/237/232 229/261/232 230/263/232
f 208/240/233 207/239/233 222/262/233 223/264/233
f 216/241/234 215/238/234 230/263/234 231/265/234
f 209/242/235 208/240/235 223/264/235 224/266/235
f 217/243/236 216/241/236 231/265/236 232/267/236
f 210/244/237 209/242/237 224/266/237 225/268/237
f 203/246/238 82/269/238 218/254/238
f 308/270/239 217/243/239 232/267/239
f 211/248/240 210/244/240 225/268/240 226/256/240
f 223/264/241 222/262/241 237/271/241 238/272/241
f 231/265/242 230/263/242 245/273/242 246/274/242
f 224/266/243 223/264/243 238/272/243 239/275/243
f 232/267/244 231/265/244 246/274/244 247/276/244
f 225/268/245 224/266/245 239/275/245 240/277/245
f 218/254/246 82/278/246 233/279/246
f 308/280/247 232/267/247 247/276/247
f 226/256/248 225/268/248 240/277/248 241/281/248
f 219/255/249 218/254/249 233/279/249 234/282/249
f 227/257/250 226/256/250 241/281/250 242/283/250
f 220/258/251 219/255/251 234/282/251 235/284/251
f 228/259/252 227/257/252 242/283/252 243/285/252
f 221/260/253 220/258/253 235/284/253 236/286/253
f 229/261/254 228/259/254 243/285/254 244/287/254
f 222/262/255 221/260/255 236/286/255 237/271/255
f 230/263/256 229/261/256 244/287/256 245/273/256
f 242/283/257 241/281/257 256/288/257 257/289/257
f 235/284/258 234/282/258 249/290/258 250/291/258
f 243/285/259 242/283/259 257/289/259 258/292/259
f 236/286/260 235/284/260 250/291/260 251/293/260
f 244/287/261 243/285/261 258/292/261 259/294/261
f 237/271/262 236/286/262 251/293/262 252/295/262
f 245/273/263 244/287/263 259/294/263 260/296/263
f 238/272/264 237/271/264 252/295/264 253/297/264
f 246/274/265 245/273/265 260/296/265 261/298/265
f 239/275/266 238/272/266 253/297/266 254/299/266
f 247/276/267 246/274/267 261/298/267 262/300/267
f 240/277/268 239/275/268 254/299/268 255/301/268
f 233/279/269 82/302/269 248/303/269
f 308/304/270 247/276/270 262/300/270
f 241/281/271 240/277/271 255/301/271 256/288/271
f 234/282/272 233/279/272 248/303/272 249/290/272
f 261/298/273 260/296/273 275/305/273 276/306/273
f 254/299/274 253/297/274 268/307/274 269/308/274
f 262/300/275 261/298/275 276/306/275 277/309/275
f 255/301/276 254/299/276 269/308/276 270/310/276
f 248/303/277 82/311/277 263/312/277
f 308/313/278 262/300/278 277/309/278
f 256/288/279 255/301/279 270/310/279 271/314/279
f 249/290/280 248/303/280 263/312/280 264/315/280
f 257/289/281 256/288/281 271/314/281 272/316/281
f 250/291/282 249/290/282 264/315/282 265/317/282
f 258/292/283 257/289/283 272/316/283 273/318/283
f 251/293/284 250/291/284 265/317/284 266/319/284
f 259/294/285 258/292/285 273/318/285 274/320/285
f 252/295/286 251/293/286 266/319/286 267/321/286
f 260/296/287 259/294/287 274/320/287 275/305/287
f 253/297/288 252/295/288 267/321/288 268/307/288
f 265/317/289 264/315/289 279/322/289 280/323/289
f 273/318/290 272/316/290 287/324/290 288/325/290
f 266/319/291 265/317/291 280/323/291 281/326/291
f 274/320/292 273/318/292 288/325/292 289/327/292
f 267/321/293 266/319/293 281/326/293 282/328/293
f 275/305/294 274/320/294 289/327/294 290/329/294
f 268/307/295 267/321/295 282/328/295 283/330/295
f 276/306/296 275/305/296 290/329/296 291/331/296
f 269/308/297 268/307/297 283/330/297 284/332/297
f 277/309/298 276/306/298 291/331/298 292/333/298
f 270/310/299 269/308/299 284/332/299 285/334/299
f 263/312/300 82/335/300 278/336/300
f 308/337/301 277/309/301 292/333/301
f 271/314/302 270/310/302 285/334/302 286/338/302
f 264/315/303 263/312/303 278/336/303 279/322/303
f 272/316/304 271/314/304 286/338/304 287/324/304
f 284/332/305 283/330/305 298/339/305 299/340/305
f 292/333/306 291/331/306 306/341/306 307/342/306
f 285/334/307 284/332/307 299/340/307 300/343/307
f 278/336/308 82/344/308 293/345/308
f 308/346/309 292/333/309 307/342/309
f 286/338/310 285/334/310 300/343/310 301/347/310
f 279/322/311 278/336/311 293/345/311 294/348/311
f 287/324/312 286/338/312 301/347/312 302/349/312
f 280/323/313 279/322/313 294/348/313 295/350/313
f 288/325/314 287/324/314 302/349/314 303/351/314
f 281/326/315 280/323/315 295/350/315 296/352/315
f 289/327/316 288/325/316 303/351/316 304/353/316
f 282/328/317 281/326/317 296/352/317 297/354/317
f 290/329/318 289/327/318 304/353/318 305/355/318
f 283/330/319 282/328/319 297/354/319 298/339/319
f 291/331/320 290/329/320 305/355/320 306/341/320
f 303/351/321 302/349/321 318/356/321 319/357/321
f 296/352/322 295/350/322 311/358/322 312/359/322
f 304/353/323 303/351/323 319/357/323 320/360/323
f 297/354/324 296/352/324 312/359/324 313/361/324
f 305/355/325 304/353/325 320/360/325 321/362/325
f 298/339/326 297/354/326 313/361/326 314/363/326
f 306/341/327 305/355/327 321/362/327 322/364/327
f 299/340/328 298/339/328 314/363/328 315/365/328
f 307/342/329 306/341/329 322/364/329 323/366/329
f 300/343/330 299/340/330 315/365/330 316/367/330
f 293/345/331 82/368/331 309/369/331
f 308/370/332 307/342/332 323/366/332
f 301/347/333 300/343/333 316/367/333 317/371/333
f 294/348/334 293/345/334 309/369/334 310/372/334
f 302/349/335 301/347/335 317/371/335 318/356/335
f 295/350/336 294/348/336 310/372/336 311/358/336
f 323/366/337 322/364/337 337/373/337 338/374/337
f 316/367/338 315/365/338 330/375/338 331/376/338
f 309/369/339 82/377/339 324/378/339
f 308/379/340 323/366/340 338/374/340
f 317/371/341 316/367/341 331/376/341 332/380/341
f 310/372/342 309/369/342 324/378/342 325/381/342
f 318/356/343 317/371/343 332/380/343 333/382/343
f 311/358/344 310/372/344 325/381/344 326/383/344
f 319/357/345 318/356/345 333/382/345 334/384/345
f 312/359/346 311/358/346 326/383/346 327/385/346
f 320/360/347 319/357/347 334/384/347 335/386/347
f 313/361/348 312/359/348 327/385/348 328/387/348
f 321/362/349 320/360/349 335/386/349 336/388/349
f 314/363/350 313/361/350 328/387/350 329/389/350
f 322/364/351 321/362/351 336/388/351 337/373/351
f 315/365/352 314/363/352 329/389/352 330/375/352
f 335/386/353 334/384/353 349/390/353 350/391/353
f 328/387/354 327/385/354 342/392/354 343/393/354
f 336/388/355 335/386/355 350/391/355 351/394/355
f 329/389/356 328/387/356 343/393/356 344/395/356
f 337/373/357 336/388/357 351/394/357 352/396/357
f 330/375/358 329/389/358 344/395/358 345/397/358
f 338/374/359 337/373/359 352/396/359 353/398/359
f 331/376/360 330/375/360 345/397/360 346/399/360
f 324/378/361 82/400/361 339/401/361
f 308/402/362 338/374/362 353/398/362
f 332/380/363 331/376/363 346/399/363 347/403/363
f 325/381/364 324/378/364 339/401/364 340/404/364
f 333/382/365 332/380/365 347/403/365 348/405/365
f 326/383/366 325/381/366 340/404/366 341/406/366
f 334/384/367 333/382/367 348/405/367 349/390/367
f 327/385/368 326/383/368 341/406/368 342/392/368
f 339/401/369 82/407/369 354/408/369
f 308/409/370 353/398/370 368/410/370
f 347/403/371 346/399/371 361/411/371 362/412/371
f 340/404/372 339/401/372 354/408/372 355/413/372
f 348/405/373 347/403/373 362/412/373 363/414/373
f 341/406/374 340/404/374 355/413/374 356/415/374
f 349/390/375 348/405/375 363/414/375 364/416/375
f 342/392/376 341/406/376 356/415/376 357/417/376
f 350/391/377 349/390/377 364/416/377 365/418/377
f 343/393/378 342/392/378 357/417/378 358/419/378
f 351/394/379 350/391/379 365/418/379 366/420/379
f 344/395/380 343/393/380 358/419/380 359/421/380
f 352/396/381 351/394/381 366/420/381 367/422/381
f 345/397/382 344/395/382 359/421/382 360/423/382
f 353/398/383 352/396/383 367/422/383 368/410/383
f 346/399/384 345/397/384 360/423/384 361/411/384
f 358/424/385 357/425/385 372/426/385 373/427/385
f 366/428/386 365/429/387 380/430/388 381/431/386
f 359/432/389 358/424/389 373/427/389 374/433/389
f 367/434/390 366/428/390 381/431/390 382/435/390
f 360/436/391 359/432/391 374/433/391 375/437/391
f 368/438/392 367/434/392 382/435/392 383/439/392
f 361/440/393 360/436/393 375/437/393 376/441/393
f 354/442/394 82/443/394 369/444/394
f 308/445/395 368/438/395 383/439/395
f 362/446/396 361/440/396 376/441/396 377/447/396
f 355/448/397 354/442/397 369/444/397 370/449/397
f 363/450/398 362/446/398 377/447/398 378/451/398
f 356/452/399 355/448/399 370/449/399 371/453/399
f 364/454/400 363/450/401 378/451/401 379/455/402
f 357/425/403 356/452/403 371/453/403 372/426/403
f 365/429/387 364/454/400 379/455/402 380/430/388
f 377/447/404 376/441/404 391/456/404 392/457/404
f 370/449/405 369/444/405 384/458/405 385/459/405
f 378/451/406 377/447/406 392/457/406 393/460/406
f 371/453/407 370/449/407 385/459/407 386/461/407
f 379/455/408 378/451/408 393/460/408 394/462/408
f 372/426/409 371/453/409 386/461/409 387/463/409
f 380/430/410 379/455/410 394/462/410 395/464/410
f 373/427/411 372/426/411 387/463/411 388/465/411
f 381/431/412 380/430/412 395/464/412 396/466/412
f 374/433/413 373/427/413 388/465/413 389/467/413
f 382/435/414 381/431/414 396/466/414 397/468/414
f 375/437/415 374/433/415 389/467/415 390/469/415
f 383/439/416 382/435/416 397/468/416 398/470/416
f 376/441/417 375/437/417 390/469/417 391/456/417
f 369/444/418 82/471/418 384/458/418
f 308/472/419 383/439/419 398/470/419
f 396/466/420 395/464/420 410/473/420 411/474/420
f 389/467/421 388/465/421 403/475/421 404/476/421
f 397/468/422 396/466/422 411/474/422 412/477/422
f 390/469/423 389/467/423 404/476/423 405/478/423
f 398/470/424 397/468/424 412/477/424 413/479/424
f 391/456/425 390/469/425 405/478/425 406/480/425
f 384/458/426 82/481/426 399/482/426
f 308/483/427 398/470/427 413/479/427
f 392/457/428 391/456/428 406/480/428 407/484/428
f 385/459/429 384/458/429 399/482/429 400/485/429
f 393/460/430 392/457/430 407/484/430 408/486/430
f 386/461/431 385/459/431 400/485/431 401/487/431
f 394/462/432 393/460/432 408/486/432 409/488/432
f 387/463/433 386/461/433 401/487/433 402/489/433
f 395/464/434 394/462/434 409/488/434 410/473/434
f 388/465/435 387/463/435 402/489/435 403/475/435
f 400/485/436 399/482/436 414/490/436 415/491/436
f 408/486/437 407/484/437 422/492/437 423/493/437
f 401/487/438 400/485/438 415/491/438 416/494/438
f 409/488/439 408/486/439 423/493/439 424/495/439
f 402/489/440 401/487/440 416/494/440 417/496/440
f 410/473/441 409/488/441 424/495/441 425/497/441
f 403/475/442 402/489/442 417/496/442 418/498/442
f 411/474/443 410/473/443 425/497/443 426/499/443
f 404/476/444 403/475/444 418/498/444 419/500/444
f 412/477/445 411/474/445 426/499/445 427/501/445
f 405/478/446 404/476/446 419/500/446 420/502/446
f 413/479/447 412/477/447 427/501/447 428/503/447
f 406/480/448 405/478/448 420/502/448 421/504/448
f 399/482/449 82/505/449 414/490/449
f 308/506/450 413/479/450 428/503/450
f 407/484/451 406/480/451 421/504/451 422/492/451
f 419/500/452 418/498/452 433/507/452 434/508/452
f 427/501/453 426/499/453 441/509/453 442/510/453
f 420/502/454 419/500/454 434/508/454 435/511/454
f 428/503/455 427/501/455 442/510/455 443/512/455
f 421/504/456 420/502/456 435/511/456 436/513/456
f 414/490/457 82/514/457 429/515/457
f 308/516/458 428/503/458 443/512/458
f 422/492/459 421/504/459 436/513/459 437/517/459
f 415/491/460 414/490/460 429/515/460 430/518/460
f 423/493/461 422/492/461 437/517/461 438/519/461
f 416/494/462 415/491/462 430/518/462 431/520/462
f 424/495/463 423/493/463 438/519/463 439/521/463
f 417/496/464 416/494/464 431/520/464 432/522/464
f 425/497/465 424/495/465 439/521/465 440/523/465
f 418/498/466 417/496/466 432/522/466 433/507/466
f 426/499/467 425/497/467 440/523/467 441/509/467
f 438/519/468 437/517/468 452/524/468 453/525/468
f 431/520/469 430/518/469 445/526/469 446/527/469
f 439/521/470 438/519/470 453/525/470 454/528/470
f 432/522/471 431/520/471 446/527/471 447/529/471
f 440/523/472 439/521/472 454/528/472 455/530/472
f 433/507/473 432/522/473 447/529/473 448/531/473
f 441/509/474 440/523/474 455/530/474 456/532/474
f 434/508/475 433/507/475 448/531/475 449/533/475
f 442/510/476 441/509/476 456/532/476 457/534/476
f 435/511/477 434/508/477 449/533/477 450/535/477
f 443/512/478 442/510/478 457/534/478 458/536/478
f 436/513/479 435/511/479 450/535/479 451/537/479
f 429/515/480 82/538/480 444/539/480
f 308/540/481 443/512/481 458/536/481
f 437/517/482 436/513/482 451/537/482 452/524/482
f 430/518/483 429/515/483 444/539/483 445/526/483
f 457/534/484 456/532/484 471/541/484 472/542/484
f 450/535/485 449/533/485 464/543/485 465/544/485
f 458/536/486 457/534/486 472/542/486 473/545/486
f 451/537/487 450/535/487 465/544/487 466/546/487
f 444/539/488 82/547/488 459/548/488
f 308/549/489 458/536/489 473/545/489
f 452/524/490 451/537/490 466/546/490 467/550/490
f 445/526/491 444/539/491 459/548/491 460/551/491
f 453/525/492 452/524/492 467/550/492 468/552/492
f 446/527/493 445/526/493 460/551/493 461/553/493
f 454/528/494 453/525/494 468/552/494 469/554/494
f 447/529/495 446/527/495 461/553/495 462/555/495
f 455/530/496 454/528/496 469/554/496 470/556/496
f 448/531/497 447/529/497 462/555/497 463/557/497
f 456/532/498 455/530/498 470/556/498 471/541/498
f 449/533/499 448/531/499 463/557/499 464/543/499
f 469/554/500 468/552/500 478/6/500 6/5/500
f 462/555/501 461/553/501 1/1/501 476/9/501
f 470/556/502 469/554/502 6/5/502 479/11/502
f 463/557/503 462/555/503 476/9/503 2/13/503
f 471/541/504 470/556/504 479/11/504 480/15/504
f 464/543/505 463/557/505 2/13/505 477/17/505
f 472/542/506 471/541/506 480/15/506 481/19/506
f 465/544/507 464/543/507 477/17/507 3/21/507
f 473/545/508 472/542/508 481/19/508 482/23/508
f 466/546/509 465/544/509 3/21/509 4/25/509
f 459/548/510 82/558/510 474/27/510
f 308/559/511 473/545/511 482/23/511
f 467/550/512 466/546/512 4/25/512 5/31/512
f 460/551/513 459/548/513 474/27/513 475/2/513
f 468/552/514 467/550/514 5/31/514 478/6/514
f 461/553/515 460/551/515 475/2/515 1/1/515
o 球.001
v 0.219854 0.581746 -0.017329
v 0.325780 0.448296 -0.025794
v 0.346708 0.270905 -0.028406
v 0.351373 0.180554 -0.027837
v 0.345313 0.091319 -0.026749
v 0.322542 -0.082305 -0.025424
v 0.077007 0.653423 0.010295
v 0.151054 0.626106 0.020195
v 0.219296 0.581746 0.029319
v 0.279111 0.522047 0.037315
v 0.325550 0.448491 0.043521
v 0.337061 0.360490 0.045461
v 0.348054 0.271158 0.048161
v 0.352709 0.181044 0.050295
v 0.347033 0.091286 0.049857
v 0.340844 0.002450 0.047945
v 0.328200 -0.084085 0.043878
v 0.279111 -0.156829 0.037315
v 0.219296 -0.216527 0.029319
v 0.151054 -0.260888 0.020195
v 0.077007 -0.288205 0.010295
v 0.073852 0.653423 0.026280
v 0.144865 0.626106 0.051551
v 0.210311 0.581746 0.074840
v 0.267676 0.522047 0.095253
v 0.313116 0.448774 0.111478
v 0.326552 0.361293 0.117764
v 0.347203 0.272532 0.125426
v 0.350035 0.181636 0.128910
v 0.346117 0.090435 0.127418
v 0.345263 -0.000136 0.123369
v 0.314753 -0.084085 0.112006
v 0.267676 -0.156829 0.095254
v 0.210311 -0.216527 0.074840
v 0.144865 -0.260888 0.051551
v 0.073852 -0.288205 0.026280
v 0.067859 0.653423 0.041255
v 0.133109 0.626106 0.080925
v 0.193244 0.581746 0.117485
v 0.245953 0.522047 0.149531
v 0.289210 0.449303 0.175829
v 0.306217 0.362800 0.188481
v 0.327109 0.273959 0.201031
v 0.347830 0.182609 0.211468
v 0.340855 0.088988 0.207287
v 0.321353 -0.001093 0.195371
v 0.289210 -0.084085 0.175829
v 0.245953 -0.156829 0.149531
v 0.193244 -0.216527 0.117485
v 0.133109 -0.260888 0.080925
v 0.067859 -0.288205 0.041255
v 0.059257 0.653423 0.054645
v 0.116238 0.626106 0.107190
v 0.168751 0.581746 0.155616
v 0.214779 0.522047 0.198062
v 0.252553 0.449303 0.232895
v 0.280622 0.366312 0.258779
v 0.297907 0.276260 0.274719
v 0.303743 0.182609 0.280101
v 0.297907 0.088959 0.274719
v 0.280622 -0.001093 0.258779
v 0.252553 -0.084085 0.232896
v 0.212640 -0.154886 0.195620
v 0.166188 -0.213354 0.152676
v 0.116238 -0.260888 0.107190
v 0.059257 -0.288205 0.054645
v 0.048380 0.653423 0.065935
v 0.094899 0.626106 0.129335
v 0.137772 0.581746 0.187766
v 0.175351 0.522047 0.238981
v 0.206191 0.449303 0.281012
v 0.229107 0.366312 0.312244
v 0.243219 0.276260 0.331476
v 0.247984 0.182609 0.337970
v 0.243219 0.088959 0.331476
v 0.229107 -0.001093 0.312244
v 0.206090 -0.084003 0.280851
v 0.167829 -0.147434 0.225903
v 0.131129 -0.206678 0.176407
v 0.094899 -0.260888 0.129335
v 0.048380 -0.288205 0.065935
v 0.000000 0.662647 -0.000000
v 0.035642 0.653423 0.074691
v 0.069914 0.626106 0.146511
v 0.101499 0.581746 0.212701
v 0.129184 0.522047 0.270716
v 0.151905 0.449303 0.318329
v 0.168788 0.366312 0.353708
v 0.179184 0.276260 0.375494
v 0.182694 0.182609 0.382851
v 0.179184 0.088959 0.375494
v 0.168788 -0.001093 0.353708
v 0.148683 -0.079950 0.309647
v 0.121000 -0.143484 0.249893
v 0.094872 -0.203953 0.196419
v 0.069914 -0.260886 0.146510
v 0.035642 -0.288205 0.074691
v 0.021535 0.653423 0.080576
v 0.042242 0.626106 0.158056
v 0.061326 0.581746 0.229460
v 0.078053 0.522047 0.292048
v 0.091781 0.449303 0.343413
v 0.101981 0.366312 0.381580
v 0.108263 0.276260 0.405083
v 0.110384 0.182609 0.413019
v 0.108263 0.088959 0.405083
v 0.101981 -0.001093 0.381580
v 0.088777 -0.077221 0.328094
v 0.072406 -0.142265 0.267159
v 0.057018 -0.204067 0.211981
v 0.042242 -0.260888 0.158056
v 0.021535 -0.288205 0.080576
v 0.006600 0.653423 0.083365
v 0.012947 0.626106 0.163526
v 0.018796 0.581746 0.237404
v 0.023922 0.522047 0.302157
v 0.028130 0.449303 0.355300
v 0.031256 0.366312 0.394788
v 0.033181 0.276260 0.419105
v 0.033832 0.182609 0.427315
v 0.033181 0.088959 0.419105
v 0.031256 -0.001093 0.394788
v 0.027158 -0.075312 0.335161
v 0.022498 -0.143715 0.277915
v 0.017809 -0.207828 0.224531
v 0.012947 -0.260888 0.163526
v 0.006600 -0.288205 0.083365
v -0.008588 0.653423 0.082951
v -0.016846 0.626106 0.162713
v -0.024457 0.581746 0.236222
v -0.031127 0.522047 0.300654
v -0.036602 0.449303 0.353532
v -0.040670 0.366312 0.392824
v -0.043175 0.276260 0.417020
v -0.044021 0.182609 0.425190
v -0.043175 0.088959 0.417020
v -0.040670 -0.001093 0.392824
v -0.034551 -0.074848 0.332356
v -0.029224 -0.145677 0.279197
v -0.024094 -0.212978 0.230929
v -0.016846 -0.260888 0.162713
v -0.008588 -0.288205 0.082951
v -0.023446 0.653423 0.079348
v -0.045992 0.626106 0.155647
v -0.066769 0.581746 0.225964
v -0.084981 0.522047 0.287597
v -0.099927 0.449303 0.338179
v -0.111034 0.366312 0.375764
v -0.117873 0.276260 0.398909
v -0.120182 0.182609 0.406725
v -0.117873 0.088959 0.398909
v -0.110999 -0.001053 0.375640
v -0.095350 -0.075792 0.319578
v -0.080872 -0.147770 0.270477
v -0.066769 -0.216527 0.225964
v -0.045992 -0.260888 0.155647
v -0.023446 -0.288205 0.079348
v -0.037403 0.653423 0.072696
v -0.073369 0.626106 0.142599
v -0.106516 0.581746 0.207021
v -0.135569 0.522047 0.263489
v -0.159413 0.449303 0.309830
v -0.177130 0.366312 0.344264
v -0.188040 0.276260 0.365468
v -0.191724 0.182609 0.372629
v -0.188040 0.088959 0.365469
v -0.177130 -0.001093 0.344264
v -0.154535 -0.078474 0.297662
v -0.131534 -0.151016 0.253313
v -0.106516 -0.216527 0.207021
v -0.073369 -0.260888 0.142599
v -0.037403 -0.288205 0.072696
v -0.049923 0.653423 0.063251
v -0.097928 0.626106 0.124071
v -0.142169 0.581746 0.180123
v -0.180947 0.522047 0.229254
v -0.212771 0.449303 0.269574
v -0.236419 0.366312 0.299534
v -0.250981 0.276260 0.317984
v -0.255898 0.182609 0.324213
v -0.250981 0.088959 0.317984
v -0.236419 -0.001093 0.299534
v -0.212707 -0.084040 0.269481
v -0.180845 -0.156723 0.229103
v -0.142169 -0.216527 0.180123
v -0.097928 -0.260888 0.124071
v -0.049923 -0.288205 0.063251
v -0.060525 0.653423 0.051375
v -0.118723 0.626106 0.100775
v -0.172359 0.581746 0.146303
v -0.219372 0.522047 0.186209
v -0.257954 0.449303 0.218958
v -0.286623 0.366312 0.243293
v -0.304277 0.276260 0.258278
v -0.310238 0.182609 0.263338
v -0.304277 0.088959 0.258278
v -0.286623 -0.001093 0.243293
v -0.257954 -0.084085 0.218958
v -0.219372 -0.156829 0.186209
v -0.172359 -0.216527 0.146303
v -0.118723 -0.260888 0.100775
v -0.060525 -0.288205 0.051375
v -0.068800 0.653423 0.037525
v -0.134956 0.626106 0.073607
v -0.195925 0.581746 0.106861
v -0.249366 0.522047 0.136008
v -0.293223 0.449303 0.159928
v -0.325812 0.366312 0.177703
v -0.345881 0.276260 0.188648
v -0.352656 0.182609 0.192344
v -0.345881 0.088959 0.188648
v -0.325812 -0.001093 0.177703
v -0.293223 -0.084085 0.159928
v -0.249366 -0.156829 0.136008
v -0.195925 -0.216527 0.106861
v -0.134956 -0.260888 0.073607
v -0.068800 -0.288205 0.037525
v -0.074431 0.653423 0.022232
v -0.146002 0.626106 0.043610
v -0.211963 0.581746 0.063311
v -0.269777 0.522047 0.080580
v -0.317224 0.449303 0.094753
v -0.352481 0.366312 0.105283
v -0.374192 0.276260 0.111768
v -0.381523 0.182609 0.113958
v -0.374192 0.088959 0.111768
v -0.352481 -0.001093 0.105284
v -0.317224 -0.084085 0.094753
v -0.269777 -0.156829 0.080580
v -0.211963 -0.216527 0.063311
v -0.146002 -0.260888 0.043610
v -0.074431 -0.288205 0.022232
v -0.077202 0.653423 0.006085
v -0.151437 0.626106 0.011936
v -0.219854 0.581746 0.017329
v -0.279820 0.522047 0.022056
v -0.329034 0.449303 0.025935
v -0.365603 0.366312 0.028818
v -0.388123 0.276260 0.030593
v -0.395726 0.182609 0.031192
v -0.388123 0.088959 0.030593
v -0.365603 -0.001093 0.028818
v -0.329034 -0.084085 0.025935
v -0.279820 -0.156829 0.022056
v -0.219854 -0.216527 0.017329
v -0.151438 -0.260888 0.011937
v -0.077203 -0.288205 0.006085
v -0.077007 0.653423 -0.010295
v -0.151054 0.626106 -0.020195
v -0.219296 0.581746 -0.029319
v -0.279111 0.522047 -0.037315
v -0.328200 0.449303 -0.043878
v -0.364676 0.366312 -0.048755
v -0.387138 0.276260 -0.051758
v -0.394723 0.182609 -0.052772
v -0.387138 0.088959 -0.051758
v -0.364676 -0.001093 -0.048755
v -0.328200 -0.084085 -0.043878
v -0.279111 -0.156829 -0.037315
v -0.219296 -0.216527 -0.029319
v -0.151054 -0.260888 -0.020195
v -0.077007 -0.288205 -0.010295
v -0.073852 0.653423 -0.026281
v -0.144865 0.626106 -0.051551
v -0.210311 0.581746 -0.074840
v -0.267676 0.522047 -0.095254
v -0.314753 0.449303 -0.112006
v -0.349734 0.366312 -0.124454
v -0.371277 0.276260 -0.132120
v -0.378550 0.182609 -0.134709
v -0.371277 0.088959 -0.132120
v -0.349734 -0.001093 -0.124454
v -0.314753 -0.084085 -0.112006
v -0.267676 -0.156829 -0.095254
v -0.210311 -0.216527 -0.074840
v -0.144865 -0.260888 -0.051551
v -0.073852 -0.288205 -0.026280
v -0.067859 0.653423 -0.041255
v -0.133109 0.626106 -0.080925
v -0.193244 0.581746 -0.117485
v -0.245953 0.522047 -0.149531
v -0.289210 0.449303 -0.175829
v -0.321353 0.366312 -0.195371
v -0.341146 0.276260 -0.207405
v -0.347830 0.182609 -0.211468
v -0.341146 0.088959 -0.207405
v -0.321353 -0.001093 -0.195371
v -0.289210 -0.084085 -0.175829
v -0.245953 -0.156829 -0.149531
v -0.193244 -0.216527 -0.117485
v -0.133109 -0.260888 -0.080925
v -0.067859 -0.288205 -0.041255
v -0.059257 0.653423 -0.054645
v -0.116237 0.626106 -0.107190
v -0.168751 0.581746 -0.155616
v -0.214778 0.522047 -0.198062
v -0.252553 0.449303 -0.232896
v -0.280622 0.366312 -0.258779
v -0.297907 0.276260 -0.274719
v -0.303743 0.182609 -0.280101
v -0.297907 0.088959 -0.274719
v -0.280622 -0.001093 -0.258779
v -0.252553 -0.084085 -0.232896
v -0.214778 -0.156829 -0.198062
v -0.168751 -0.216527 -0.155616
v -0.116237 -0.260888 -0.107190
v -0.059257 -0.288205 -0.054645
v 0.000000 -0.297428 0.000000
v -0.048379 0.653423 -0.065935
v -0.094899 0.626106 -0.129336
v -0.137772 0.581746 -0.187766
v -0.175351 0.522047 -0.238981
v -0.206190 0.449303 -0.281012
v -0.229107 0.366312 -0.312244
v -0.243218 0.276260 -0.331476
v -0.247984 0.182609 -0.337970
v -0.243218 0.088959 -0.331476
v -0.229107 -0.001093 -0.312244
v -0.206190 -0.084085 -0.281012
v -0.175351 -0.156829 -0.238981
v -0.137772 -0.216527 -0.187766
v -0.094899 -0.260888 -0.129335
v -0.048380 -0.288205 -0.065935
v -0.035642 0.653423 -0.074691
v -0.069914 0.626106 -0.146511
v -0.101499 0.581746 -0.212701
v -0.129184 0.522047 -0.270717
v -0.151905 0.449303 -0.318329
v -0.168788 0.366312 -0.353708
v -0.179184 0.276260 -0.375494
v -0.182694 0.182609 -0.382850
v -0.179184 0.088959 -0.375494
v -0.166879 0.000055 -0.349339
v -0.149580 -0.081947 -0.312835
v -0.129184 -0.156829 -0.270717
v -0.101499 -0.216527 -0.212701
v -0.069914 -0.260888 -0.146511
v -0.035642 -0.288205 -0.074691
v -0.021535 0.653423 -0.080576
v -0.042242 0.626106 -0.158056
v -0.061326 0.581746 -0.229461
v -0.078053 0.522047 -0.292049
v -0.091780 0.449303 -0.343413
v -0.101981 0.366312 -0.381580
v -0.108263 0.276260 -0.405083
v -0.110383 0.182609 -0.413018
v -0.108263 0.088959 -0.405083
v -0.098410 0.002700 -0.367635
v -0.087655 -0.076364 -0.322750
v -0.075300 -0.149337 -0.276319
v -0.061326 -0.216527 -0.229461
v -0.042242 -0.260888 -0.158056
v -0.021535 -0.288205 -0.080576
v -0.006600 0.653423 -0.083365
v -0.012947 0.626106 -0.163527
v -0.018795 0.581746 -0.237403
v -0.023922 0.522047 -0.302157
v -0.028130 0.449303 -0.355300
v -0.031256 0.366311 -0.394788
v -0.033181 0.276260 -0.419105
v -0.033832 0.182609 -0.427315
v -0.033181 0.088959 -0.419105
v -0.029439 0.004921 -0.373803
v -0.026155 -0.072753 -0.325402
v -0.022588 -0.146058 -0.279122
v -0.018690 -0.215511 -0.235801
v -0.012947 -0.260888 -0.163526
v -0.006600 -0.288205 -0.083365
v 0.008589 0.653423 -0.082950
v 0.016846 0.626106 -0.162713
v 0.024457 0.581746 -0.236223
v 0.031127 0.522047 -0.300654
v 0.036602 0.449303 -0.353532
v 0.040670 0.366312 -0.392824
v 0.043175 0.276260 -0.417020
v 0.044021 0.182609 -0.425189
v 0.043175 0.088959 -0.417020
v 0.040006 0.004534 -0.373878
v 0.035153 -0.073027 -0.324982
v 0.029831 -0.146237 -0.278287
v 0.024372 -0.215799 -0.235091
v 0.016846 -0.260888 -0.162713
v 0.008589 -0.288205 -0.082950
v 0.023446 0.653423 -0.079348
v 0.045992 0.626106 -0.155647
v 0.066769 0.581746 -0.225964
v 0.084981 0.522047 -0.287597
v 0.099928 0.449303 -0.338178
v 0.111034 0.366312 -0.375764
v 0.117873 0.276260 -0.398909
v 0.120182 0.182609 -0.406724
v 0.117873 0.088959 -0.398909
v 0.110994 -0.001042 -0.375581
v 0.096995 -0.077122 -0.321295
v 0.082369 -0.149600 -0.273145
v 0.066769 -0.216527 -0.225964
v 0.045992 -0.260888 -0.155647
v 0.023446 -0.288205 -0.079348
v 0.037403 0.653423 -0.072696
v 0.073369 0.626106 -0.142599
v 0.106516 0.581746 -0.207021
v 0.135569 0.522047 -0.263489
v 0.159413 0.449303 -0.309830
v 0.177130 0.366312 -0.344264
v 0.188040 0.276260 -0.365469
v 0.191724 0.182609 -0.372628
v 0.188040 0.088959 -0.365469
v 0.177130 -0.001093 -0.344264
v 0.159413 -0.084085 -0.309830
v 0.135569 -0.156829 -0.263489
v 0.106516 -0.216527 -0.207021
v 0.073369 -0.260888 -0.142599
v 0.037403 -0.288205 -0.072696
v 0.049923 0.653423 -0.063251
v 0.097928 0.626106 -0.124072
v 0.142169 0.581746 -0.180124
v 0.180947 0.522047 -0.229253
v 0.212772 0.449303 -0.269574
v 0.236419 0.366312 -0.299535
v 0.250981 0.276260 -0.317984
v 0.255898 0.182609 -0.324213
v 0.250981 0.088959 -0.317984
v 0.236419 -0.001093 -0.299534
v 0.212772 -0.084085 -0.269574
v 0.180947 -0.156829 -0.229253
v 0.142169 -0.216527 -0.180123
v 0.097927 -0.260888 -0.124071
v 0.049923 -0.288205 -0.063251
v 0.060524 0.653423 -0.051375
v 0.118723 0.626106 -0.100775
v 0.172359 0.581746 -0.146303
v 0.219372 0.522047 -0.186209
v 0.257954 0.449303 -0.218958
v 0.286623 0.366312 -0.243293
v 0.304277 0.276260 -0.258279
v 0.307686 0.182568 -0.261743
v 0.294237 0.090007 -0.251527
v 0.286623 -0.001093 -0.243293
v 0.257954 -0.084085 -0.218958
v 0.219372 -0.156829 -0.186209
v 0.172359 -0.216527 -0.146303
v 0.118723 -0.260888 -0.100775
v 0.060524 -0.288205 -0.051375
v 0.068799 0.653423 -0.037525
v 0.134956 0.626106 -0.073607
v 0.195925 0.581746 -0.106861
v 0.249366 0.522047 -0.136008
v 0.290765 0.448362 -0.158808
v 0.313042 0.362963 -0.172729
v 0.329244 0.273492 -0.182150
v 0.328775 0.181675 -0.183121
v 0.324292 0.090160 -0.179294
v 0.323008 -0.000597 -0.176434
v 0.293222 -0.084085 -0.159928
v 0.249366 -0.156829 -0.136008
v 0.195925 -0.216527 -0.106861
v 0.134956 -0.260888 -0.073607
v 0.068799 -0.288205 -0.037525
v 0.074431 0.653423 -0.022232
v 0.146002 0.626106 -0.043610
v 0.211963 0.581746 -0.063311
v 0.269777 0.522047 -0.080580
v 0.310831 0.447176 -0.093245
v 0.329159 0.360866 -0.100413
v 0.341240 0.271583 -0.104992
v 0.344406 0.180874 -0.105718
v 0.341618 0.090424 -0.103917
v 0.327269 0.002935 -0.099804
v 0.307204 -0.081173 -0.092354
v 0.269777 -0.156829 -0.080580
v 0.211963 -0.216527 -0.063311
v 0.146002 -0.260888 -0.043610
v 0.074431 -0.288205 -0.022232
v 0.077203 0.653423 -0.006085
v 0.151438 0.626106 -0.011937
v 0.279820 0.522047 -0.022056
v 0.338003 0.360378 -0.027579
v 0.334583 0.003503 -0.026083
v 0.279820 -0.156829 -0.022056
v 0.219854 -0.216527 -0.017329
v 0.151438 -0.260888 -0.011937
v 0.077203 -0.288205 -0.006085
vn 0.5444 0.8388 0.0065
vn 0.9866 -0.1396 -0.0848
vn 0.7058 0.7083 0.0084
vn 0.8483 -0.5280 -0.0399
vn 0.8471 0.5314 0.0054
vn 0.7058 -0.7083 0.0084
vn 0.9910 0.1337 0.0079
vn 0.5444 -0.8388 0.0065
vn 0.9940 0.1095 -0.0030
vn 0.3456 -0.9384 0.0041
vn 0.9985 0.0513 -0.0176
vn 0.1187 0.9929 0.0014
vn 0.1187 -0.9929 0.0014
vn 0.9977 -0.0655 -0.0195
vn 0.3456 0.9384 0.0041
vn 0.9941 -0.0948 -0.0534
vn 0.9983 -0.0532 0.0229
vn 0.3375 0.9390 0.0666
vn 0.9990 -0.0384 -0.0237
vn 0.5321 0.8401 0.1050
vn 0.9667 -0.2498 0.0563
vn 0.6906 0.7102 0.1363
vn 0.8115 -0.5620 0.1602
vn 0.8265 0.5410 0.1555
vn 0.6906 -0.7102 0.1363
vn 0.9765 0.1462 0.1586
vn 0.5321 -0.8401 0.1050
vn 0.9813 0.1785 0.0719
vn 0.3375 -0.9390 0.0666
vn 0.9989 0.0420 0.0221
vn 0.1159 0.9930 0.0229
vn 0.1159 -0.9930 0.0229
vn 0.6502 -0.7138 0.2602
vn 0.9327 0.1961 0.3026
vn 0.5000 -0.8426 0.2001
vn 0.9351 0.2476 0.2534
vn 0.3165 -0.9401 0.1267
vn 0.9811 0.1372 0.1362
vn 0.1086 0.9931 0.0435
vn 0.1086 -0.9931 0.0434
vn 0.9971 -0.0602 0.0457
vn 0.3165 0.9401 0.1267
vn 0.9746 -0.1262 0.1852
vn 0.4999 0.8426 0.2001
vn 0.8685 -0.3840 0.3135
vn 0.6502 0.7138 0.2602
vn 0.7654 -0.5659 0.3063
vn 0.7757 0.5574 0.2959
vn 0.8163 -0.2474 0.5220
vn 0.4487 0.8459 0.2882
vn 0.7664 -0.4127 0.4923
vn 0.5852 0.7185 0.3759
vn 0.6637 -0.5888 0.4613
vn 0.6907 0.5711 0.4437
vn 0.5307 -0.7245 0.4398
vn 0.8546 0.3202 0.4089
vn 0.4316 -0.8308 0.3514
vn 0.9088 0.2474 0.3359
vn 0.2835 -0.9415 0.1821
vn 0.8780 0.1645 0.4495
vn 0.0971 0.9933 0.0624
vn 0.0971 -0.9933 0.0624
vn 0.8394 -0.0848 0.5369
vn 0.2835 0.9415 0.1821
vn 0.3418 -0.7742 0.5328
vn 0.6968 0.2526 0.6714
vn 0.2394 -0.9431 0.2307
vn 0.7175 0.0844 0.6914
vn 0.0819 0.9935 0.0789
vn 0.0819 -0.9935 0.0789
vn 0.7175 -0.0844 0.6914
vn 0.2394 0.9431 0.2307
vn 0.6968 -0.2526 0.6714
vn 0.3800 0.8495 0.3661
vn 0.6529 -0.4189 0.6311
vn 0.4970 0.7237 0.4789
vn 0.4513 -0.6688 0.5909
vn 0.5882 0.5769 0.5668
vn 0.3028 -0.7117 0.6339
vn 0.6542 0.4179 0.6304
vn 0.2958 0.8528 0.4304
vn 0.4394 -0.4733 0.7635
vn 0.3880 0.7285 0.5645
vn 0.2693 -0.7189 0.6409
vn 0.4605 0.5823 0.6699
vn 0.2859 -0.7067 0.6471
vn 0.5134 0.4228 0.7468
vn 0.3379 -0.7175 0.6091
vn 0.5476 0.2559 0.7966
vn 0.1859 -0.9446 0.2706
vn 0.5644 0.0857 0.8210
vn 0.0635 0.9937 0.0924
vn 0.0635 -0.9937 0.0924
vn 0.5644 -0.0857 0.8210
vn 0.1860 0.9446 0.2705
vn 0.5476 -0.2559 0.7966
vn 0.3719 0.2586 0.8915
vn 0.1252 -0.9457 0.3000
vn 0.3836 0.0866 0.9194
vn 0.0427 0.9938 0.1024
vn 0.0427 -0.9938 0.1023
vn 0.3836 -0.0866 0.9194
vn 0.1251 0.9457 0.3000
vn 0.3719 -0.2586 0.8915
vn 0.1995 0.8554 0.4781
vn 0.2753 -0.5538 0.7858
vn 0.2622 0.7323 0.6285
vn 0.1981 -0.7060 0.6799
vn 0.3118 0.5866 0.7474
vn 0.2495 -0.6892 0.6803
vn 0.3482 0.4267 0.8347
vn 0.2745 -0.6988 0.6605
vn 0.1120 -0.6056 0.7878
vn 0.1246 0.7344 0.6672
vn 0.1147 -0.6687 0.7347
vn 0.1484 0.5890 0.7944
vn 0.2266 -0.6565 0.7195
vn 0.1658 0.4288 0.8881
vn 0.2123 -0.7242 0.6561
vn 0.1773 0.2601 0.9492
vn 0.0593 -0.9463 0.3178
vn 0.1829 0.0871 0.9793
vn 0.0202 0.9939 0.1084
vn 0.0202 -0.9939 0.1084
vn 0.1829 -0.0871 0.9793
vn 0.0593 0.9463 0.3178
vn 0.1773 -0.2601 0.9492
vn 0.0947 0.8568 0.5070
vn -0.0088 -0.9463 0.3232
vn -0.0272 0.0871 0.9958
vn -0.0030 0.9939 0.1102
vn -0.0030 -0.9939 0.1102
vn -0.0272 -0.0871 0.9958
vn -0.0088 0.9463 0.3232
vn -0.0264 -0.2601 0.9652
vn -0.0141 0.8567 0.5156
vn -0.0299 -0.6301 0.7759
vn -0.0185 0.7344 0.6785
vn -0.0023 -0.6213 0.7835
vn -0.0221 0.5889 0.8079
vn 0.1107 -0.6079 0.7863
vn -0.0247 0.4288 0.9031
vn 0.1040 -0.7828 0.6136
vn -0.0264 0.2601 0.9652
vn -0.1605 0.7323 0.6619
vn -0.1363 -0.5892 0.7964
vn -0.1908 0.5865 0.7871
vn -0.0846 -0.5695 0.8176
vn -0.2131 0.4266 0.8790
vn -0.0503 -0.8359 0.5466
vn -0.2276 0.2586 0.9388
vn -0.0766 -0.9457 0.3159
vn -0.2347 0.0866 0.9682
vn -0.0261 0.9938 0.1078
vn -0.0261 -0.9938 0.1078
vn -0.2347 -0.0866 0.9682
vn -0.0766 0.9457 0.3159
vn -0.2284 -0.2593 0.9384
vn -0.1221 0.8553 0.5035
vn -0.1700 -0.6237 0.7630
vn -0.4286 0.0856 0.8994
vn -0.0483 0.9937 0.1013
vn -0.0483 -0.9937 0.1012
vn -0.4286 -0.0856 0.8994
vn -0.1413 0.9445 0.2964
vn -0.4150 -0.2566 0.8729
vn -0.2247 0.8527 0.4715
vn -0.3068 -0.5842 0.7514
vn -0.2947 0.7284 0.6185
vn -0.2478 -0.5706 0.7830
vn -0.3498 0.5822 0.7340
vn -0.2804 -0.5925 0.7552
vn -0.3899 0.4227 0.8181
vn -0.2247 -0.8527 0.4716
vn -0.4159 0.2559 0.8727
vn -0.1413 -0.9445 0.2964
vn -0.3132 -0.5641 0.7640
vn -0.4920 0.5767 0.6522
vn -0.3475 -0.6730 0.6529
vn -0.5472 0.4178 0.7253
vn -0.3179 -0.8494 0.4213
vn -0.5827 0.2525 0.7724
vn -0.2003 -0.9431 0.2655
vn -0.6001 0.0844 0.7954
vn -0.0685 0.9935 0.0908
vn -0.0685 -0.9935 0.0908
vn -0.6001 -0.0844 0.7954
vn -0.2003 0.9431 0.2655
vn -0.5828 -0.2525 0.7724
vn -0.3179 0.8494 0.4213
vn -0.4436 -0.4876 0.7519
vn -0.4157 0.7235 0.5510
vn -0.0861 -0.9933 0.0769
vn -0.7434 -0.0832 0.6636
vn -0.2514 0.9415 0.2244
vn -0.7225 -0.2490 0.6450
vn -0.3980 0.8458 0.3553
vn -0.6788 -0.4132 0.6070
vn -0.5190 0.7184 0.4633
vn -0.6105 -0.5715 0.5484
vn -0.6125 0.5710 0.5467
vn -0.5182 -0.7176 0.4652
vn -0.6795 0.4126 0.6066
vn -0.3980 -0.8458 0.3553
vn -0.7225 0.2490 0.6450
vn -0.2514 -0.9415 0.2244
vn -0.7434 0.0832 0.6636
vn -0.0861 0.9933 0.0769
vn -0.6013 -0.7137 0.3593
vn -0.7837 0.4080 0.4683
vn -0.4624 -0.8426 0.2763
vn -0.8321 0.2459 0.4972
vn -0.2928 -0.9400 0.1749
vn -0.8555 0.0821 0.5112
vn -0.1004 0.9931 0.0600
vn -0.1004 -0.9931 0.0600
vn -0.8555 -0.0821 0.5112
vn -0.2928 0.9400 0.1749
vn -0.8321 -0.2459 0.4972
vn -0.4624 0.8426 0.2763
vn -0.7837 -0.4080 0.4683
vn -0.6013 0.7137 0.3593
vn -0.7078 -0.5658 0.4229
vn -0.7078 0.5658 0.4229
vn -0.3229 0.9389 0.1189
vn -0.9101 -0.2436 0.3352
vn -0.5090 0.8401 0.1874
vn -0.8581 -0.4047 0.3160
vn -0.6607 0.7102 0.2433
vn -0.7762 -0.5620 0.2858
vn -0.7762 0.5620 0.2858
vn -0.6606 -0.7102 0.2433
vn -0.8581 0.4047 0.3160
vn -0.5090 -0.8401 0.1874
vn -0.9101 0.2436 0.3352
vn -0.3229 -0.9389 0.1189
vn -0.9353 0.0813 0.3444
vn -0.1109 0.9930 0.0408
vn -0.1109 -0.9930 0.0408
vn -0.9353 -0.0813 0.3444
vn -0.9021 0.4029 0.1548
vn -0.5366 -0.8388 0.0921
vn -0.9562 0.2424 0.1641
vn -0.3407 -0.9384 0.0585
vn -0.9824 0.0808 0.1686
vn -0.1170 0.9929 0.0201
vn -0.1170 -0.9929 0.0201
vn -0.9824 -0.0808 0.1686
vn -0.3407 0.9384 0.0585
vn -0.9562 -0.2424 0.1641
vn -0.5366 0.8388 0.0921
vn -0.9021 -0.4029 0.1548
vn -0.6957 0.7083 0.1194
vn -0.8166 -0.5599 0.1401
vn -0.8166 0.5599 0.1401
vn -0.6957 -0.7083 0.1194
vn -0.9701 -0.2424 -0.0116
vn -0.5444 0.8388 -0.0065
vn -0.9152 -0.4029 -0.0109
vn -0.7058 0.7083 -0.0084
vn -0.8285 -0.5600 -0.0099
vn -0.8285 0.5600 -0.0099
vn -0.7058 -0.7083 -0.0084
vn -0.9152 0.4029 -0.0109
vn -0.5444 -0.8388 -0.0065
vn -0.9701 0.2424 -0.0116
vn -0.3456 -0.9384 -0.0041
vn -0.9967 0.0808 -0.0119
vn -0.1187 0.9929 -0.0014
vn -0.1187 -0.9929 -0.0014
vn -0.9967 -0.0808 -0.0119
vn -0.3456 0.9384 -0.0041
vn -0.5321 -0.8401 -0.1050
vn -0.9515 0.2436 -0.1878
vn -0.3375 -0.9390 -0.0666
vn -0.9778 0.0813 -0.1930
vn -0.1159 0.9930 -0.0229
vn -0.1159 -0.9930 -0.0229
vn -0.9778 -0.0813 -0.1930
vn -0.3375 0.9390 -0.0666
vn -0.9515 -0.2436 -0.1878
vn -0.5321 0.8401 -0.1050
vn -0.8971 -0.4047 -0.1771
vn -0.6906 0.7102 -0.1363
vn -0.8115 -0.5620 -0.1602
vn -0.8115 0.5620 -0.1602
vn -0.6906 -0.7102 -0.1363
vn -0.8971 0.4047 -0.1771
vn -0.4999 0.8426 -0.2001
vn -0.8476 -0.4081 -0.3392
vn -0.6502 0.7138 -0.2602
vn -0.7654 -0.5659 -0.3063
vn -0.7654 0.5659 -0.3063
vn -0.6502 -0.7138 -0.2602
vn -0.8476 0.4081 -0.3392
vn -0.5000 -0.8426 -0.2001
vn -0.8999 0.2459 -0.3602
vn -0.3165 -0.9401 -0.1267
vn -0.9253 0.0821 -0.3703
vn -0.1086 0.9931 -0.0435
vn -0.1086 -0.9931 -0.0434
vn -0.9253 -0.0821 -0.3703
vn -0.3165 0.9401 -0.1267
vn -0.8999 -0.2459 -0.3602
vn -0.8149 0.2491 -0.5234
vn -0.2835 -0.9415 -0.1821
vn -0.8385 0.0832 -0.5386
vn -0.0971 0.9933 -0.0624
vn -0.0971 -0.9933 -0.0624
vn -0.8385 -0.0832 -0.5386
vn -0.2835 0.9415 -0.1821
vn -0.8149 -0.2491 -0.5234
vn -0.4487 0.8459 -0.2883
vn -0.7664 -0.4127 -0.4923
vn -0.5852 0.7185 -0.3759
vn -0.6907 -0.5711 -0.4437
vn -0.6907 0.5711 -0.4437
vn -0.5852 -0.7185 -0.3759
vn -0.7664 0.4127 -0.4923
vn -0.4488 -0.8459 -0.2883
vn -0.6542 -0.4179 -0.6304
vn -0.4970 0.7237 -0.4789
vn -0.5882 -0.5769 -0.5668
vn -0.5882 0.5769 -0.5668
vn -0.4970 -0.7237 -0.4789
vn -0.6542 0.4179 -0.6304
vn -0.3800 -0.8495 -0.3661
vn -0.6968 0.2526 -0.6714
vn -0.2394 -0.9431 -0.2307
vn -0.7175 0.0845 -0.6914
vn -0.0819 0.9935 -0.0789
vn -0.0819 -0.9935 -0.0789
vn -0.7175 -0.0845 -0.6914
vn -0.2394 0.9431 -0.2307
vn -0.6968 -0.2526 -0.6714
vn -0.3800 0.8495 -0.3661
vn -0.1860 -0.9446 -0.2705
vn -0.5644 0.0857 -0.8211
vn -0.0635 0.9937 -0.0924
vn -0.0635 -0.9937 -0.0924
vn -0.5644 -0.0857 -0.8211
vn -0.1860 0.9446 -0.2705
vn -0.5169 -0.2814 -0.8085
vn -0.2958 0.8528 -0.4304
vn -0.4438 -0.4308 -0.7858
vn -0.3880 0.7285 -0.5645
vn -0.4291 -0.5551 -0.7126
vn -0.4605 0.5823 -0.6699
vn -0.3880 -0.7285 -0.5645
vn -0.5134 0.4228 -0.7468
vn -0.2959 -0.8528 -0.4304
vn -0.5476 0.2559 -0.7966
vn -0.0551 -0.5220 -0.8512
vn -0.3118 0.5866 -0.7474
vn -0.1247 -0.6561 -0.7443
vn -0.3482 0.4267 -0.8347
vn -0.1995 -0.8554 -0.4781
vn -0.3719 0.2586 -0.8915
vn -0.1251 -0.9457 -0.3000
vn -0.3836 0.0866 -0.9194
vn -0.0427 0.9938 -0.1024
vn -0.0427 -0.9938 -0.1023
vn -0.3836 -0.0866 -0.9194
vn -0.1251 0.9457 -0.3000
vn -0.2972 -0.3589 -0.8848
vn -0.1995 0.8554 -0.4781
vn -0.1587 -0.4672 -0.8698
vn -0.2622 0.7323 -0.6285
vn -0.0202 0.9939 -0.1084
vn -0.0202 -0.9939 -0.1084
vn -0.1829 -0.0871 -0.9793
vn -0.0593 0.9463 -0.3178
vn -0.1179 -0.4416 -0.8894
vn -0.0947 0.8568 -0.5070
vn -0.0350 -0.5134 -0.8574
vn -0.1246 0.7344 -0.6672
vn -0.0080 -0.5359 -0.8442
vn -0.1484 0.5889 -0.7944
vn -0.0546 -0.5550 -0.8301
vn -0.1658 0.4288 -0.8881
vn -0.0732 -0.8515 -0.5192
vn -0.1773 0.2601 -0.9492
vn -0.0593 -0.9463 -0.3178
vn -0.1829 0.0871 -0.9793
vn 0.0221 0.5889 -0.8079
vn 0.0112 -0.5284 -0.8489
vn 0.0111 -0.5286 -0.8488
vn 0.0247 0.4288 -0.9031
vn 0.0077 -0.8479 -0.5302
vn 0.0264 0.2601 -0.9652
vn 0.0088 -0.9463 -0.3232
vn 0.0272 0.0871 -0.9958
vn 0.0030 0.9939 -0.1102
vn 0.0030 -0.9939 -0.1102
vn 0.0272 -0.0871 -0.9958
vn 0.0088 0.9463 -0.3232
vn 0.0110 -0.4648 -0.8854
vn 0.0141 0.8567 -0.5156
vn 0.0033 -0.5334 -0.8459
vn -0.0004 -0.5311 -0.8473
vn 0.0032 -0.5334 -0.8459
vn 0.0185 0.7344 -0.6785
vn 0.2347 -0.0866 -0.9682
vn 0.0766 0.9457 -0.3159
vn 0.0909 -0.3592 -0.9288
vn 0.1221 0.8553 -0.5035
vn -0.0280 -0.5549 -0.8314
vn 0.1605 0.7323 -0.6619
vn 0.0288 -0.5481 -0.8359
vn 0.1908 0.5865 -0.7871
vn 0.0995 -0.5600 -0.8225
vn 0.2131 0.4266 -0.8790
vn 0.1074 -0.8518 -0.5127
vn 0.2276 0.2586 -0.9388
vn 0.0766 -0.9457 -0.3159
vn 0.2347 0.0866 -0.9682
vn 0.0261 0.9938 -0.1078
vn 0.0261 -0.9938 -0.1078
vn 0.1737 -0.6597 -0.7312
vn 0.3899 0.4227 -0.8181
vn 0.2247 -0.8527 -0.4716
vn 0.4159 0.2559 -0.8727
vn 0.1413 -0.9445 -0.2964
vn 0.4286 0.0856 -0.8994
vn 0.0483 0.9937 -0.1013
vn 0.0483 -0.9937 -0.1012
vn 0.4286 -0.0856 -0.8994
vn 0.1413 0.9445 -0.2964
vn 0.4146 -0.2569 -0.8730
vn 0.2247 0.8527 -0.4715
vn 0.2467 -0.5091 -0.8246
vn 0.2947 0.7284 -0.6185
vn 0.0822 -0.5587 -0.8253
vn 0.3498 0.5822 -0.7340
vn 0.2003 0.9431 -0.2655
vn 0.5828 -0.2525 -0.7724
vn 0.3179 0.8494 -0.4213
vn 0.5472 -0.4177 -0.7253
vn 0.4157 0.7235 -0.5511
vn 0.4920 -0.5767 -0.6522
vn 0.4920 0.5767 -0.6522
vn 0.4157 -0.7235 -0.5510
vn 0.5472 0.4178 -0.7253
vn 0.3179 -0.8494 -0.4213
vn 0.5827 0.2525 -0.7724
vn 0.2003 -0.9431 -0.2655
vn 0.6001 0.0844 -0.7954
vn 0.0685 0.9935 -0.0908
vn 0.0685 -0.9935 -0.0908
vn 0.6001 -0.0844 -0.7954
vn 0.6796 0.4126 -0.6066
vn 0.3980 -0.8458 -0.3553
vn 0.7225 0.2490 -0.6450
vn 0.2514 -0.9415 -0.2244
vn 0.7564 0.0673 -0.6506
vn 0.0861 0.9933 -0.0769
vn 0.0861 -0.9933 -0.0769
vn 0.7985 -0.1307 -0.5876
vn 0.2514 0.9415 -0.2244
vn 0.7828 -0.1834 -0.5947
vn 0.3980 0.8458 -0.3553
vn 0.6795 -0.4126 -0.6066
vn 0.5190 0.7184 -0.4633
vn 0.6125 -0.5710 -0.5467
vn 0.6125 0.5710 -0.5467
vn 0.5190 -0.7184 -0.4633
vn 0.9002 -0.0703 -0.4297
vn 0.4624 0.8426 -0.2763
vn 0.8001 -0.3923 -0.4538
vn 0.6013 0.7137 -0.3593
vn 0.7078 -0.5658 -0.4229
vn 0.7267 0.5520 -0.4089
vn 0.6013 -0.7137 -0.3593
vn 0.8589 0.3457 -0.3778
vn 0.4624 -0.8426 -0.2763
vn 0.9241 0.2170 -0.3146
vn 0.2928 -0.9401 -0.1749
vn 0.9584 0.0220 -0.2847
vn 0.1004 0.9931 -0.0600
vn 0.1004 -0.9931 -0.0600
vn 0.9405 -0.1160 -0.3194
vn 0.2928 0.9401 -0.1749
vn 0.5090 -0.8401 -0.1874
vn 0.9697 0.1674 -0.1779
vn 0.3229 -0.9389 -0.1189
vn 0.9843 0.0162 -0.1757
vn 0.1109 0.9930 -0.0408
vn 0.1109 -0.9930 -0.0408
vn 0.9765 -0.0455 -0.2108
vn 0.3229 0.9389 -0.1189
vn 0.9862 -0.0919 -0.1378
vn 0.5090 0.8401 -0.1874
vn 0.9487 -0.2975 -0.1067
vn 0.6607 0.7102 -0.2433
vn 0.8321 -0.5088 -0.2206
vn 0.8141 0.5156 -0.2673
vn 0.6606 -0.7102 -0.2433
vn 0.9377 0.2512 -0.2401
vn 0.9691 -0.1906 -0.1568
vn 0.6957 0.7083 -0.1194
vn 0.8605 -0.4772 -0.1784
vn 0.8418 0.5118 -0.1716
vn 0.6957 -0.7083 -0.1194
vn 0.9699 0.1786 -0.1653
vn 0.5366 -0.8388 -0.0921
vn 0.9886 0.1178 -0.0938
vn 0.3407 -0.9384 -0.0585
vn 0.9959 0.0431 -0.0799
vn 0.1170 0.9929 -0.0201
vn 0.1170 -0.9929 -0.0201
vn 0.9964 -0.0502 -0.0683
vn 0.3407 0.9384 -0.0585
vn 0.9872 -0.1432 -0.0706
vn 0.5366 0.8388 -0.0921
vt 0.750000 0.812500
vt 0.750000 0.875000
vt 0.718750 0.875000
vt 0.718750 0.812500
vt 0.750000 0.312500
vt 0.750000 0.375000
vt 0.718750 0.375000
vt 0.718750 0.312500
vt 0.750000 0.750000
vt 0.718750 0.750000
vt 0.750000 0.250000
vt 0.718750 0.250000
vt 0.750000 0.687500
vt 0.718750 0.687500
vt 0.750000 0.187500
vt 0.718750 0.187500
vt 0.750000 0.625000
vt 0.718750 0.625000
vt 0.750000 0.125000
vt 0.718750 0.125000
vt 0.750000 0.562500
vt 0.718750 0.562500
vt 0.750000 0.062500
vt 0.718750 0.062500
vt 0.750000 0.500000
vt 0.718750 0.500000
vt 0.750000 0.937500
vt 0.734375 1.000000
vt 0.718750 0.937500
vt 0.734375 0.000000
vt 0.750000 0.437500
vt 0.718750 0.437500
vt 0.687500 0.500000
vt 0.687500 0.437500
vt 0.687500 0.937500
vt 0.687500 0.875000
vt 0.687500 0.375000
vt 0.687500 0.812500
vt 0.687500 0.312500
vt 0.687500 0.750000
vt 0.687500 0.250000
vt 0.687500 0.687500
vt 0.687500 0.187500
vt 0.687500 0.625000
vt 0.687500 0.125000
vt 0.687500 0.562500
vt 0.687500 0.062500
vt 0.703125 1.000000
vt 0.703125 0.000000
vt 0.656250 0.250000
vt 0.656250 0.187500
vt 0.656250 0.687500
vt 0.656250 0.625000
vt 0.656250 0.125000
vt 0.656250 0.562500
vt 0.656250 0.062500
vt 0.656250 0.500000
vt 0.671875 1.000000
vt 0.656250 0.937500
vt 0.671875 0.000000
vt 0.656250 0.437500
vt 0.656250 0.875000
vt 0.656250 0.375000
vt 0.656250 0.812500
vt 0.656250 0.312500
vt 0.656250 0.750000
vt 0.625000 0.437500
vt 0.625000 0.375000
vt 0.625000 0.875000
vt 0.625000 0.812500
vt 0.625000 0.312500
vt 0.625000 0.750000
vt 0.625000 0.250000
vt 0.625000 0.687500
vt 0.625000 0.187500
vt 0.625000 0.625000
vt 0.625000 0.125000
vt 0.625000 0.562500
vt 0.625000 0.062500
vt 0.625000 0.500000
vt 0.640625 1.000000
vt 0.625000 0.937500
vt 0.640625 0.000000
vt 0.593750 0.187500
vt 0.593750 0.125000
vt 0.593750 0.625000
vt 0.593750 0.562500
vt 0.593750 0.062500
vt 0.593750 0.500000
vt 0.609375 1.000000
vt 0.593750 0.937500
vt 0.609375 0.000000
vt 0.593750 0.437500
vt 0.593750 0.875000
vt 0.593750 0.375000
vt 0.593750 0.812500
vt 0.593750 0.312500
vt 0.593750 0.750000
vt 0.593750 0.250000
vt 0.593750 0.687500
vt 0.562500 0.875000
vt 0.562500 0.812500
vt 0.562500 0.375000
vt 0.562500 0.312500
vt 0.562500 0.750000
vt 0.562500 0.250000
vt 0.562500 0.687500
vt 0.562500 0.187500
vt 0.562500 0.625000
vt 0.562500 0.125000
vt 0.562500 0.562500
vt 0.562500 0.062500
vt 0.562500 0.500000
vt 0.578125 1.000000
vt 0.562500 0.937500
vt 0.578125 0.000000
vt 0.562500 0.437500
vt 0.531250 0.625000
vt 0.531250 0.562500
vt 0.531250 0.125000
vt 0.531250 0.062500
vt 0.531250 0.500000
vt 0.546875 1.000000
vt 0.531250 0.937500
vt 0.546875 0.000000
vt 0.531250 0.437500
vt 0.531250 0.875000
vt 0.531250 0.375000
vt 0.531250 0.812500
vt 0.531250 0.312500
vt 0.531250 0.750000
vt 0.531250 0.250000
vt 0.531250 0.687500
vt 0.531250 0.187500
vt 0.500000 0.375000
vt 0.500000 0.312500
vt 0.500000 0.812500
vt 0.500000 0.750000
vt 0.500000 0.250000
vt 0.500000 0.687500
vt 0.500000 0.187500
vt 0.500000 0.625000
vt 0.500000 0.125000
vt 0.500000 0.562500
vt 0.500000 0.062500
vt 0.500000 0.500000
vt 0.515625 1.000000
vt 0.500000 0.937500
vt 0.515625 0.000000
vt 0.500000 0.437500
vt 0.500000 0.875000
vt 0.468750 0.125000
vt 0.468750 0.062500
vt 0.468750 0.562500
vt 0.468750 0.500000
vt 0.484375 1.000000
vt 0.468750 0.937500
vt 0.484375 0.000000
vt 0.468750 0.437500
vt 0.468750 0.875000
vt 0.468750 0.375000
vt 0.468750 0.812500
vt 0.468750 0.312500
vt 0.468750 0.750000
vt 0.468750 0.250000
vt 0.468750 0.687500
vt 0.468750 0.187500
vt 0.468750 0.625000
vt 0.437500 0.812500
vt 0.437500 0.750000
vt 0.437500 0.312500
vt 0.437500 0.250000
vt 0.437500 0.687500
vt 0.437500 0.187500
vt 0.437500 0.625000
vt 0.437500 0.125000
vt 0.437500 0.562500
vt 0.437500 0.062500
vt 0.437500 0.500000
vt 0.453125 1.000000
vt 0.437500 0.937500
vt 0.453125 0.000000
vt 0.437500 0.437500
vt 0.437500 0.875000
vt 0.437500 0.375000
vt 0.406250 0.562500
vt 0.406250 0.500000
vt 0.421875 1.000000
vt 0.406250 0.937500
vt 0.421875 0.000000
vt 0.406250 0.062500
vt 0.406250 0.437500
vt 0.406250 0.875000
vt 0.406250 0.375000
vt 0.406250 0.812500
vt 0.406250 0.312500
vt 0.406250 0.750000
vt 0.406250 0.250000
vt 0.406250 0.687500
vt 0.406250 0.187500
vt 0.406250 0.625000
vt 0.406250 0.125000
vt 0.375000 0.312500
vt 0.375000 0.250000
vt 0.375000 0.750000
vt 0.375000 0.687500
vt 0.375000 0.187500
vt 0.375000 0.625000
vt 0.375000 0.125000
vt 0.375000 0.562500
vt 0.375000 0.062500
vt 0.375000 0.500000
vt 0.390625 1.000000
vt 0.375000 0.937500
vt 0.390625 0.000000
vt 0.375000 0.437500
vt 0.375000 0.875000
vt 0.375000 0.375000
vt 0.375000 0.812500
vt 0.359375 0.000000
vt 0.343750 0.062500
vt 0.343750 0.500000
vt 0.343750 0.437500
vt 0.343750 0.937500
vt 0.343750 0.875000
vt 0.343750 0.375000
vt 0.343750 0.812500
vt 0.343750 0.312500
vt 0.343750 0.750000
vt 0.343750 0.250000
vt 0.343750 0.687500
vt 0.343750 0.187500
vt 0.343750 0.625000
vt 0.343750 0.125000
vt 0.343750 0.562500
vt 0.359375 1.000000
vt 0.312500 0.250000
vt 0.312500 0.187500
vt 0.312500 0.687500
vt 0.312500 0.625000
vt 0.312500 0.125000
vt 0.312500 0.562500
vt 0.312500 0.062500
vt 0.312500 0.500000
vt 0.328125 1.000000
vt 0.312500 0.937500
vt 0.328125 0.000000
vt 0.312500 0.437500
vt 0.312500 0.875000
vt 0.312500 0.375000
vt 0.312500 0.812500
vt 0.312500 0.312500
vt 0.312500 0.750000
vt 0.281250 0.937500
vt 0.281250 0.875000
vt 0.281250 0.437500
vt 0.281250 0.375000
vt 0.281250 0.812500
vt 0.281250 0.312500
vt 0.281250 0.750000
vt 0.281250 0.250000
vt 0.281250 0.687500
vt 0.281250 0.187500
vt 0.281250 0.625000
vt 0.281250 0.125000
vt 0.281250 0.562500
vt 0.281250 0.062500
vt 0.281250 0.500000
vt 0.296875 1.000000
vt 0.296875 0.000000
vt 0.250000 0.687500
vt 0.250000 0.625000
vt 0.250000 0.187500
vt 0.250000 0.125000
vt 0.250000 0.562500
vt 0.250000 0.062500
vt 0.250000 0.500000
vt 0.265625 1.000000
vt 0.250000 0.937500
vt 0.265625 0.000000
vt 0.250000 0.437500
vt 0.250000 0.875000
vt 0.250000 0.375000
vt 0.250000 0.812500
vt 0.250000 0.312500
vt 0.250000 0.750000
vt 0.250000 0.250000
vt 0.218750 0.437500
vt 0.218750 0.375000
vt 0.218750 0.875000
vt 0.218750 0.812500
vt 0.218750 0.312500
vt 0.218750 0.750000
vt 0.218750 0.250000
vt 0.218750 0.687500
vt 0.218750 0.187500
vt 0.218750 0.625000
vt 0.218750 0.125000
vt 0.218750 0.562500
vt 0.218750 0.062500
vt 0.218750 0.500000
vt 0.234375 1.000000
vt 0.218750 0.937500
vt 0.234375 0.000000
vt 0.187500 0.187500
vt 0.187500 0.125000
vt 0.187500 0.625000
vt 0.187500 0.562500
vt 0.187500 0.062500
vt 0.187500 0.500000
vt 0.203125 1.000000
vt 0.187500 0.937500
vt 0.203125 0.000000
vt 0.187500 0.437500
vt 0.187500 0.875000
vt 0.187500 0.375000
vt 0.187500 0.812500
vt 0.187500 0.312500
vt 0.187500 0.750000
vt 0.187500 0.250000
vt 0.187500 0.687500
vt 0.156250 0.875000
vt 0.156250 0.812500
vt 0.156250 0.375000
vt 0.156250 0.312500
vt 0.156250 0.750000
vt 0.156250 0.250000
vt 0.156250 0.687500
vt 0.156250 0.187500
vt 0.156250 0.625000
vt 0.156250 0.125000
vt 0.156250 0.562500
vt 0.156250 0.062500
vt 0.156250 0.500000
vt 0.171875 1.000000
vt 0.156250 0.937500
vt 0.171875 0.000000
vt 0.156250 0.437500
vt 0.125000 0.625000
vt 0.125000 0.562500
vt 0.125000 0.125000
vt 0.125000 0.062500
vt 0.125000 0.500000
vt 0.140625 1.000000
vt 0.125000 0.937500
vt 0.140625 0.000000
vt 0.125000 0.437500
vt 0.125000 0.875000
vt 0.125000 0.375000
vt 0.125000 0.812500
vt 0.125000 0.312500
vt 0.125000 0.750000
vt 0.125000 0.250000
vt 0.125000 0.687500
vt 0.125000 0.187500
vt 0.093750 0.375000
vt 0.093750 0.312500
vt 0.093750 0.812500
vt 0.093750 0.750000
vt 0.093750 0.250000
vt 0.093750 0.687500
vt 0.093750 0.187500
vt 0.093750 0.625000
vt 0.093750 0.125000
vt 0.093750 0.562500
vt 0.093750 0.062500
vt 0.093750 0.500000
vt 0.109375 1.000000
vt 0.093750 0.937500
vt 0.109375 0.000000
vt 0.093750 0.437500
vt 0.093750 0.875000
vt 0.062500 0.125000
vt 0.062500 0.062500
vt 0.062500 0.562500
vt 0.062500 0.500000
vt 0.078125 1.000000
vt 0.062500 0.937500
vt 0.078125 0.000000
vt 0.062500 0.437500
vt 0.062500 0.875000
vt 0.062500 0.375000
vt 0.062500 0.812500
vt 0.062500 0.312500
vt 0.062500 0.750000
vt 0.062500 0.250000
vt 0.062500 0.687500
vt 0.062500 0.187500
vt 0.062500 0.625000
vt 0.031250 0.312500
vt 0.031250 0.250000
vt 0.031250 0.750000
vt 0.031250 0.687500
vt 0.031250 0.187500
vt 0.031250 0.625000
vt 0.031250 0.125000
vt 0.031250 0.562500
vt 0.031250 0.062500
vt 0.031250 0.500000
vt 0.046875 1.000000
vt 0.031250 0.937500
vt 0.046875 0.000000
vt 0.031250 0.437500
vt 0.031250 0.875000
vt 0.031250 0.375000
vt 0.031250 0.812500
vt 0.015625 1.000000
vt 0.000000 0.937500
vt 0.015625 0.000000
vt 0.000000 0.062500
vt 0.000000 0.500000
vt 0.000000 0.437500
vt 0.000000 0.875000
vt 0.000000 0.375000
vt 0.000000 0.812500
vt 0.000000 0.312500
vt 0.000000 0.750000
vt 0.000000 0.250000
vt 0.000000 0.687500
vt 0.000000 0.187500
vt 0.000000 0.625000
vt 0.000000 0.125000
vt 0.000000 0.562500
vt 1.000000 0.687500
vt 1.000000 0.750000
vt 0.968750 0.750000
vt 0.968750 0.687500
vt 1.000000 0.187500
vt 1.000000 0.250000
vt 0.968750 0.250000
vt 0.968750 0.187500
vt 1.000000 0.625000
vt 0.968750 0.625000
vt 1.000000 0.125000
vt 0.968750 0.125000
vt 1.000000 0.562500
vt 0.968750 0.562500
vt 1.000000 0.062500
vt 0.968750 0.062500
vt 1.000000 0.500000
vt 0.968750 0.500000
vt 1.000000 0.937500
vt 0.984375 1.000000
vt 0.968750 0.937500
vt 0.984375 0.000000
vt 1.000000 0.437500
vt 0.968750 0.437500
vt 1.000000 0.875000
vt 0.968750 0.875000
vt 1.000000 0.375000
vt 0.968750 0.375000
vt 1.000000 0.812500
vt 0.968750 0.812500
vt 1.000000 0.312500
vt 0.968750 0.312500
vt 0.937500 0.500000
vt 0.937500 0.437500
vt 0.937500 0.937500
vt 0.937500 0.875000
vt 0.937500 0.375000
vt 0.937500 0.812500
vt 0.937500 0.312500
vt 0.937500 0.750000
vt 0.937500 0.250000
vt 0.937500 0.687500
vt 0.937500 0.187500
vt 0.937500 0.625000
vt 0.937500 0.125000
vt 0.937500 0.562500
vt 0.937500 0.062500
vt 0.953125 1.000000
vt 0.953125 0.000000
vt 0.906250 0.250000
vt 0.906250 0.187500
vt 0.906250 0.687500
vt 0.906250 0.625000
vt 0.906250 0.125000
vt 0.906250 0.562500
vt 0.906250 0.062500
vt 0.906250 0.500000
vt 0.921875 1.000000
vt 0.906250 0.937500
vt 0.921875 0.000000
vt 0.906250 0.437500
vt 0.906250 0.875000
vt 0.906250 0.375000
vt 0.906250 0.812500
vt 0.906250 0.312500
vt 0.906250 0.750000
vt 0.875000 0.937500
vt 0.875000 0.875000
vt 0.875000 0.437500
vt 0.875000 0.375000
vt 0.875000 0.812500
vt 0.875000 0.312500
vt 0.875000 0.750000
vt 0.875000 0.250000
vt 0.875000 0.687500
vt 0.875000 0.187500
vt 0.875000 0.625000
vt 0.875000 0.125000
vt 0.875000 0.562500
vt 0.875000 0.062500
vt 0.875000 0.500000
vt 0.890625 1.000000
vt 0.890625 0.000000
vt 0.843750 0.687500
vt 0.843750 0.625000
vt 0.843750 0.187500
vt 0.843750 0.125000
vt 0.843750 0.562500
vt 0.843750 0.062500
vt 0.843750 0.500000
vt 0.859375 1.000000
vt 0.843750 0.937500
vt 0.859375 0.000000
vt 0.843750 0.437500
vt 0.843750 0.875000
vt 0.843750 0.375000
vt 0.843750 0.812500
vt 0.843750 0.312500
vt 0.843750 0.750000
vt 0.843750 0.250000
vt 0.812500 0.437500
vt 0.812500 0.375000
vt 0.812500 0.875000
vt 0.812500 0.812500
vt 0.812500 0.312500
vt 0.812500 0.750000
vt 0.812500 0.250000
vt 0.812500 0.687500
vt 0.812500 0.187500
vt 0.812500 0.625000
vt 0.812500 0.125000
vt 0.812500 0.562500
vt 0.812500 0.062500
vt 0.812500 0.500000
vt 0.828125 1.000000
vt 0.812500 0.937500
vt 0.828125 0.000000
vt 0.781250 0.187500
vt 0.781250 0.125000
vt 0.781250 0.625000
vt 0.781250 0.562500
vt 0.781250 0.062500
vt 0.781250 0.500000
vt 0.796875 1.000000
vt 0.781250 0.937500
vt 0.796875 0.000000
vt 0.781250 0.437500
vt 0.781250 0.875000
vt 0.781250 0.375000
vt 0.781250 0.812500
vt 0.781250 0.312500
vt 0.781250 0.750000
vt 0.781250 0.250000
vt 0.781250 0.687500
vt 0.765625 1.000000
vt 0.765625 0.000000
s 1
usemtl マテリアル.004
f 483/560/516 957/561/516 490/562/516 491/563/516
f 488/564/517 960/565/517 498/566/517 499/567/517
f 958/568/518 483/560/518 491/563/518 492/569/518
f 961/570/519 488/564/519 499/567/519 500/571/519
f 484/572/520 958/568/520 492/569/520 493/573/520
f 962/574/521 961/570/521 500/571/521 501/575/521
f 959/576/522 484/572/522 493/573/522 494/577/522
f 963/578/523 962/574/523 501/575/523 502/579/523
f 485/580/524 959/576/524 494/577/524 495/581/524
f 964/582/525 963/578/525 502/579/525 503/583/525
f 486/584/526 485/580/526 495/581/526 496/585/526
f 956/586/527 564/587/527 489/588/527
f 790/589/528 964/582/528 503/583/528
f 487/590/529 486/584/529 496/585/529 497/591/529
f 957/561/530 956/586/530 489/588/530 490/562/530
f 960/565/531 487/590/531 497/591/531 498/566/531
f 497/591/532 496/585/532 511/592/532 512/593/532
f 490/562/533 489/588/533 504/594/533 505/595/533
f 498/566/534 497/591/534 512/593/534 513/596/534
f 491/563/535 490/562/535 505/595/535 506/597/535
f 499/567/536 498/566/536 513/596/536 514/598/536
f 492/569/537 491/563/537 506/597/537 507/599/537
f 500/571/538 499/567/538 514/598/538 515/600/538
f 493/573/539 492/569/539 507/599/539 508/601/539
f 501/575/540 500/571/540 515/600/540 516/602/540
f 494/577/541 493/573/541 508/601/541 509/603/541
f 502/579/542 501/575/542 516/602/542 517/604/542
f 495/581/543 494/577/543 509/603/543 510/605/543
f 503/583/544 502/579/544 517/604/544 518/606/544
f 496/585/545 495/581/545 510/605/545 511/592/545
f 489/588/546 564/607/546 504/594/546
f 790/608/547 503/583/547 518/606/547
f 516/602/548 515/600/548 530/609/548 531/610/548
f 509/603/549 508/601/549 523/611/549 524/612/549
f 517/604/550 516/602/550 531/610/550 532/613/550
f 510/605/551 509/603/551 524/612/551 525/614/551
f 518/606/552 517/604/552 532/613/552 533/615/552
f 511/592/553 510/605/553 525/614/553 526/616/553
f 504/594/554 564/617/554 519/618/554
f 790/619/555 518/606/555 533/615/555
f 512/593/556 511/592/556 526/616/556 527/620/556
f 505/595/557 504/594/557 519/618/557 520/621/557
f 513/596/558 512/593/558 527/620/558 528/622/558
f 506/597/559 505/595/559 520/621/559 521/623/559
f 514/598/560 513/596/560 528/622/560 529/624/560
f 507/599/561 506/597/561 521/623/561 522/625/561
f 515/600/562 514/598/562 529/624/562 530/609/562
f 508/601/563 507/599/563 522/625/563 523/611/563
f 528/622/564 527/620/564 542/626/564 543/627/564
f 521/623/565 520/621/565 535/628/565 536/629/565
f 529/624/566 528/622/566 543/627/566 544/630/566
f 522/625/567 521/623/567 536/629/567 537/631/567
f 530/609/568 529/624/568 544/630/568 545/632/568
f 523/611/569 522/625/569 537/631/569 538/633/569
f 531/610/570 530/609/570 545/632/570 546/634/570
f 524/612/571 523/611/571 538/633/571 539/635/571
f 532/613/572 531/610/572 546/634/572 547/636/572
f 525/614/573 524/612/573 539/635/573 540/637/573
f 533/615/574 532/613/574 547/636/574 548/638/574
f 526/616/575 525/614/575 540/637/575 541/639/575
f 519/618/576 564/640/576 534/641/576
f 790/642/577 533/615/577 548/638/577
f 527/620/578 526/616/578 541/639/578 542/626/578
f 520/621/579 519/618/579 534/641/579 535/628/579
f 547/636/580 546/634/580 561/643/580 562/644/580
f 540/637/581 539/635/581 554/645/581 555/646/581
f 548/638/582 547/636/582 562/644/582 563/647/582
f 541/639/583 540/637/583 555/646/583 556/648/583
f 534/641/584 564/649/584 549/650/584
f 790/651/585 548/638/585 563/647/585
f 542/626/586 541/639/586 556/648/586 557/652/586
f 535/628/587 534/641/587 549/650/587 550/653/587
f 543/627/588 542/626/588 557/652/588 558/654/588
f 536/629/589 535/628/589 550/653/589 551/655/589
f 544/630/590 543/627/590 558/654/590 559/656/590
f 537/631/591 536/629/591 551/655/591 552/657/591
f 545/632/592 544/630/592 559/656/592 560/658/592
f 538/633/593 537/631/593 552/657/593 553/659/593
f 546/634/594 545/632/594 560/658/594 561/643/594
f 539/635/595 538/633/595 553/659/595 554/645/595
f 551/655/596 550/653/596 566/660/596 567/661/596
f 559/656/597 558/654/597 574/662/597 575/663/597
f 552/657/598 551/655/598 567/661/598 568/664/598
f 560/658/599 559/656/599 575/663/599 576/665/599
f 553/659/600 552/657/600 568/664/600 569/666/600
f 561/643/601 560/658/601 576/665/601 577/667/601
f 554/645/602 553/659/602 569/666/602 570/668/602
f 562/644/603 561/643/603 577/667/603 578/669/603
f 555/646/604 554/645/604 570/668/604 571/670/604
f 563/647/605 562/644/605 578/669/605 579/671/605
f 556/648/606 555/646/606 571/670/606 572/672/606
f 549/650/607 564/673/607 565/674/607
f 790/675/608 563/647/608 579/671/608
f 557/652/609 556/648/609 572/672/609 573/676/609
f 550/653/610 549/650/610 565/674/610 566/660/610
f 558/654/611 557/652/611 573/676/611 574/662/611
f 571/670/612 570/668/612 585/677/612 586/678/612
f 579/671/613 578/669/613 593/679/613 594/680/613
f 572/672/614 571/670/614 586/678/614 587/681/614
f 565/674/615 564/682/615 580/683/615
f 790/684/616 579/671/616 594/680/616
f 573/676/617 572/672/617 587/681/617 588/685/617
f 566/660/618 565/674/618 580/683/618 581/686/618
f 574/662/619 573/676/619 588/685/619 589/687/619
f 567/661/620 566/660/620 581/686/620 582/688/620
f 575/663/621 574/662/621 589/687/621 590/689/621
f 568/664/622 567/661/622 582/688/622 583/690/622
f 576/665/623 575/663/623 590/689/623 591/691/623
f 569/666/624 568/664/624 583/690/624 584/692/624
f 577/667/625 576/665/625 591/691/625 592/693/625
f 570/668/626 569/666/626 584/692/626 585/677/626
f 578/669/627 577/667/627 592/693/627 593/679/627
f 590/689/628 589/687/628 604/694/628 605/695/628
f 583/690/629 582/688/629 597/696/629 598/697/629
f 591/691/630 590/689/630 605/695/630 606/698/630
f 584/692/631 583/690/631 598/697/631 599/699/631
f 592/693/632 591/691/632 606/698/632 607/700/632
f 585/677/633 584/692/633 599/699/633 600/701/633
f 593/679/634 592/693/634 607/700/634 608/702/634
f 586/678/635 585/677/635 600/701/635 601/703/635
f 594/680/636 593/679/636 608/702/636 609/704/636
f 587/681/637 586/678/637 601/703/637 602/705/637
f 580/683/638 564/706/638 595/707/638
f 790/708/639 594/680/639 609/704/639
f 588/685/640 587/681/640 602/705/640 603/709/640
f 581/686/641 580/683/641 595/707/641 596/710/641
f 589/687/642 588/685/642 603/709/642 604/694/642
f 582/688/643 581/686/643 596/710/643 597/696/643
f 609/704/644 608/702/644 623/711/644 624/712/644
f 602/705/645 601/703/645 616/713/645 617/714/645
f 595/707/646 564/715/646 610/716/646
f 790/717/647 609/704/647 624/712/647
f 603/709/648 602/705/648 617/714/648 618/718/648
f 596/710/649 595/707/649 610/716/649 611/719/649
f 604/694/650 603/709/650 618/718/650 619/720/650
f 597/696/651 596/710/651 611/719/651 612/721/651
f 605/695/652 604/694/652 619/720/652 620/722/652
f 598/697/653 597/696/653 612/721/653 613/723/653
f 606/698/654 605/695/654 620/722/654 621/724/654
f 599/699/655 598/697/655 613/723/655 614/725/655
f 607/700/656 606/698/656 621/724/656 622/726/656
f 600/701/657 599/699/657 614/725/657 615/727/657
f 608/702/658 607/700/658 622/726/658 623/711/658
f 601/703/659 600/701/659 615/727/659 616/713/659
f 613/723/660 612/721/660 627/728/660 628/729/660
f 621/724/661 620/722/661 635/730/661 636/731/661
f 614/725/662 613/723/662 628/729/662 629/732/662
f 622/726/663 621/724/663 636/731/663 637/733/663
f 615/727/664 614/725/664 629/732/664 630/734/664
f 623/711/665 622/726/665 637/733/665 638/735/665
f 616/713/666 615/727/666 630/734/666 631/736/666
f 624/712/667 623/711/667 638/735/667 639/737/667
f 617/714/668 616/713/668 631/736/668 632/738/668
f 610/716/669 564/739/669 625/740/669
f 790/741/670 624/712/670 639/737/670
f 618/718/671 617/714/671 632/738/671 633/742/671
f 611/719/672 610/716/672 625/740/672 626/743/672
f 619/720/673 618/718/673 633/742/673 634/744/673
f 612/721/674 611/719/674 626/743/674 627/728/674
f 620/722/675 619/720/675 634/744/675 635/730/675
f 632/738/676 631/736/676 646/745/676 647/746/676
f 625/740/677 564/747/677 640/748/677
f 790/749/678 639/737/678 654/750/678
f 633/742/679 632/738/679 647/746/679 648/751/679
f 626/743/680 625/740/680 640/748/680 641/752/680
f 634/744/681 633/742/681 648/751/681 649/753/681
f 627/728/682 626/743/682 641/752/682 642/754/682
f 635/730/683 634/744/683 649/753/683 650/755/683
f 628/729/684 627/728/684 642/754/684 643/756/684
f 636/731/685 635/730/685 650/755/685 651/757/685
f 629/732/686 628/729/686 643/756/686 644/758/686
f 637/733/687 636/731/687 651/757/687 652/759/687
f 630/734/688 629/732/688 644/758/688 645/760/688
f 638/735/689 637/733/689 652/759/689 653/761/689
f 631/736/690 630/734/690 645/760/690 646/745/690
f 639/737/691 638/735/691 653/761/691 654/750/691
f 651/757/692 650/755/692 665/762/692 666/763/692
f 644/758/693 643/756/693 658/764/693 659/765/693
f 652/759/694 651/757/694 666/763/694 667/766/694
f 645/760/695 644/758/695 659/765/695 660/767/695
f 653/761/696 652/759/696 667/766/696 668/768/696
f 646/745/697 645/760/697 660/767/697 661/769/697
f 654/750/698 653/761/698 668/768/698 669/770/698
f 647/746/699 646/745/699 661/769/699 662/771/699
f 640/748/700 564/772/700 655/773/700
f 790/774/701 654/750/701 669/770/701
f 648/751/702 647/746/702 662/771/702 663/775/702
f 641/752/703 640/748/703 655/773/703 656/776/703
f 649/753/704 648/751/704 663/775/704 664/777/704
f 642/754/705 641/752/705 656/776/705 657/778/705
f 650/755/706 649/753/706 664/777/706 665/762/706
f 643/756/707 642/754/707 657/778/707 658/764/707
f 790/779/708 669/770/708 684/780/708
f 663/775/709 662/771/709 677/781/709 678/782/709
f 656/776/710 655/773/710 670/783/710 671/784/710
f 664/777/711 663/775/711 678/782/711 679/785/711
f 657/778/712 656/776/712 671/784/712 672/786/712
f 665/762/713 664/777/713 679/785/713 680/787/713
f 658/764/714 657/778/714 672/786/714 673/788/714
f 666/763/715 665/762/715 680/787/715 681/789/715
f 659/765/716 658/764/716 673/788/716 674/790/716
f 667/766/717 666/763/717 681/789/717 682/791/717
f 660/767/718 659/765/718 674/790/718 675/792/718
f 668/768/719 667/766/719 682/791/719 683/793/719
f 661/769/720 660/767/720 675/792/720 676/794/720
f 669/770/721 668/768/721 683/793/721 684/780/721
f 662/771/722 661/769/722 676/794/722 677/781/722
f 655/773/723 564/795/723 670/783/723
f 682/791/724 681/789/724 696/796/724 697/797/724
f 675/792/725 674/790/725 689/798/725 690/799/725
f 683/793/726 682/791/726 697/797/726 698/800/726
f 676/794/727 675/792/727 690/799/727 691/801/727
f 684/780/728 683/793/728 698/800/728 699/802/728
f 677/781/729 676/794/729 691/801/729 692/803/729
f 670/783/730 564/804/730 685/805/730
f 790/806/731 684/780/731 699/802/731
f 678/782/732 677/781/732 692/803/732 693/807/732
f 671/784/733 670/783/733 685/805/733 686/808/733
f 679/785/734 678/782/734 693/807/734 694/809/734
f 672/786/735 671/784/735 686/808/735 687/810/735
f 680/787/736 679/785/736 694/809/736 695/811/736
f 673/788/737 672/786/737 687/810/737 688/812/737
f 681/789/738 680/787/738 695/811/738 696/796/738
f 674/790/739 673/788/739 688/812/739 689/798/739
f 686/808/740 685/805/740 700/813/740 701/814/740
f 694/809/741 693/807/741 708/815/741 709/816/741
f 687/810/742 686/808/742 701/814/742 702/817/742
f 695/811/743 694/809/743 709/816/743 710/818/743
f 688/812/744 687/810/744 702/817/744 703/819/744
f 696/796/745 695/811/745 710/818/745 711/820/745
f 689/798/746 688/812/746 703/819/746 704/821/746
f 697/797/747 696/796/747 711/820/747 712/822/747
f 690/799/748 689/798/748 704/821/748 705/823/748
f 698/800/749 697/797/749 712/822/749 713/824/749
f 691/801/750 690/799/750 705/823/750 706/825/750
f 699/802/751 698/800/751 713/824/751 714/826/751
f 692/803/752 691/801/752 706/825/752 707/827/752
f 685/805/753 564/828/753 700/813/753
f 790/829/754 699/802/754 714/826/754
f 693/807/755 692/803/755 707/827/755 708/815/755
f 705/823/756 704/821/756 719/830/756 720/831/756
f 713/824/757 712/822/757 727/832/757 728/833/757
f 706/825/758 705/823/758 720/831/758 721/834/758
f 714/826/759 713/824/759 728/833/759 729/835/759
f 707/827/760 706/825/760 721/834/760 722/836/760
f 700/813/761 564/837/761 715/838/761
f 790/839/762 714/826/762 729/835/762
f 708/815/763 707/827/763 722/836/763 723/840/763
f 701/814/764 700/813/764 715/838/764 716/841/764
f 709/816/765 708/815/765 723/840/765 724/842/765
f 702/817/766 701/814/766 716/841/766 717/843/766
f 710/818/767 709/816/767 724/842/767 725/844/767
f 703/819/768 702/817/768 717/843/768 718/845/768
f 711/820/769 710/818/769 725/844/769 726/846/769
f 704/821/770 703/819/770 718/845/770 719/830/770
f 712/822/771 711/820/771 726/846/771 727/832/771
f 724/842/772 723/840/772 738/847/772 739/848/772
f 717/843/773 716/841/773 731/849/773 732/850/773
f 725/844/774 724/842/774 739/848/774 740/851/774
f 718/845/775 717/843/775 732/850/775 733/852/775
f 726/846/776 725/844/776 740/851/776 741/853/776
f 719/830/777 718/845/777 733/852/777 734/854/777
f 727/832/778 726/846/778 741/853/778 742/855/778
f 720/831/779 719/830/779 734/854/779 735/856/779
f 728/833/780 727/832/780 742/855/780 743/857/780
f 721/834/781 720/831/781 735/856/781 736/858/781
f 729/835/782 728/833/782 743/857/782 744/859/782
f 722/836/783 721/834/783 736/858/783 737/860/783
f 715/838/784 564/861/784 730/862/784
f 790/863/785 729/835/785 744/859/785
f 723/840/786 722/836/786 737/860/786 738/847/786
f 716/841/787 715/838/787 730/862/787 731/849/787
f 743/857/788 742/855/788 757/864/788 758/865/788
f 736/858/789 735/856/789 750/866/789 751/867/789
f 744/859/790 743/857/790 758/865/790 759/868/790
f 737/860/791 736/858/791 751/867/791 752/869/791
f 730/862/792 564/870/792 745/871/792
f 790/872/793 744/859/793 759/868/793
f 738/847/794 737/860/794 752/869/794 753/873/794
f 731/849/795 730/862/795 745/871/795 746/874/795
f 739/848/796 738/847/796 753/873/796 754/875/796
f 732/850/797 731/849/797 746/874/797 747/876/797
f 740/851/798 739/848/798 754/875/798 755/877/798
f 733/852/799 732/850/799 747/876/799 748/878/799
f 741/853/800 740/851/800 755/877/800 756/879/800
f 734/854/801 733/852/801 748/878/801 749/880/801
f 742/855/802 741/853/802 756/879/802 757/864/802
f 735/856/803 734/854/803 749/880/803 750/866/803
f 747/876/804 746/874/804 761/881/804 762/882/804
f 755/877/805 754/875/805 769/883/805 770/884/805
f 748/878/806 747/876/806 762/882/806 763/885/806
f 756/879/807 755/877/807 770/884/807 771/886/807
f 749/880/808 748/878/808 763/885/808 764/887/808
f 757/864/809 756/879/809 771/886/809 772/888/809
f 750/866/810 749/880/810 764/887/810 765/889/810
f 758/865/811 757/864/811 772/888/811 773/890/811
f 751/867/812 750/866/812 765/889/812 766/891/812
f 759/868/813 758/865/813 773/890/813 774/892/813
f 752/869/814 751/867/814 766/891/814 767/893/814
f 745/871/815 564/894/815 760/895/815
f 790/896/816 759/868/816 774/892/816
f 753/873/817 752/869/817 767/893/817 768/897/817
f 746/874/818 745/871/818 760/895/818 761/881/818
f 754/875/819 753/873/819 768/897/819 769/883/819
f 766/891/820 765/889/820 780/898/820 781/899/820
f 774/892/821 773/890/821 788/900/821 789/901/821
f 767/893/822 766/891/822 781/899/822 782/902/822
f 760/895/823 564/903/823 775/904/823
f 790/905/824 774/892/824 789/901/824
f 768/897/825 767/893/825 782/902/825 783/906/825
f 761/881/826 760/895/826 775/904/826 776/907/826
f 769/883/827 768/897/827 783/906/827 784/908/827
f 762/882/828 761/881/828 776/907/828 777/909/828
f 770/884/829 769/883/829 784/908/829 785/910/829
f 763/885/830 762/882/830 777/909/830 778/911/830
f 771/886/831 770/884/831 785/910/831 786/912/831
f 764/887/832 763/885/832 778/911/832 779/913/832
f 772/888/833 771/886/833 786/912/833 787/914/833
f 765/889/834 764/887/834 779/913/834 780/898/834
f 773/890/835 772/888/835 787/914/835 788/900/835
f 785/910/836 784/908/836 800/915/836 801/916/836
f 778/911/837 777/909/837 793/917/837 794/918/837
f 786/912/838 785/910/838 801/916/838 802/919/838
f 779/913/839 778/911/839 794/918/839 795/920/839
f 787/914/840 786/912/840 802/919/840 803/921/840
f 780/898/841 779/913/841 795/920/841 796/922/841
f 788/900/842 787/914/842 803/921/842 804/923/842
f 781/899/843 780/898/843 796/922/843 797/924/843
f 789/901/844 788/900/844 804/923/844 805/925/844
f 782/902/845 781/899/845 797/924/845 798/926/845
f 775/904/846 564/927/846 791/928/846
f 790/929/847 789/901/847 805/925/847
f 783/906/848 782/902/848 798/926/848 799/930/848
f 776/907/849 775/904/849 791/928/849 792/931/849
f 784/908/850 783/906/850 799/930/850 800/915/850
f 777/909/851 776/907/851 792/931/851 793/917/851
f 805/925/852 804/923/852 819/932/852 820/933/852
f 798/926/853 797/924/853 812/934/853 813/935/853
f 791/928/854 564/936/854 806/937/854
f 790/938/855 805/925/855 820/933/855
f 799/930/856 798/926/856 813/935/856 814/939/856
f 792/931/857 791/928/857 806/937/857 807/940/857
f 800/915/858 799/930/858 814/939/858 815/941/858
f 793/917/859 792/931/859 807/940/859 808/942/859
f 801/916/860 800/915/860 815/941/860 816/943/860
f 794/918/861 793/917/861 808/942/861 809/944/861
f 802/919/862 801/916/862 816/943/862 817/945/862
f 795/920/863 794/918/863 809/944/863 810/946/863
f 803/921/864 802/919/864 817/945/864 818/947/864
f 796/922/865 795/920/865 810/946/865 811/948/865
f 804/923/866 803/921/866 818/947/866 819/932/866
f 797/924/867 796/922/867 811/948/867 812/934/867
f 817/945/868 816/943/868 831/949/868 832/950/868
f 810/946/869 809/944/869 824/951/869 825/952/869
f 818/947/870 817/945/870 832/950/870 833/953/870
f 811/948/871 810/946/871 825/952/871 826/954/871
f 819/932/872 818/947/872 833/953/872 834/955/872
f 812/934/873 811/948/873 826/954/873 827/956/873
f 820/933/874 819/932/874 834/955/874 835/957/874
f 813/935/875 812/934/875 827/956/875 828/958/875
f 806/937/876 564/959/876 821/960/876
f 790/961/877 820/933/877 835/957/877
f 814/939/878 813/935/878 828/958/878 829/962/878
f 807/940/879 806/937/879 821/960/879 822/963/879
f 815/941/880 814/939/880 829/962/880 830/964/880
f 808/942/881 807/940/881 822/963/881 823/965/881
f 816/943/882 815/941/882 830/964/882 831/949/882
f 809/944/883 808/942/883 823/965/883 824/951/883
f 821/960/884 564/966/884 836/967/884
f 790/968/885 835/957/885 850/969/885
f 829/962/886 828/958/886 843/970/886 844/971/886
f 822/963/887 821/960/887 836/967/887 837/972/887
f 830/964/888 829/962/888 844/971/888 845/973/888
f 823/965/889 822/963/889 837/972/889 838/974/889
f 831/949/890 830/964/890 845/973/890 846/975/890
f 824/951/891 823/965/891 838/974/891 839/976/891
f 832/950/892 831/949/892 846/975/892 847/977/892
f 825/952/893 824/951/893 839/976/893 840/978/893
f 833/953/894 832/950/894 847/977/894 848/979/894
f 826/954/895 825/952/895 840/978/895 841/980/895
f 834/955/896 833/953/896 848/979/896 849/981/896
f 827/956/897 826/954/897 841/980/897 842/982/897
f 835/957/898 834/955/898 849/981/898 850/969/898
f 828/958/899 827/956/899 842/982/899 843/970/899
f 840/983/900 839/984/900 854/985/900 855/986/900
f 848/987/901 847/988/902 862/989/902 863/990/901
f 841/991/903 840/983/903 855/986/903 856/992/903
f 849/993/904 848/987/904 863/990/904 864/994/904
f 842/995/905 841/991/905 856/992/905 857/996/905
f 850/997/906 849/993/906 864/994/906 865/998/906
f 843/999/907 842/995/907 857/996/907 858/1000/907
f 836/1001/908 564/1002/908 851/1003/908
f 790/1004/909 850/997/909 865/998/909
f 844/1005/910 843/999/910 858/1000/910 859/1006/910
f 837/1007/911 836/1001/911 851/1003/911 852/1008/911
f 845/1009/912 844/1005/912 859/1006/912 860/1010/912
f 838/1011/913 837/1007/913 852/1008/913 853/1012/913
f 846/1013/914 845/1009/915 860/1010/915 861/1014/916
f 839/984/917 838/1011/917 853/1012/917 854/985/917
f 847/988/902 846/1013/914 861/1014/916 862/989/902
f 859/1006/918 858/1000/918 873/1015/918 874/1016/918
f 852/1008/919 851/1003/919 866/1017/919 867/1018/919
f 860/1010/920 859/1006/920 874/1016/920 875/1019/920
f 853/1012/921 852/1008/921 867/1018/921 868/1020/921
f 861/1014/922 860/1010/922 875/1019/922 876/1021/922
f 854/985/923 853/1012/923 868/1020/923 869/1022/923
f 862/989/924 861/1014/924 876/1021/924 877/1023/924
f 855/986/925 854/985/925 869/1022/925 870/1024/925
f 863/990/926 862/989/926 877/1023/926 878/1025/926
f 856/992/927 855/986/927 870/1024/927 871/1026/927
f 864/994/928 863/990/928 878/1025/928 879/1027/928
f 857/996/929 856/992/929 871/1026/929 872/1028/929
f 865/998/930 864/994/930 879/1027/930 880/1029/930
f 858/1000/931 857/996/931 872/1028/931 873/1015/931
f 851/1003/932 564/1030/932 866/1017/932
f 790/1031/933 865/998/933 880/1029/933
f 878/1025/934 877/1023/934 892/1032/934 893/1033/934
f 871/1026/935 870/1024/935 885/1034/935 886/1035/935
f 879/1027/936 878/1025/936 893/1033/936 894/1036/936
f 872/1028/937 871/1026/937 886/1035/937 887/1037/937
f 880/1029/938 879/1027/938 894/1036/938 895/1038/938
f 873/1015/939 872/1028/939 887/1037/939 888/1039/939
f 866/1017/940 564/1040/940 881/1041/940
f 790/1042/941 880/1029/941 895/1038/941
f 874/1016/942 873/1015/942 888/1039/942 889/1043/942
f 867/1018/943 866/1017/943 881/1041/943 882/1044/943
f 875/1019/944 874/1016/944 889/1043/944 890/1045/944
f 868/1020/945 867/1018/945 882/1044/945 883/1046/945
f 876/1021/946 875/1019/946 890/1045/946 891/1047/946
f 869/1022/947 868/1020/947 883/1046/947 884/1048/947
f 877/1023/948 876/1021/948 891/1047/948 892/1032/948
f 870/1024/949 869/1022/949 884/1048/949 885/1034/949
f 882/1044/950 881/1041/950 896/1049/950 897/1050/950
f 890/1045/951 889/1043/951 904/1051/951 905/1052/951
f 883/1046/952 882/1044/952 897/1050/952 898/1053/952
f 891/1047/953 890/1045/953 905/1052/953 906/1054/953
f 884/1048/954 883/1046/954 898/1053/954 899/1055/954
f 892/1032/955 891/1047/955 906/1054/955 907/1056/955
f 885/1034/956 884/1048/956 899/1055/956 900/1057/956
f 893/1033/957 892/1032/957 907/1056/957 908/1058/957
f 886/1035/958 885/1034/958 900/1057/958 901/1059/958
f 894/1036/959 893/1033/959 908/1058/959 909/1060/959
f 887/1037/960 886/1035/960 901/1059/960 902/1061/960
f 895/1038/961 894/1036/961 909/1060/961 910/1062/961
f 888/1039/962 887/1037/962 902/1061/962 903/1063/962
f 881/1041/963 564/1064/963 896/1049/963
f 790/1065/964 895/1038/964 910/1062/964
f 889/1043/965 888/1039/965 903/1063/965 904/1051/965
f 901/1059/966 900/1057/966 915/1066/966 916/1067/966
f 909/1060/967 908/1058/967 923/1068/967 924/1069/967
f 902/1061/968 901/1059/968 916/1067/968 917/1070/968
f 910/1062/969 909/1060/969 924/1069/969 925/1071/969
f 903/1063/970 902/1061/970 917/1070/970 918/1072/970
f 896/1049/971 564/1073/971 911/1074/971
f 790/1075/972 910/1062/972 925/1071/972
f 904/1051/973 903/1063/973 918/1072/973 919/1076/973
f 897/1050/974 896/1049/974 911/1074/974 912/1077/974
f 905/1052/975 904/1051/975 919/1076/975 920/1078/975
f 898/1053/976 897/1050/976 912/1077/976 913/1079/976
f 906/1054/977 905/1052/977 920/1078/977 921/1080/977
f 899/1055/978 898/1053/978 913/1079/978 914/1081/978
f 907/1056/979 906/1054/979 921/1080/979 922/1082/979
f 900/1057/980 899/1055/980 914/1081/980 915/1066/980
f 908/1058/981 907/1056/981 922/1082/981 923/1068/981
f 920/1078/982 919/1076/982 934/1083/982 935/1084/982
f 913/1079/983 912/1077/983 927/1085/983 928/1086/983
f 921/1080/984 920/1078/984 935/1084/984 936/1087/984
f 914/1081/985 913/1079/985 928/1086/985 929/1088/985
f 922/1082/986 921/1080/986 936/1087/986 937/1089/986
f 915/1066/987 914/1081/987 929/1088/987 930/1090/987
f 923/1068/988 922/1082/988 937/1089/988 938/1091/988
f 916/1067/989 915/1066/989 930/1090/989 931/1092/989
f 924/1069/990 923/1068/990 938/1091/990 939/1093/990
f 917/1070/991 916/1067/991 931/1092/991 932/1094/991
f 925/1071/992 924/1069/992 939/1093/992 940/1095/992
f 918/1072/993 917/1070/993 932/1094/993 933/1096/993
f 911/1074/994 564/1097/994 926/1098/994
f 790/1099/995 925/1071/995 940/1095/995
f 919/1076/996 918/1072/996 933/1096/996 934/1083/996
f 912/1077/997 911/1074/997 926/1098/997 927/1085/997
f 939/1093/998 938/1091/998 953/1100/998 954/1101/998
f 932/1094/999 931/1092/999 946/1102/999 947/1103/999
f 940/1095/1000 939/1093/1000 954/1101/1000 955/1104/1000
f 933/1096/1001 932/1094/1001 947/1103/1001 948/1105/1001
f 926/1098/1002 564/1106/1002 941/1107/1002
f 790/1108/1003 940/1095/1003 955/1104/1003
f 934/1083/1004 933/1096/1004 948/1105/1004 949/1109/1004
f 927/1085/1005 926/1098/1005 941/1107/1005 942/1110/1005
f 935/1084/1006 934/1083/1006 949/1109/1006 950/1111/1006
f 928/1086/1007 927/1085/1007 942/1110/1007 943/1112/1007
f 936/1087/1008 935/1084/1008 950/1111/1008 951/1113/1008
f 929/1088/1009 928/1086/1009 943/1112/1009 944/1114/1009
f 937/1089/1010 936/1087/1010 951/1113/1010 952/1115/1010
f 930/1090/1011 929/1088/1011 944/1114/1011 945/1116/1011
f 938/1091/1012 937/1089/1012 952/1115/1012 953/1100/1012
f 931/1092/1013 930/1090/1013 945/1116/1013 946/1102/1013
f 951/1113/1014 950/1111/1014 960/565/1014 488/564/1014
f 944/1114/1015 943/1112/1015 483/560/1015 958/568/1015
f 952/1115/1016 951/1113/1016 488/564/1016 961/570/1016
f 945/1116/1017 944/1114/1017 958/568/1017 484/572/1017
f 953/1100/1018 952/1115/1018 961/570/1018 962/574/1018
f 946/1102/1019 945/1116/1019 484/572/1019 959/576/1019
f 954/1101/1020 953/1100/1020 962/574/1020 963/578/1020
f 947/1103/1021 946/1102/1021 959/576/1021 485/580/1021
f 955/1104/1022 954/1101/1022 963/578/1022 964/582/1022
f 948/1105/1023 947/1103/1023 485/580/1023 486/584/1023
f 941/1107/1024 564/1117/1024 956/586/1024
f 790/1118/1025 955/1104/1025 964/582/1025
f 949/1109/1026 948/1105/1026 486/584/1026 487/590/1026
f 942/1110/1027 941/1107/1027 956/586/1027 957/561/1027
f 950/1111/1028 949/1109/1028 487/590/1028 960/565/1028
f 943/1112/1029 942/1110/1029 957/561/1029 483/560/1029
