# Blender 4.4.0
# www.blender.org
mtllib title.mtl
o テキスト
v -8.852710 1.863434 -0.759998
v -8.818736 1.911825 -0.759998
v -8.780917 1.962364 -0.759998
v -8.739959 2.014336 -0.759998
v -8.696567 2.067024 -0.759998
v -8.651443 2.119713 -0.759999
v -8.605290 2.171685 -0.759999
v -8.558814 2.222224 -0.759999
v -8.512715 2.270616 -0.759999
v -8.467702 2.316142 -0.759999
v -8.424470 2.358088 -0.759999
v -8.383731 2.395738 -0.759999
v -8.346183 2.428374 -0.759999
v -8.478660 2.583807 -0.759999
v -8.518844 2.551065 -0.759999
v -8.562240 2.513176 -0.759999
v -8.608052 2.470968 -0.759999
v -8.655486 2.425274 -0.759999
v -8.703752 2.376922 -0.759999
v -8.752053 2.326744 -0.759999
v -8.799598 2.275570 -0.759998
v -8.845590 2.224229 -0.759998
v -8.889237 2.173553 -0.759998
v -8.929748 2.124371 -0.759998
v -8.966323 2.077514 -0.759998
v -8.998174 2.033813 -0.759998
v -7.430608 1.560334 -0.759999
v -7.426990 1.592532 -0.759999
v -7.421081 1.622157 -0.759999
v -7.412980 1.649104 -0.759999
v -7.402787 1.673269 -0.759999
v -7.390599 1.694549 -0.759999
v -7.376519 1.712840 -0.759999
v -7.360644 1.728038 -0.759999
v -7.343072 1.740040 -0.759999
v -7.323905 1.748741 -0.759999
v -7.303239 1.754037 -0.759999
v -7.281177 1.755826 -0.759999
v -7.249192 1.752579 -0.759999
v -7.218379 1.743053 -0.759999
v -7.189046 1.727570 -0.759999
v -7.161496 1.706450 -0.759999
v -7.136041 1.680017 -0.759999
v -7.112985 1.648592 -0.759999
v -7.092633 1.612496 -0.759999
v -7.075295 1.572052 -0.759999
v -7.061276 1.527580 -0.759999
v -7.050883 1.479403 -0.759999
v -7.044423 1.427843 -0.759999
v -7.042201 1.373221 -0.759999
v -7.043942 1.332882 -0.759999
v -7.048984 1.295615 -0.759999
v -7.057057 1.261503 -0.759999
v -7.067887 1.230630 -0.759999
v -7.081210 1.203077 -0.759999
v -7.096749 1.178929 -0.759999
v -7.114238 1.158268 -0.759999
v -7.133403 1.141178 -0.759999
v -7.153977 1.127741 -0.759999
v -7.175687 1.118040 -0.759999
v -7.198262 1.112159 -0.759999
v -7.221433 1.110180 -0.759999
v -7.258313 1.114530 -0.759999
v -7.291133 1.127049 -0.759999
v -7.320060 1.146937 -0.759999
v -7.345250 1.173394 -0.759999
v -7.366870 1.205622 -0.759999
v -7.385079 1.242821 -0.759999
v -7.400044 1.284193 -0.759999
v -7.411922 1.328938 -0.759999
v -7.420878 1.376257 -0.759999
v -7.427075 1.425350 -0.759999
v -7.430675 1.475419 -0.759999
v -7.431836 1.525665 -0.759999
v -7.475995 0.841161 -0.759999
v -7.476979 0.802096 -0.759999
v -7.480624 0.767028 -0.759999
v -7.487967 0.735842 -0.759999
v -7.500045 0.708422 -0.759999
v -7.517896 0.684657 -0.759999
v -7.542558 0.664430 -0.759999
v -7.575065 0.647628 -0.759999
v -7.616456 0.634138 -0.759999
v -7.667768 0.623844 -0.759999
v -7.730041 0.616632 -0.759999
v -7.804307 0.612389 -0.759999
v -7.891606 0.611000 -0.759999
v -7.929067 0.611488 -0.759998
v -7.968329 0.612909 -0.759998
v -8.008821 0.615203 -0.759998
v -8.049962 0.618306 -0.759998
v -8.091174 0.622157 -0.759998
v -8.131881 0.626693 -0.759998
v -8.171506 0.631851 -0.759998
v -8.209472 0.637570 -0.759998
v -8.245200 0.643786 -0.759998
v -8.278115 0.650439 -0.759998
v -8.307639 0.657466 -0.759998
v -8.333194 0.664804 -0.759998
v -8.365813 0.676983 -0.759998
v -8.396068 0.691249 -0.759998
v -8.423869 0.707819 -0.759998
v -8.449126 0.726910 -0.759998
v -8.471749 0.748742 -0.759998
v -8.491649 0.773532 -0.759998
v -8.508735 0.801498 -0.759998
v -8.522916 0.832858 -0.759998
v -8.534102 0.867829 -0.759998
v -8.542205 0.906630 -0.759998
v -8.547132 0.949479 -0.759998
v -8.548793 0.996594 -0.759998
v -8.548738 1.026073 -0.759998
v -8.548543 1.054826 -0.759998
v -8.548186 1.082998 -0.759998
v -8.547639 1.110733 -0.759998
v -8.546878 1.138178 -0.759998
v -8.545871 1.165478 -0.759998
v -8.544597 1.192778 -0.759998
v -8.543021 1.220223 -0.759998
v -8.541123 1.247959 -0.759998
v -8.538873 1.276130 -0.759998
v -8.536242 1.304883 -0.759998
v -8.533208 1.334363 -0.759998
v -8.754003 1.256646 -0.759998
v -8.754645 1.226890 -0.759998
v -8.755263 1.198690 -0.759998
v -8.755828 1.171737 -0.759998
v -8.756310 1.145717 -0.759998
v -8.756684 1.120320 -0.759998
v -8.756925 1.095234 -0.759998
v -8.757001 1.070149 -0.759998
v -8.756888 1.044752 -0.759998
v -8.756558 1.018732 -0.759998
v -8.755986 0.991778 -0.759998
v -8.755143 0.963579 -0.759998
v -8.754003 0.933823 -0.759998
v -8.749692 0.866641 -0.759998
v -8.741797 0.805374 -0.759998
v -8.730098 0.749713 -0.759998
v -8.714366 0.699344 -0.759998
v -8.694377 0.653958 -0.759998
v -8.669906 0.613242 -0.759998
v -8.640727 0.576885 -0.759998
v -8.606614 0.544575 -0.759998
v -8.567342 0.516002 -0.759998
v -8.522685 0.490854 -0.759998
v -8.472419 0.468820 -0.759998
v -8.416316 0.449588 -0.759998
v -8.385547 0.440877 -0.759998
v -8.349610 0.432705 -0.759998
v -8.309289 0.425115 -0.759998
v -8.265368 0.418147 -0.759998
v -8.218637 0.411844 -0.759998
v -8.169873 0.406246 -0.759998
v -8.119864 0.401396 -0.759998
v -8.069396 0.397334 -0.759998
v -8.019254 0.394103 -0.759998
v -7.970220 0.391744 -0.759998
v -7.923081 0.390297 -0.759998
v -7.878619 0.389806 -0.759998
v -7.757184 0.392700 -0.759999
v -7.653075 0.401251 -0.759999
v -7.565003 0.415260 -0.759999
v -7.491677 0.434532 -0.759999
v -7.431808 0.458869 -0.759999
v -7.384107 0.488073 -0.759999
v -7.347283 0.521948 -0.759999
v -7.320045 0.560296 -0.759999
v -7.301106 0.602920 -0.759999
v -7.289176 0.649623 -0.759999
v -7.282962 0.700207 -0.759999
v -7.281177 0.754477 -0.759999
v -7.283774 0.897954 -0.759999
v -7.277228 0.896521 -0.759999
v -7.270581 0.895214 -0.759999
v -7.263846 0.894030 -0.759999
v -7.257030 0.892972 -0.759999
v -7.250140 0.892038 -0.759999
v -7.243188 0.891228 -0.759999
v -7.236180 0.890543 -0.759999
v -7.229129 0.889983 -0.759999
v -7.222041 0.889547 -0.759999
v -7.214927 0.889235 -0.759999
v -7.207793 0.889048 -0.759999
v -7.200652 0.888986 -0.759999
v -7.163503 0.891657 -0.759999
v -7.125323 0.899891 -0.759999
v -7.086928 0.914020 -0.759999
v -7.049129 0.934376 -0.759999
v -7.012734 0.961292 -0.759999
v -6.978560 0.995099 -0.759999
v -6.947415 1.036130 -0.759999
v -6.920115 1.084717 -0.759999
v -6.897466 1.141192 -0.759999
v -6.880284 1.205886 -0.759999
v -6.869380 1.279133 -0.759999
v -6.865565 1.361264 -0.759999
v -6.869086 1.437526 -0.759999
v -6.879443 1.511785 -0.759999
v -6.896331 1.583158 -0.759999
v -6.919440 1.650764 -0.759999
v -6.948468 1.713721 -0.759999
v -6.983104 1.771145 -0.759999
v -7.023046 1.822155 -0.759999
v -7.067983 1.865869 -0.759999
v -7.117610 1.901404 -0.759999
v -7.171622 1.927879 -0.759999
v -7.229709 1.944411 -0.759999
v -7.291568 1.950118 -0.759999
v -7.298007 1.950055 -0.759999
v -7.304339 1.949868 -0.759999
v -7.310563 1.949557 -0.759999
v -7.316678 1.949121 -0.759999
v -7.322684 1.948561 -0.759999
v -7.328584 1.947876 -0.759999
v -7.334374 1.947066 -0.759999
v -7.340055 1.946132 -0.759999
v -7.345630 1.945073 -0.759999
v -7.351094 1.943890 -0.759999
v -7.356452 1.942583 -0.759999
v -7.361701 1.941150 -0.759999
v -7.361701 2.240061 -0.759999
v -7.265592 2.237072 -0.759999
v -7.236876 2.237260 -0.759999
v -7.206676 2.237833 -0.759999
v -7.175122 2.238799 -0.759999
v -7.142350 2.240171 -0.759999
v -7.108497 2.241958 -0.759999
v -7.073695 2.244170 -0.759999
v -7.038081 2.246819 -0.759999
v -7.001794 2.249913 -0.759999
v -6.964963 2.253465 -0.759999
v -6.927726 2.257483 -0.759999
v -6.890220 2.261979 -0.759999
v -6.852578 2.266963 -0.759999
v -6.842187 2.488156 -0.759999
v -6.880029 2.481681 -0.759999
v -6.916965 2.475715 -0.759999
v -6.953073 2.470268 -0.759999
v -6.988421 2.465350 -0.759999
v -7.023086 2.460972 -0.759999
v -7.057137 2.457144 -0.759999
v -7.090646 2.453876 -0.759999
v -7.123689 2.451180 -0.759999
v -7.156331 2.449064 -0.759999
v -7.188651 2.447540 -0.759999
v -7.220717 2.446618 -0.759999
v -7.252604 2.446309 -0.759999
v -7.361701 2.449298 -0.759999
v -7.361701 2.601742 -0.759999
v -7.361587 2.631247 -0.759999
v -7.361241 2.659933 -0.759999
v -7.360644 2.687725 -0.759999
v -7.359775 2.714553 -0.759999
v -7.358619 2.740342 -0.759999
v -7.357154 2.765022 -0.759999
v -7.355365 2.788517 -0.759999
v -7.353234 2.810758 -0.759999
v -7.350741 2.831669 -0.759999
v -7.347871 2.851180 -0.759999
v -7.344604 2.869216 -0.759999
v -7.340920 2.885707 -0.759999
v -7.569509 2.885707 -0.759999
v -7.567565 2.869045 -0.759999
v -7.565648 2.850557 -0.759999
v -7.563787 2.830408 -0.759999
v -7.562005 2.808765 -0.759999
v -7.560330 2.785793 -0.759999
v -7.558793 2.761659 -0.759999
v -7.557418 2.736528 -0.759999
v -7.556231 2.710567 -0.759999
v -7.555263 2.683942 -0.759999
v -7.554536 2.656819 -0.759999
v -7.554080 2.629363 -0.759999
v -7.553924 2.601742 -0.759999
v -7.553924 2.467232 -0.759999
v -7.594989 2.472775 -0.759999
v -7.636325 2.478940 -0.759999
v -7.677876 2.485728 -0.759999
v -7.719590 2.493138 -0.759999
v -7.761415 2.501171 -0.759999
v -7.803290 2.509827 -0.759999
v -7.845166 2.519106 -0.759999
v -7.886991 2.529007 -0.759999
v -7.928704 2.539531 -0.759999
v -7.970256 2.550678 -0.759999
v -8.011592 2.562448 -0.759999
v -8.052657 2.574840 -0.759999
v -8.052657 2.344679 -0.759999
v -8.012088 2.334466 -0.759999
v -7.970977 2.324752 -0.759999
v -7.929435 2.315535 -0.759999
v -7.887567 2.306817 -0.759999
v -7.845481 2.298597 -0.759999
v -7.803288 2.290875 -0.759999
v -7.761096 2.283652 -0.759999
v -7.719012 2.276926 -0.759999
v -7.677144 2.270699 -0.759999
v -7.635600 2.264970 -0.759999
v -7.594491 2.259739 -0.759999
v -7.553924 2.255006 -0.759999
v -7.553924 1.803652 -0.759999
v -7.563931 1.785973 -0.759999
v -7.573163 1.767339 -0.759999
v -7.581603 1.747793 -0.759999
v -7.589229 1.727374 -0.759999
v -7.596026 1.706125 -0.759999
v -7.601975 1.684088 -0.759999
v -7.607060 1.661302 -0.759999
v -7.611260 1.637812 -0.759999
v -7.614558 1.613657 -0.759999
v -7.616937 1.588879 -0.759999
v -7.618377 1.563520 -0.759999
v -7.618861 1.537621 -0.759999
v -7.618138 1.495028 -0.759999
v -7.615880 1.451200 -0.759999
v -7.611962 1.406521 -0.759999
v -7.606259 1.361375 -0.759999
v -7.598645 1.316146 -0.759999
v -7.588990 1.271218 -0.759999
v -7.577172 1.226974 -0.759999
v -7.563062 1.183800 -0.759999
v -7.546536 1.142079 -0.759999
v -7.527465 1.102195 -0.759999
v -7.505725 1.064532 -0.759999
v -7.481189 1.029474 -0.759999
v -4.347576 2.921712 -0.759999
v -4.388633 2.883561 -0.759999
v -4.429689 2.843439 -0.759999
v -4.470312 2.801790 -0.759999
v -4.510070 2.759062 -0.759999
v -4.548528 2.715701 -0.759999
v -4.585254 2.672153 -0.759999
v -4.619816 2.628865 -0.759999
v -4.651781 2.586283 -0.759999
v -4.680716 2.544852 -0.759999
v -4.706186 2.505020 -0.759999
v -4.727760 2.467232 -0.759999
v -4.564115 2.323755 -0.759999
v -4.543239 2.361664 -0.759999
v -4.518559 2.401845 -0.759999
v -4.490488 2.443833 -0.759999
v -4.459441 2.487159 -0.759999
v -4.425832 2.531358 -0.759999
v -4.390077 2.575961 -0.759999
v -4.352590 2.620501 -0.759999
v -4.313786 2.664513 -0.759999
v -4.274079 2.707528 -0.759999
v -4.233886 2.749080 -0.759999
v -4.193621 2.788701 -0.759999
v -4.153697 2.825925 -0.759999
v -4.306954 2.957445 -0.759999
v -5.675876 1.558545 -0.759999
v -5.675876 1.866423 -0.759999
v -5.187531 1.866423 -0.759999
v -5.187531 1.558545 -0.759999
v -5.675876 2.344679 -0.759999
v -5.187531 2.344679 -0.759999
v -5.187531 2.042780 -0.759999
v -5.675876 2.042780 -0.759999
v -5.675876 1.056376 -0.759999
v -5.675876 1.376210 -0.759999
v -5.187531 1.376210 -0.759999
v -5.187531 1.056376 -0.759999
v -5.781162 2.924549 -0.759999
v -5.798213 2.890315 -0.759999
v -5.815211 2.855022 -0.759999
v -5.832019 2.818950 -0.759999
v -5.848501 2.782380 -0.759999
v -5.864524 2.745593 -0.759999
v -5.879952 2.708867 -0.759999
v -5.894650 2.672484 -0.759999
v -5.908482 2.636724 -0.759999
v -5.921311 2.601866 -0.759999
v -5.933005 2.568192 -0.759999
v -5.943427 2.535982 -0.759999
v -6.423978 2.535982 -0.759999
v -6.423978 2.344679 -0.759999
v -5.857707 2.344679 -0.759999
v -5.857707 2.042780 -0.759999
v -6.338258 2.042780 -0.759999
v -6.338258 1.866423 -0.759999
v -5.857707 1.866423 -0.759999
v -5.857707 1.558545 -0.759999
v -6.333062 1.558545 -0.759999
v -6.333062 1.376210 -0.759999
v -5.857707 1.376210 -0.759999
v -5.857707 1.056376 -0.759999
v -6.473330 1.056376 -0.759999
v -6.473330 0.862084 -0.759999
v -4.997909 0.862084 -0.759999
v -4.997909 2.114518 -0.759999
v -4.981669 2.090106 -0.759999
v -4.965413 2.066181 -0.759999
v -4.949121 2.042733 -0.759999
v -4.932775 2.019753 -0.759999
v -4.916358 1.997229 -0.759999
v -4.899850 1.975151 -0.759999
v -4.883233 1.953510 -0.759999
v -4.866491 1.932294 -0.759999
v -4.849604 1.911493 -0.759999
v -4.832554 1.891097 -0.759999
v -4.815324 1.871095 -0.759999
v -4.797895 1.851477 -0.759999
v -4.791120 1.862761 -0.759999
v -4.782669 1.875487 -0.759999
v -4.772811 1.889355 -0.759999
v -4.761817 1.904063 -0.759999
v -4.749957 1.919312 -0.759999
v -4.737501 1.934798 -0.759999
v -4.724721 1.950223 -0.759999
v -4.711886 1.965285 -0.759999
v -4.699268 1.979682 -0.759999
v -4.687138 1.993114 -0.759999
v -4.675765 2.005279 -0.759999
v -4.665420 2.015878 -0.759999
v -4.721290 2.077466 -0.759999
v -4.775790 2.143911 -0.759999
v -4.828740 2.214840 -0.759999
v -4.879958 2.289879 -0.759999
v -4.929264 2.368654 -0.759999
v -4.976478 2.450792 -0.759999
v -5.021419 2.535919 -0.759999
v -5.063906 2.623662 -0.759999
v -5.103760 2.713646 -0.759999
v -5.140800 2.805499 -0.759999
v -5.174845 2.898846 -0.759999
v -5.205714 2.993314 -0.759999
v -5.382350 2.942499 -0.759999
v -5.371147 2.907500 -0.759999
v -5.359620 2.872740 -0.759999
v -5.347770 2.838208 -0.759999
v -5.335593 2.803894 -0.759999
v -5.323092 2.769787 -0.759999
v -5.310266 2.735878 -0.759999
v -5.297116 2.702155 -0.759999
v -5.283641 2.668609 -0.759999
v -5.269841 2.635229 -0.759999
v -5.255717 2.602005 -0.759999
v -5.241269 2.568926 -0.759999
v -5.226496 2.535982 -0.759999
v -5.727827 2.535982 -0.759999
v -5.717720 2.565533 -0.759999
v -5.706927 2.595791 -0.759999
v -5.695520 2.626589 -0.759999
v -5.683573 2.657760 -0.759999
v -5.671156 2.689138 -0.759999
v -5.658342 2.720558 -0.759999
v -5.645205 2.751854 -0.759999
v -5.631813 2.782859 -0.759999
v -5.618242 2.813408 -0.759999
v -5.604563 2.843333 -0.759999
v -5.590847 2.872470 -0.759999
v -5.577168 2.900652 -0.759999
v -5.764194 2.957445 -0.759999
v -4.681078 0.819567 -0.759999
v -4.696974 0.811643 -0.759999
v -4.713229 0.802536 -0.759999
v -4.729972 0.792339 -0.759999
v -4.747329 0.781145 -0.759999
v -4.765425 0.769049 -0.759999
v -4.784387 0.756142 -0.759999
v -4.804340 0.742520 -0.759999
v -4.825414 0.728275 -0.759999
v -4.847731 0.713501 -0.759999
v -4.871418 0.698291 -0.759999
v -4.896604 0.682738 -0.759999
v -4.939457 0.658978 -0.759999
v -4.984872 0.638372 -0.759999
v -5.032813 0.620714 -0.759999
v -5.083243 0.605796 -0.759999
v -5.136127 0.593411 -0.759999
v -5.191427 0.583351 -0.759999
v -5.249108 0.575407 -0.759999
v -5.309135 0.569374 -0.759999
v -5.371471 0.565042 -0.759999
v -5.436080 0.562205 -0.759999
v -5.502926 0.560655 -0.759999
v -5.571973 0.560185 -0.759999
v -5.647328 0.560555 -0.759999
v -5.726084 0.561652 -0.759999
v -5.807419 0.563454 -0.759999
v -5.890512 0.565942 -0.759999
v -5.974545 0.569093 -0.759999
v -6.058694 0.572889 -0.759999
v -6.142139 0.577307 -0.759999
v -6.224061 0.582326 -0.759999
v -6.303638 0.587928 -0.759999
v -6.380048 0.594089 -0.759999
v -6.452471 0.600790 -0.759999
v -6.520087 0.608011 -0.759999
v -6.513453 0.591258 -0.759999
v -6.506619 0.572626 -0.759999
v -6.499715 0.552479 -0.759999
v -6.492862 0.531180 -0.759999
v -6.486192 0.509092 -0.759999
v -6.479827 0.486578 -0.759999
v -6.473894 0.464003 -0.759999
v -6.468521 0.441728 -0.759999
v -6.463834 0.420118 -0.759999
v -6.459958 0.399535 -0.759999
v -6.457021 0.380342 -0.759999
v -6.455148 0.362904 -0.759999
v -6.400563 0.359177 -0.759999
v -6.337763 0.355501 -0.759999
v -6.268162 0.351929 -0.759999
v -6.193177 0.348512 -0.759999
v -6.114223 0.345303 -0.759999
v -6.032718 0.342354 -0.759999
v -5.950074 0.339716 -0.759999
v -5.867711 0.337442 -0.759999
v -5.787044 0.335582 -0.759999
v -5.709487 0.334189 -0.759999
v -5.636459 0.333316 -0.759999
v -5.569376 0.333013 -0.759999
v -5.494452 0.333722 -0.759999
v -5.422839 0.335947 -0.759999
v -5.354384 0.339832 -0.759999
v -5.288933 0.345523 -0.759999
v -5.226330 0.353165 -0.759999
v -5.166426 0.362904 -0.759999
v -5.109064 0.374885 -0.759999
v -5.054092 0.389253 -0.759999
v -5.001358 0.406153 -0.759999
v -4.950707 0.425731 -0.759999
v -4.901986 0.448132 -0.759999
v -4.855042 0.473501 -0.759999
v -4.827607 0.491629 -0.759999
v -4.801165 0.509924 -0.759999
v -4.775734 0.528052 -0.759999
v -4.751330 0.545682 -0.759999
v -4.727974 0.562482 -0.759999
v -4.705681 0.578120 -0.759999
v -4.684471 0.592263 -0.759999
v -4.664361 0.604579 -0.759999
v -4.645369 0.614736 -0.759999
v -4.627514 0.622403 -0.759999
v -4.610814 0.627246 -0.759999
v -4.595285 0.628934 -0.759999
v -4.572524 0.625660 -0.759999
v -4.548492 0.616189 -0.759999
v -4.523324 0.601052 -0.759999
v -4.497154 0.580777 -0.759999
v -4.470119 0.555893 -0.759999
v -4.442353 0.526931 -0.759999
v -4.413991 0.494420 -0.759999
v -4.385169 0.458888 -0.759999
v -4.356024 0.420865 -0.759999
v -4.326688 0.380880 -0.759999
v -4.297298 0.339464 -0.759999
v -4.267990 0.297144 -0.759999
v -4.114733 0.521327 -0.759999
v -4.144703 0.553003 -0.759999
v -4.174814 0.583683 -0.759999
v -4.205000 0.613242 -0.759999
v -4.235185 0.641555 -0.759999
v -4.265297 0.668498 -0.759999
v -4.295265 0.693947 -0.759999
v -4.325017 0.717777 -0.759999
v -4.354480 0.739863 -0.759999
v -4.383583 0.760081 -0.759999
v -4.412251 0.778306 -0.759999
v -4.440417 0.794414 -0.759999
v -4.468003 0.808280 -0.759999
v -4.468003 1.660175 -0.759999
v -4.164087 1.660175 -0.759999
v -4.164087 1.878379 -0.759999
v -4.665420 1.878379 -0.759999
v -4.665420 0.826215 -0.759999
v -1.893181 2.503074 -0.759999
v -1.954165 2.510353 -0.759999
v -2.026243 2.518794 -0.759999
v -2.108252 2.528232 -0.759999
v -2.199026 2.538500 -0.759999
v -2.297404 2.549433 -0.759999
v -2.402223 2.560863 -0.759999
v -2.512318 2.572626 -0.759999
v -2.626526 2.584554 -0.759999
v -2.743683 2.596483 -0.759999
v -2.862625 2.608246 -0.759999
v -2.982191 2.619677 -0.759999
v -3.052145 2.626215 -0.759999
v -3.120367 2.632380 -0.759999
v -3.186750 2.638171 -0.759999
v -3.251184 2.643589 -0.759999
v -3.313562 2.648633 -0.759999
v -3.373775 2.653304 -0.759999
v -3.431716 2.657601 -0.759999
v -3.487275 2.661524 -0.759999
v -3.540345 2.665073 -0.759999
v -3.590817 2.668249 -0.759999
v -3.638584 2.671052 -0.759999
v -3.683536 2.673480 -0.759999
v -3.683536 2.434352 -0.759999
v -3.644946 2.434268 -0.759999
v -3.603614 2.433923 -0.759999
v -3.560153 2.433185 -0.759999
v -3.515177 2.431917 -0.759999
v -3.469297 2.429984 -0.759999
v -3.423131 2.427253 -0.759999
v -3.377288 2.423588 -0.759999
v -3.332383 2.418853 -0.759999
v -3.289030 2.412915 -0.759999
v -3.247841 2.405637 -0.759999
v -3.209431 2.396886 -0.759999
v -3.174411 2.386527 -0.759999
v -3.085223 2.345791 -0.759999
v -3.002275 2.293297 -0.759999
v -2.925857 2.230486 -0.759999
v -2.856257 2.158801 -0.759999
v -2.793765 2.079685 -0.759999
v -2.738669 1.994581 -0.759999
v -2.691257 1.904930 -0.759999
v -2.651818 1.812176 -0.759999
v -2.620641 1.717762 -0.759999
v -2.598014 1.623129 -0.759999
v -2.584227 1.529721 -0.759999
v -2.579567 1.438981 -0.759999
v -2.589113 1.301411 -0.759999
v -2.616545 1.179607 -0.759999
v -2.660050 1.072769 -0.759999
v -2.717814 0.980098 -0.759999
v -2.788026 0.900796 -0.759999
v -2.868871 0.834062 -0.759999
v -2.958537 0.779097 -0.759999
v -3.055211 0.735103 -0.759999
v -3.157080 0.701280 -0.759999
v -3.262332 0.676829 -0.759999
v -3.369153 0.660951 -0.759999
v -3.475730 0.652847 -0.759999
v -3.400401 0.404752 -0.759999
v -3.279214 0.415767 -0.759999
v -3.157349 0.438573 -0.759999
v -3.036945 0.473501 -0.759999
v -2.920139 0.520884 -0.759999
v -2.809070 0.581053 -0.759999
v -2.705874 0.654342 -0.759999
v -2.612690 0.741081 -0.759999
v -2.531656 0.841603 -0.759999
v -2.464909 0.956241 -0.759999
v -2.414584 1.085326 -0.759999
v -2.382822 1.229190 -0.759999
v -2.371760 1.388166 -0.759999
v -2.376756 1.502861 -0.759999
v -2.391147 1.613498 -0.759999
v -2.414053 1.719630 -0.759999
v -2.444590 1.820811 -0.759999
v -2.481873 1.916596 -0.759999
v -2.525019 2.006537 -0.759999
v -2.573142 2.090189 -0.759999
v -2.625361 2.167104 -0.759999
v -2.680791 2.236838 -0.759999
v -2.738548 2.298943 -0.759999
v -2.797748 2.352974 -0.759999
v -2.857508 2.398483 -0.759999
v -2.780457 2.388791 -0.759999
v -2.690048 2.377739 -0.759999
v -2.588943 2.365463 -0.759999
v -2.479801 2.352096 -0.759999
v -2.365283 2.337775 -0.759999
v -2.248052 2.322634 -0.759999
v -2.130766 2.306808 -0.759999
v -2.016086 2.290432 -0.759999
v -1.906673 2.273641 -0.759999
v -1.805189 2.256570 -0.759999
v -1.714293 2.239353 -0.759999
v -1.636646 2.222126 -0.759999
v -1.613269 2.482178 -0.759999
v -1.637611 2.482986 -0.759999
v -1.661241 2.483908 -0.759999
v -1.684094 2.484933 -0.759999
v -1.706110 2.486053 -0.759999
v -1.727221 2.487255 -0.759999
v -1.747370 2.488530 -0.759999
v -1.766489 2.489867 -0.759999
v -1.784516 2.491256 -0.759999
v -1.801391 2.492686 -0.759999
v -1.817047 2.494148 -0.759999
v -1.831422 2.495631 -0.759999
v -1.844454 2.497123 -0.759999
v -3.390010 1.579469 -0.759999
v -3.374758 1.615561 -0.759999
v -3.358900 1.651996 -0.759999
v -3.342483 1.688618 -0.759999
v -3.325552 1.725271 -0.759999
v -3.308152 1.761799 -0.759999
v -3.290328 1.798047 -0.759999
v -3.272125 1.833859 -0.759999
v -3.253590 1.869080 -0.759999
v -3.234765 1.903553 -0.759999
v -3.215696 1.937123 -0.759999
v -3.196430 1.969635 -0.759999
v -3.177010 2.000932 -0.759999
v -3.309484 2.066693 -0.759999
v -3.325185 2.040308 -0.759999
v -3.342219 2.010799 -0.759999
v -3.360300 1.978654 -0.759999
v -3.379139 1.944361 -0.759999
v -3.398446 1.908407 -0.759999
v -3.417934 1.871280 -0.759999
v -3.437314 1.833468 -0.759999
v -3.456297 1.795459 -0.759999
v -3.474594 1.757741 -0.759999
v -3.491918 1.720801 -0.759999
v -3.507977 1.685127 -0.759999
v -3.522487 1.651207 -0.759999
v -3.683536 1.705011 -0.759999
v -3.667684 1.741616 -0.759999
v -3.651318 1.778147 -0.759999
v -3.634465 1.814534 -0.759999
v -3.617153 1.850702 -0.759999
v -3.599407 1.886580 -0.759999
v -3.581256 1.922095 -0.759999
v -3.562726 1.957173 -0.759999
v -3.543844 1.991744 -0.759999
v -3.524637 2.025733 -0.759999
v -3.505133 2.059067 -0.759999
v -3.485358 2.091676 -0.759999
v -3.465339 2.123486 -0.759999
v -3.592621 2.192235 -0.759999
v -3.609025 2.165909 -0.759999
v -3.626862 2.136563 -0.759999
v -3.645833 2.104663 -0.759999
v -3.665644 2.070678 -0.759999
v -3.685996 2.035074 -0.759999
v -3.706592 1.998317 -0.759999
v -3.727133 1.960875 -0.759999
v -3.747322 1.923216 -0.759999
v -3.766863 1.885805 -0.759999
v -3.785456 1.849111 -0.759999
v -3.802804 1.813600 -0.759999
v -3.818610 1.779739 -0.759999
v 0.498783 1.794684 -0.759999
v 0.404662 1.794684 -0.759999
v 0.287021 1.794684 -0.759999
v 0.151735 1.794684 -0.759999
v 0.004690 1.794684 -0.759999
v -0.148236 1.794684 -0.759999
v -0.301163 1.794684 -0.759999
v -0.448209 1.794684 -0.759999
v -0.583493 1.794684 -0.759999
v -0.701136 1.794684 -0.759999
v -0.795256 1.794684 -0.759999
v -0.859972 1.794684 -0.759999
v -0.891685 1.794864 -0.759999
v -0.921881 1.795376 -0.759999
v -0.950562 1.796179 -0.759999
v -0.977729 1.797230 -0.759999
v -1.003380 1.798490 -0.759999
v -1.027515 1.799915 -0.759999
v -1.050137 1.801465 -0.759999
v -1.071241 1.803098 -0.759999
v -1.090832 1.804772 -0.759999
v -1.108907 1.806447 -0.759999
v -1.125465 1.808080 -0.759999
v -1.140510 1.809630 -0.759999
v -1.140510 1.516698 -0.759999
v -1.126360 1.517620 -0.759999
v -1.110001 1.518843 -0.759999
v -1.091601 1.520294 -0.759999
v -1.071337 1.521901 -0.759999
v -1.049376 1.523591 -0.759999
v -1.025891 1.525291 -0.759999
v -1.001054 1.526930 -0.759999
v -0.975034 1.528433 -0.759999
v -0.948005 1.529728 -0.759999
v -0.920137 1.530744 -0.759999
v -0.891602 1.531406 -0.759999
v -0.862570 1.531643 -0.759999
v -0.797306 1.531643 -0.759999
v -0.702819 1.531643 -0.759999
v -0.584954 1.531643 -0.759999
v -0.449556 1.531643 -0.759999
v -0.302468 1.531643 -0.759999
v -0.149536 1.531643 -0.759999
v 0.003396 1.531643 -0.759999
v 0.150484 1.531643 -0.759999
v 0.285883 1.531643 -0.759999
v 0.403748 1.531643 -0.759999
v 0.498235 1.531643 -0.759999
v 0.563498 1.531643 -0.759999
v 0.599077 1.531520 -0.759999
v 0.634259 1.531159 -0.759999
v 0.668862 1.530569 -0.759999
v 0.702709 1.529761 -0.759999
v 0.735619 1.528746 -0.759999
v 0.767408 1.527533 -0.759999
v 0.797900 1.526134 -0.759999
v 0.826913 1.524558 -0.759999
v 0.854265 1.522816 -0.759999
v 0.879778 1.520918 -0.759999
v 0.903270 1.518876 -0.759999
v 0.924562 1.516698 -0.759999
v 0.924562 1.809630 -0.759999
v 0.903866 1.808080 -0.759999
v 0.880860 1.806447 -0.759999
v 0.855726 1.804773 -0.759999
v 0.828644 1.803098 -0.759999
v 0.799794 1.801465 -0.759999
v 0.769357 1.799915 -0.759999
v 0.737513 1.798490 -0.759999
v 0.704441 1.797230 -0.759999
v 0.670324 1.796179 -0.759999
v 0.635342 1.795376 -0.759999
v 0.599672 1.794864 -0.759999
v 0.563498 1.794684 -0.759999
v 3.244981 1.367103 -0.759999
v 3.203501 1.374093 -0.759999
v 3.156610 1.382142 -0.759999
v 3.104793 1.391156 -0.759999
v 3.048539 1.401041 -0.759999
v 2.988335 1.411706 -0.759999
v 2.924667 1.423055 -0.759999
v 2.858024 1.434996 -0.759999
v 2.788890 1.447435 -0.759999
v 2.717754 1.460279 -0.759999
v 2.645103 1.473433 -0.759999
v 2.571424 1.486807 -0.759999
v 2.675327 2.087616 -0.759999
v 3.246794 1.980009 -0.760000
v 3.264724 1.976269 -0.760000
v 3.282222 1.972508 -0.760000
v 3.299395 1.968706 -0.760000
v 3.316351 1.964842 -0.760000
v 3.333199 1.960894 -0.760000
v 3.350048 1.956843 -0.760000
v 3.367003 1.952667 -0.760000
v 3.384176 1.948346 -0.760000
v 3.401674 1.943859 -0.760000
v 3.419604 1.939185 -0.760000
v 3.438076 1.934304 -0.760000
v 3.457197 1.929194 -0.760000
v 3.501356 2.198213 -0.760000
v 3.485060 2.199025 -0.760000
v 3.468610 2.199971 -0.760000
v 3.451962 2.201062 -0.760000
v 3.435070 2.202309 -0.760000
v 3.417890 2.203723 -0.760000
v 3.400376 2.205312 -0.760000
v 3.382483 2.207089 -0.760000
v 3.364166 2.209063 -0.760000
v 3.345380 2.211244 -0.760000
v 3.326079 2.213643 -0.760000
v 3.306220 2.216270 -0.760000
v 3.285757 2.219137 -0.760000
v 3.257895 2.222674 -0.760000
v 3.225207 2.227260 -0.760000
v 3.188065 2.232821 -0.760000
v 3.146836 2.239285 -0.760000
v 3.101891 2.246580 -0.760000
v 3.053599 2.254632 -0.760000
v 3.002331 2.263370 -0.760000
v 2.948457 2.272719 -0.760000
v 2.892346 2.282609 -0.760000
v 2.834368 2.292965 -0.759999
v 2.774893 2.303715 -0.759999
v 2.714290 2.314788 -0.759999
v 2.768840 2.628644 -0.760000
v 2.772192 2.647827 -0.760000
v 2.775743 2.666533 -0.760000
v 2.779473 2.684783 -0.760000
v 2.783367 2.702596 -0.760000
v 2.787405 2.719995 -0.760000
v 2.791568 2.736999 -0.760000
v 2.795840 2.753629 -0.760000
v 2.800203 2.769907 -0.760000
v 2.804637 2.785852 -0.760000
v 2.809126 2.801486 -0.760000
v 2.813651 2.816829 -0.760000
v 2.818193 2.831903 -0.760000
v 2.584412 2.879728 -0.760000
v 2.583554 2.864995 -0.760000
v 2.582318 2.849298 -0.760000
v 2.580759 2.832790 -0.760000
v 2.578928 2.815629 -0.760000
v 2.576880 2.797969 -0.759999
v 2.574671 2.779967 -0.759999
v 2.572352 2.761778 -0.759999
v 2.569981 2.743558 -0.759999
v 2.567608 2.725463 -0.759999
v 2.565290 2.707648 -0.759999
v 2.563081 2.690268 -0.759999
v 2.561033 2.673480 -0.759999
v 2.506485 2.350657 -0.759999
v 2.443831 2.362541 -0.759999
v 2.382125 2.374238 -0.759999
v 2.321772 2.385686 -0.759999
v 2.263178 2.396822 -0.759999
v 2.206748 2.407585 -0.759999
v 2.152889 2.417912 -0.759999
v 2.102007 2.427741 -0.759999
v 2.054506 2.437009 -0.759999
v 2.010794 2.445655 -0.759999
v 1.971276 2.453615 -0.759999
v 1.936357 2.460829 -0.759999
v 1.906445 2.467232 -0.759999
v 1.887835 2.471086 -0.759999
v 1.869694 2.475148 -0.759999
v 1.852058 2.479375 -0.759999
v 1.834963 2.483727 -0.759999
v 1.818446 2.488163 -0.759999
v 1.802542 2.492640 -0.759999
v 1.787287 2.497116 -0.759999
v 1.772718 2.501551 -0.759999
v 1.758870 2.505904 -0.759999
v 1.745780 2.510131 -0.759999
v 1.733483 2.514193 -0.759999
v 1.722017 2.518047 -0.759999
v 1.677858 2.266963 -0.759999
v 1.688434 2.265347 -0.759999
v 1.700552 2.263503 -0.759999
v 1.714022 2.261451 -0.759999
v 1.728656 2.259213 -0.759999
v 1.744264 2.256809 -0.759999
v 1.760656 2.254259 -0.759999
v 1.777644 2.251585 -0.759999
v 1.795038 2.248806 -0.759999
v 1.812648 2.245945 -0.759999
v 1.830285 2.243022 -0.759999
v 1.847760 2.240057 -0.759999
v 1.864883 2.237072 -0.759999
v 2.470119 2.126475 -0.759999
v 2.366216 1.525665 -0.759999
v 1.727212 1.651207 -0.759999
v 1.702474 1.657064 -0.759999
v 1.678881 1.662693 -0.759999
v 1.656388 1.668114 -0.759999
v 1.634951 1.673349 -0.759999
v 1.614523 1.678417 -0.759999
v 1.595061 1.683340 -0.759999
v 1.576519 1.688139 -0.759999
v 1.558851 1.692833 -0.759999
v 1.542013 1.697445 -0.759999
v 1.525960 1.701994 -0.759999
v 1.510647 1.706502 -0.759999
v 1.496028 1.710989 -0.759999
v 1.454467 1.459905 -0.759999
v 1.468690 1.458227 -0.759999
v 1.484050 1.456196 -0.759999
v 1.500492 1.453833 -0.759999
v 1.517962 1.451159 -0.759999
v 1.536407 1.448194 -0.759999
v 1.555772 1.444959 -0.759999
v 1.576002 1.441475 -0.759999
v 1.597044 1.437763 -0.759999
v 1.618844 1.433844 -0.759999
v 1.641347 1.429737 -0.759999
v 1.664500 1.425464 -0.759999
v 1.688248 1.421046 -0.759999
v 2.327252 1.304471 -0.759999
v 2.220751 0.703662 -0.759999
v 2.216151 0.681699 -0.759999
v 2.211443 0.659227 -0.759999
v 2.206627 0.636360 -0.759999
v 2.201702 0.613214 -0.759999
v 2.196670 0.589901 -0.759999
v 2.191529 0.566537 -0.759999
v 2.186280 0.543235 -0.759999
v 2.180922 0.520109 -0.759999
v 2.175456 0.497274 -0.759999
v 2.169882 0.474843 -0.759999
v 2.164200 0.452932 -0.759999
v 2.158409 0.431654 -0.759999
v 2.394789 0.380839 -0.759999
v 2.397937 0.406004 -0.759999
v 2.400922 0.430713 -0.759999
v 2.403800 0.455006 -0.759999
v 2.406622 0.478926 -0.759999
v 2.409445 0.502513 -0.759999
v 2.412323 0.525810 -0.759999
v 2.415308 0.548858 -0.759999
v 2.418457 0.571699 -0.759999
v 2.421821 0.594373 -0.759999
v 2.425455 0.616923 -0.759999
v 2.429414 0.639389 -0.759999
v 2.433753 0.661814 -0.759999
v 2.535058 1.265613 -0.759999
v 2.608036 1.251491 -0.759999
v 2.679896 1.237576 -0.759999
v 2.750169 1.223953 -0.759999
v 2.818386 1.210702 -0.759999
v 2.884077 1.197909 -0.759999
v 2.946773 1.185655 -0.759999
v 3.006006 1.174023 -0.759999
v 3.061307 1.163098 -0.759999
v 3.112206 1.152961 -0.759999
v 3.158235 1.143697 -0.759999
v 3.198925 1.135386 -0.759999
v 3.233805 1.128114 -0.759999
v 3.258543 1.123003 -0.759999
v 3.282126 1.118109 -0.759999
v 3.304590 1.113402 -0.759999
v 3.325972 1.108851 -0.759999
v 3.346307 1.104425 -0.759999
v 3.365633 1.100092 -0.759999
v 3.383985 1.095821 -0.759999
v 3.401398 1.091581 -0.759999
v 3.417909 1.087341 -0.759999
v 3.433555 1.083070 -0.759999
v 3.448370 1.078737 -0.760000
v 3.462392 1.074311 -0.760000
v 3.509148 1.334363 -0.760000
v 3.493390 1.335292 -0.760000
v 3.476161 1.336563 -0.760000
v 3.457725 1.338146 -0.760000
v 3.438341 1.340009 -0.760000
v 3.418271 1.342121 -0.760000
v 3.397778 1.344451 -0.760000
v 3.377122 1.346967 -0.760000
v 3.356565 1.349640 -0.760000
v 3.336370 1.352437 -0.760000
v 3.316796 1.355328 -0.760000
v 3.298107 1.358280 -0.759999
v 3.280562 1.361264 -0.759999
v 4.405312 1.549578 -0.760000
v 4.400117 1.549578 -0.760000
v 4.371000 1.605771 -0.760000
v 4.342092 1.656369 -0.760000
v 4.313382 1.701508 -0.760000
v 4.284861 1.741323 -0.760000
v 4.256521 1.775949 -0.760000
v 4.228353 1.805520 -0.760000
v 4.200346 1.830171 -0.760000
v 4.172493 1.850038 -0.760000
v 4.144783 1.865255 -0.760000
v 4.117210 1.875957 -0.760000
v 4.089763 1.882280 -0.760000
v 4.062432 1.884357 -0.760000
v 4.039154 1.883297 -0.760000
v 4.016048 1.880109 -0.760000
v 3.993068 1.874783 -0.760000
v 3.970170 1.867308 -0.760000
v 3.947307 1.857675 -0.760000
v 3.924435 1.845873 -0.760000
v 3.901510 1.831891 -0.760000
v 3.878485 1.815719 -0.760000
v 3.855316 1.797346 -0.760000
v 3.831957 1.776763 -0.760000
v 3.808364 1.753959 -0.760000
v 3.784492 1.728924 -0.760000
v 3.906578 1.498763 -0.760000
v 3.924511 1.517677 -0.760000
v 3.943112 1.535491 -0.760000
v 3.962182 1.552100 -0.760000
v 3.981523 1.567402 -0.760000
v 4.000936 1.581292 -0.760000
v 4.020222 1.593667 -0.760000
v 4.039184 1.604423 -0.760000
v 4.057622 1.613456 -0.760000
v 4.075339 1.620662 -0.760000
v 4.092136 1.625938 -0.760000
v 4.107815 1.629180 -0.760000
v 4.122177 1.630284 -0.760000
v 4.161033 1.626563 -0.760000
v 4.198167 1.615712 -0.760000
v 4.233263 1.598197 -0.760000
v 4.266005 1.574487 -0.760000
v 4.296076 1.545048 -0.760000
v 4.323163 1.510346 -0.760000
v 4.346949 1.470849 -0.760000
v 4.367118 1.427025 -0.760000
v 4.383354 1.379339 -0.760000
v 4.395342 1.328260 -0.760000
v 4.402767 1.274253 -0.760000
v 4.405312 1.217788 -0.760000
v 4.405312 0.515348 -0.760000
v 4.636496 0.515348 -0.760000
v 4.636496 1.857455 -0.760000
v 4.405312 1.857455 -0.760000
v 4.957075 0.621147 -0.760000
v 4.991667 0.597770 -0.760000
v 5.026295 0.576718 -0.760000
v 5.061248 0.557971 -0.760000
v 5.096815 0.541507 -0.760000
v 5.133283 0.527305 -0.760000
v 5.170942 0.515345 -0.760000
v 5.210080 0.505606 -0.760000
v 5.250985 0.498068 -0.760000
v 5.293947 0.492709 -0.760000
v 5.339255 0.489509 -0.760000
v 5.387196 0.488447 -0.760000
v 5.474731 0.495425 -0.760000
v 5.555412 0.515625 -0.760000
v 5.629094 0.547948 -0.760000
v 5.695633 0.591294 -0.760000
v 5.754885 0.644561 -0.760000
v 5.806704 0.706651 -0.760000
v 5.850946 0.776462 -0.760000
v 5.887469 0.852896 -0.760000
v 5.916126 0.934850 -0.760000
v 5.936775 1.021226 -0.760000
v 5.949270 1.110924 -0.760000
v 5.953467 1.202842 -0.760000
v 5.948885 1.301648 -0.760000
v 5.935428 1.394477 -0.760000
v 5.913529 1.480828 -0.760000
v 5.883621 1.560206 -0.760000
v 5.846137 1.632110 -0.760000
v 5.801509 1.696044 -0.760000
v 5.750171 1.751508 -0.760000
v 5.692555 1.798006 -0.760000
v 5.629095 1.835037 -0.760000
v 5.560223 1.862105 -0.760000
v 5.486372 1.878711 -0.760000
v 5.407976 1.884357 -0.760000
v 5.333074 1.879306 -0.760000
v 5.263124 1.864125 -0.760000
v 5.198424 1.838773 -0.760000
v 5.139271 1.803209 -0.760000
v 5.085962 1.757390 -0.760000
v 5.038795 1.701275 -0.760000
v 4.998069 1.634823 -0.760000
v 4.964079 1.557992 -0.760000
v 4.937125 1.470740 -0.760000
v 4.917503 1.373027 -0.760000
v 4.905512 1.264811 -0.760000
v 4.901449 1.146049 -0.760000
v 5.722282 1.146049 -0.760000
v 5.711192 1.082224 -0.760000
v 5.696115 1.023786 -0.760000
v 5.677069 0.970766 -0.760000
v 5.654073 0.923195 -0.760000
v 5.627144 0.881104 -0.760000
v 5.596301 0.844523 -0.760000
v 5.561561 0.813486 -0.760000
v 5.522943 0.788021 -0.760000
v 5.480465 0.768161 -0.760000
v 5.434144 0.753937 -0.760000
v 5.384000 0.745380 -0.760000
v 5.330049 0.742520 -0.760000
v 5.295138 0.743755 -0.760000
v 5.260516 0.747419 -0.760000
v 5.226146 0.753449 -0.760000
v 5.191992 0.761783 -0.760000
v 5.158020 0.772359 -0.760000
v 5.124191 0.785115 -0.760000
v 5.090470 0.799988 -0.760000
v 5.056822 0.816916 -0.760000
v 5.023210 0.835836 -0.760000
v 4.989598 0.856687 -0.760000
v 4.955950 0.879407 -0.760000
v 4.922230 0.903932 -0.760000
v 4.922230 0.646869 -0.760000
v 5.133914 1.371633 -0.760000
v 5.141581 1.417559 -0.760000
v 5.152927 1.459998 -0.760000
v 5.167845 1.498763 -0.760000
v 5.186226 1.533667 -0.760000
v 5.207963 1.564523 -0.760000
v 5.232947 1.591145 -0.760000
v 5.261069 1.613345 -0.760000
v 5.292222 1.630937 -0.760000
v 5.326297 1.643734 -0.760000
v 5.363186 1.651550 -0.760000
v 5.402781 1.654197 -0.760000
v 5.445476 1.651721 -0.760000
v 5.485230 1.644357 -0.760000
v 5.522026 1.632199 -0.760000
v 5.555846 1.615338 -0.760000
v 5.586671 1.593870 -0.760000
v 5.614483 1.567886 -0.760000
v 5.639266 1.537481 -0.760000
v 5.660999 1.502748 -0.760000
v 5.679667 1.463781 -0.760000
v 5.695249 1.420673 -0.760000
v 5.707728 1.373517 -0.760000
v 5.717088 1.322406 -0.760000
v 5.130035 1.322406 -0.760000
v 6.122309 1.857455 -0.760000
v 6.122309 1.618327 -0.760000
v 6.491164 1.618327 -0.760000
v 6.491164 0.930834 -0.760000
v 6.489183 0.893555 -0.760000
v 6.483541 0.860770 -0.760000
v 6.474686 0.832240 -0.760000
v 6.463072 0.807727 -0.760000
v 6.449149 0.786992 -0.760000
v 6.433369 0.769796 -0.760000
v 6.416181 0.755900 -0.760000
v 6.398037 0.745067 -0.760000
v 6.379388 0.737056 -0.760000
v 6.360684 0.731629 -0.760000
v 6.342379 0.728549 -0.760000
v 6.324920 0.727575 -0.760000
v 6.304083 0.728260 -0.760000
v 6.283119 0.730315 -0.760000
v 6.262011 0.733740 -0.760000
v 6.240740 0.738535 -0.760000
v 6.219289 0.744700 -0.760000
v 6.197639 0.752235 -0.760000
v 6.175773 0.761140 -0.760000
v 6.153673 0.771415 -0.760000
v 6.131320 0.783060 -0.760000
v 6.108696 0.796075 -0.760000
v 6.085784 0.810460 -0.760000
v 6.062565 0.826215 -0.760000
v 6.062565 0.578120 -0.760000
v 6.083562 0.565681 -0.760000
v 6.106074 0.553833 -0.760000
v 6.129777 0.542671 -0.760000
v 6.154346 0.532287 -0.760000
v 6.179456 0.522775 -0.760000
v 6.204782 0.514228 -0.760000
v 6.230000 0.506739 -0.760000
v 6.254786 0.500403 -0.760000
v 6.278813 0.495312 -0.760000
v 6.301758 0.491560 -0.760000
v 6.323297 0.489241 -0.760000
v 6.343103 0.488447 -0.760000
v 6.403495 0.492115 -0.760000
v 6.458683 0.502852 -0.760000
v 6.508658 0.520252 -0.760000
v 6.553411 0.543911 -0.760000
v 6.592932 0.573423 -0.760000
v 6.627213 0.608384 -0.760000
v 6.656244 0.648389 -0.760000
v 6.680018 0.693034 -0.760000
v 6.698524 0.741913 -0.760000
v 6.711754 0.794622 -0.760000
v 6.719699 0.850756 -0.760000
v 6.722349 0.909910 -0.760000
v 6.722349 1.618327 -0.760000
v 6.924960 1.618327 -0.760000
v 6.924960 1.648218 -0.760000
v 6.491164 2.135442 -0.760000
v 6.491164 1.857455 -0.760000
v 7.828916 1.681098 -0.760000
v 7.805995 1.712098 -0.760000
v 7.781486 1.740783 -0.760000
v 7.755534 1.767082 -0.760000
v 7.728284 1.790920 -0.760000
v 7.699879 1.812226 -0.760000
v 7.670464 1.830927 -0.760000
v 7.640182 1.846950 -0.760000
v 7.609180 1.860223 -0.760000
v 7.577600 1.870673 -0.760000
v 7.545588 1.878227 -0.760000
v 7.513287 1.882813 -0.760000
v 7.480841 1.884357 -0.760000
v 7.426639 1.880733 -0.760000
v 7.374737 1.869813 -0.760000
v 7.325595 1.851524 -0.760000
v 7.279673 1.825793 -0.760000
v 7.237431 1.792548 -0.760000
v 7.199328 1.751716 -0.760000
v 7.165826 1.703224 -0.760000
v 7.137383 1.647000 -0.760000
v 7.114461 1.582972 -0.760000
v 7.097518 1.511065 -0.760000
v 7.087015 1.431209 -0.760000
v 7.083412 1.343330 -0.760000
v 7.083412 0.515348 -0.760000
v 7.314596 0.515348 -0.760000
v 7.314596 1.346319 -0.760000
v 7.316415 1.394172 -0.760000
v 7.321787 1.438953 -0.760000
v 7.330587 1.480455 -0.760000
v 7.342688 1.518469 -0.760000
v 7.357964 1.552788 -0.760000
v 7.376288 1.583205 -0.760000
v 7.397535 1.609512 -0.760000
v 7.421577 1.631501 -0.760000
v 7.448290 1.648966 -0.760000
v 7.477546 1.661697 -0.760000
v 7.509218 1.669488 -0.760000
v 7.543182 1.672131 -0.760000
v 7.568104 1.670991 -0.760000
v 7.592331 1.667495 -0.760000
v 7.616036 1.661529 -0.760000
v 7.639389 1.652979 -0.760000
v 7.662561 1.641730 -0.760000
v 7.685724 1.627668 -0.760000
v 7.709050 1.610680 -0.760000
v 7.732709 1.590650 -0.760000
v 7.756873 1.567466 -0.760000
v 7.781714 1.541012 -0.760000
v 7.807403 1.511174 -0.760000
v 7.834111 1.477839 -0.760000
v 7.834111 0.515348 -0.760000
v 8.065295 0.515348 -0.760000
v 8.065295 1.857455 -0.760000
v 7.834111 1.857455 -0.760000
v 7.834111 1.681098 -0.760000
v 9.073153 2.290875 -0.760000
v 9.073153 1.675120 -0.760000
v 8.348431 1.675120 -0.760000
v 8.348431 1.412079 -0.760000
v 9.073153 1.412079 -0.760000
v 9.073153 0.778389 -0.760000
v 8.299076 0.778389 -0.760000
v 8.299076 0.515348 -0.760000
v 9.327716 0.515348 -0.760000
v 9.327716 2.553916 -0.760000
v 8.322454 2.553916 -0.760000
v 8.322454 2.290875 -0.760000
v -8.852710 1.863434 0.760002
v -8.818736 1.911825 0.760002
v -8.780917 1.962364 0.760002
v -8.739959 2.014336 0.760002
v -8.696567 2.067024 0.760002
v -8.651443 2.119713 0.760001
v -8.605290 2.171685 0.760001
v -8.558814 2.222224 0.760001
v -8.512715 2.270616 0.760001
v -8.467702 2.316142 0.760001
v -8.424470 2.358088 0.760001
v -8.383731 2.395738 0.760001
v -8.346183 2.428374 0.760001
v -8.478660 2.583807 0.760001
v -8.518844 2.551065 0.760001
v -8.562240 2.513176 0.760001
v -8.608052 2.470968 0.760001
v -8.655486 2.425274 0.760001
v -8.703752 2.376922 0.760001
v -8.752053 2.326744 0.760001
v -8.799598 2.275570 0.760002
v -8.845590 2.224229 0.760002
v -8.889237 2.173553 0.760002
v -8.929748 2.124371 0.760002
v -8.966323 2.077514 0.760002
v -8.998174 2.033813 0.760002
v -7.430608 1.560334 0.760001
v -7.426990 1.592532 0.760001
v -7.421081 1.622157 0.760001
v -7.412980 1.649104 0.760001
v -7.402787 1.673269 0.760001
v -7.390599 1.694549 0.760001
v -7.376519 1.712840 0.760001
v -7.360644 1.728038 0.760001
v -7.343072 1.740040 0.760001
v -7.323905 1.748741 0.760001
v -7.303239 1.754037 0.760001
v -7.281177 1.755826 0.760001
v -7.249192 1.752579 0.760001
v -7.218379 1.743053 0.760001
v -7.189046 1.727570 0.760001
v -7.161496 1.706450 0.760001
v -7.136041 1.680017 0.760001
v -7.112985 1.648592 0.760001
v -7.092633 1.612496 0.760001
v -7.075295 1.572052 0.760001
v -7.061276 1.527580 0.760001
v -7.050883 1.479403 0.760001
v -7.044423 1.427843 0.760001
v -7.042201 1.373221 0.760001
v -7.043942 1.332882 0.760001
v -7.048984 1.295615 0.760001
v -7.057057 1.261503 0.760001
v -7.067887 1.230630 0.760001
v -7.081210 1.203077 0.760001
v -7.096749 1.178929 0.760001
v -7.114238 1.158268 0.760001
v -7.133403 1.141178 0.760001
v -7.153977 1.127741 0.760001
v -7.175687 1.118040 0.760001
v -7.198262 1.112159 0.760001
v -7.221433 1.110180 0.760001
v -7.258313 1.114531 0.760001
v -7.291133 1.127049 0.760001
v -7.320060 1.146937 0.760001
v -7.345250 1.173394 0.760001
v -7.366870 1.205622 0.760001
v -7.385079 1.242821 0.760001
v -7.400044 1.284193 0.760001
v -7.411922 1.328938 0.760001
v -7.420878 1.376257 0.760001
v -7.427075 1.425350 0.760001
v -7.430675 1.475420 0.760001
v -7.431836 1.525665 0.760001
v -7.475995 0.841161 0.760001
v -7.476979 0.802096 0.760001
v -7.480624 0.767028 0.760001
v -7.487967 0.735842 0.760001
v -7.500045 0.708422 0.760001
v -7.517896 0.684657 0.760001
v -7.542558 0.664430 0.760001
v -7.575065 0.647628 0.760001
v -7.616456 0.634138 0.760001
v -7.667768 0.623844 0.760001
v -7.730041 0.616632 0.760001
v -7.804307 0.612389 0.760001
v -7.891606 0.611000 0.760001
v -7.929067 0.611488 0.760002
v -7.968329 0.612909 0.760002
v -8.008821 0.615203 0.760002
v -8.049962 0.618307 0.760002
v -8.091174 0.622157 0.760002
v -8.131881 0.626693 0.760002
v -8.171506 0.631851 0.760002
v -8.209472 0.637570 0.760002
v -8.245200 0.643786 0.760002
v -8.278115 0.650439 0.760002
v -8.307639 0.657466 0.760002
v -8.333194 0.664804 0.760002
v -8.365813 0.676983 0.760002
v -8.396068 0.691249 0.760002
v -8.423869 0.707819 0.760002
v -8.449126 0.726911 0.760002
v -8.471749 0.748742 0.760002
v -8.491649 0.773532 0.760002
v -8.508735 0.801498 0.760002
v -8.522916 0.832858 0.760002
v -8.534102 0.867829 0.760002
v -8.542205 0.906630 0.760002
v -8.547132 0.949479 0.760002
v -8.548793 0.996594 0.760002
v -8.548738 1.026073 0.760002
v -8.548543 1.054826 0.760002
v -8.548186 1.082998 0.760002
v -8.547639 1.110734 0.760002
v -8.546878 1.138179 0.760002
v -8.545871 1.165478 0.760002
v -8.544597 1.192778 0.760002
v -8.543021 1.220223 0.760002
v -8.541123 1.247959 0.760002
v -8.538873 1.276130 0.760002
v -8.536242 1.304883 0.760002
v -8.533208 1.334363 0.760002
v -8.754003 1.256646 0.760002
v -8.754645 1.226890 0.760002
v -8.755263 1.198691 0.760002
v -8.755828 1.171737 0.760002
v -8.756310 1.145717 0.760002
v -8.756684 1.120320 0.760002
v -8.756925 1.095234 0.760002
v -8.757001 1.070149 0.760002
v -8.756888 1.044752 0.760002
v -8.756558 1.018732 0.760002
v -8.755986 0.991778 0.760002
v -8.755143 0.963579 0.760002
v -8.754003 0.933823 0.760002
v -8.749692 0.866641 0.760002
v -8.741797 0.805375 0.760002
v -8.730098 0.749713 0.760002
v -8.714366 0.699344 0.760002
v -8.694377 0.653958 0.760002
v -8.669906 0.613242 0.760002
v -8.640727 0.576885 0.760002
v -8.606614 0.544575 0.760002
v -8.567342 0.516002 0.760002
v -8.522685 0.490855 0.760002
v -8.472419 0.468820 0.760002
v -8.416316 0.449588 0.760002
v -8.385547 0.440877 0.760002
v -8.349610 0.432705 0.760002
v -8.309289 0.425115 0.760002
v -8.265368 0.418147 0.760002
v -8.218637 0.411844 0.760002
v -8.169873 0.406246 0.760002
v -8.119864 0.401396 0.760002
v -8.069396 0.397334 0.760002
v -8.019254 0.394103 0.760002
v -7.970220 0.391744 0.760002
v -7.923081 0.390297 0.760002
v -7.878619 0.389806 0.760002
v -7.757184 0.392700 0.760001
v -7.653075 0.401251 0.760001
v -7.565003 0.415260 0.760001
v -7.491677 0.434532 0.760001
v -7.431808 0.458869 0.760001
v -7.384107 0.488073 0.760001
v -7.347283 0.521948 0.760001
v -7.320045 0.560296 0.760001
v -7.301106 0.602920 0.760001
v -7.289176 0.649623 0.760001
v -7.282962 0.700208 0.760001
v -7.281177 0.754477 0.760001
v -7.283774 0.897954 0.760001
v -7.277228 0.896521 0.760001
v -7.270581 0.895214 0.760001
v -7.263846 0.894030 0.760001
v -7.257030 0.892972 0.760001
v -7.250140 0.892038 0.760001
v -7.243188 0.891228 0.760001
v -7.236180 0.890543 0.760001
v -7.229129 0.889983 0.760001
v -7.222041 0.889547 0.760001
v -7.214927 0.889235 0.760001
v -7.207793 0.889049 0.760001
v -7.200652 0.888986 0.760001
v -7.163503 0.891657 0.760001
v -7.125323 0.899891 0.760001
v -7.086928 0.914020 0.760001
v -7.049129 0.934376 0.760001
v -7.012734 0.961292 0.760001
v -6.978560 0.995099 0.760001
v -6.947415 1.036130 0.760001
v -6.920115 1.084717 0.760001
v -6.897466 1.141192 0.760001
v -6.880284 1.205887 0.760001
v -6.869380 1.279133 0.760001
v -6.865565 1.361264 0.760001
v -6.869086 1.437526 0.760001
v -6.879443 1.511785 0.760001
v -6.896331 1.583158 0.760001
v -6.919440 1.650764 0.760001
v -6.948468 1.713721 0.760001
v -6.983104 1.771145 0.760001
v -7.023046 1.822155 0.760001
v -7.067983 1.865869 0.760001
v -7.117610 1.901404 0.760001
v -7.171622 1.927879 0.760001
v -7.229709 1.944411 0.760001
v -7.291568 1.950118 0.760001
v -7.298007 1.950055 0.760001
v -7.304339 1.949868 0.760001
v -7.310563 1.949557 0.760001
v -7.316678 1.949121 0.760001
v -7.322684 1.948561 0.760001
v -7.328584 1.947876 0.760001
v -7.334374 1.947066 0.760001
v -7.340055 1.946132 0.760001
v -7.345630 1.945073 0.760001
v -7.351094 1.943890 0.760001
v -7.356452 1.942583 0.760001
v -7.361701 1.941150 0.760001
v -7.361701 2.240061 0.760001
v -7.265592 2.237072 0.760001
v -7.236876 2.237260 0.760001
v -7.206676 2.237833 0.760001
v -7.175122 2.238799 0.760001
v -7.142350 2.240171 0.760001
v -7.108497 2.241958 0.760001
v -7.073695 2.244170 0.760001
v -7.038081 2.246819 0.760001
v -7.001794 2.249913 0.760001
v -6.964963 2.253465 0.760001
v -6.927726 2.257483 0.760001
v -6.890220 2.261979 0.760001
v -6.852578 2.266963 0.760001
v -6.842187 2.488156 0.760001
v -6.880029 2.481681 0.760001
v -6.916965 2.475715 0.760001
v -6.953073 2.470268 0.760001
v -6.988421 2.465350 0.760001
v -7.023086 2.460972 0.760001
v -7.057137 2.457144 0.760001
v -7.090646 2.453876 0.760001
v -7.123689 2.451180 0.760001
v -7.156331 2.449064 0.760001
v -7.188651 2.447540 0.760001
v -7.220717 2.446618 0.760001
v -7.252604 2.446309 0.760001
v -7.361701 2.449298 0.760001
v -7.361701 2.601742 0.760001
v -7.361587 2.631247 0.760001
v -7.361241 2.659933 0.760001
v -7.360644 2.687725 0.760001
v -7.359775 2.714553 0.760001
v -7.358619 2.740342 0.760001
v -7.357154 2.765022 0.760001
v -7.355365 2.788517 0.760001
v -7.353234 2.810758 0.760001
v -7.350741 2.831669 0.760001
v -7.347871 2.851180 0.760001
v -7.344604 2.869216 0.760001
v -7.340920 2.885707 0.760001
v -7.569509 2.885707 0.760001
v -7.567565 2.869045 0.760001
v -7.565648 2.850557 0.760001
v -7.563787 2.830408 0.760001
v -7.562005 2.808765 0.760001
v -7.560330 2.785793 0.760001
v -7.558793 2.761659 0.760001
v -7.557418 2.736528 0.760001
v -7.556231 2.710567 0.760001
v -7.555263 2.683942 0.760001
v -7.554536 2.656819 0.760001
v -7.554080 2.629363 0.760001
v -7.553924 2.601742 0.760001
v -7.553924 2.467232 0.760001
v -7.594989 2.472775 0.760001
v -7.636325 2.478940 0.760001
v -7.677876 2.485728 0.760001
v -7.719590 2.493138 0.760001
v -7.761415 2.501171 0.760001
v -7.803290 2.509827 0.760001
v -7.845166 2.519106 0.760001
v -7.886991 2.529007 0.760001
v -7.928704 2.539531 0.760001
v -7.970256 2.550678 0.760001
v -8.011592 2.562448 0.760001
v -8.052657 2.574840 0.760001
v -8.052657 2.344679 0.760001
v -8.012088 2.334466 0.760001
v -7.970977 2.324752 0.760001
v -7.929435 2.315535 0.760001
v -7.887567 2.306817 0.760001
v -7.845481 2.298597 0.760001
v -7.803288 2.290875 0.760001
v -7.761096 2.283652 0.760001
v -7.719012 2.276926 0.760001
v -7.677144 2.270699 0.760001
v -7.635600 2.264970 0.760001
v -7.594491 2.259739 0.760001
v -7.553924 2.255006 0.760001
v -7.553924 1.803652 0.760001
v -7.563931 1.785973 0.760001
v -7.573163 1.767339 0.760001
v -7.581603 1.747793 0.760001
v -7.589229 1.727374 0.760001
v -7.596026 1.706125 0.760001
v -7.601975 1.684088 0.760001
v -7.607060 1.661302 0.760001
v -7.611260 1.637812 0.760001
v -7.614558 1.613657 0.760001
v -7.616937 1.588879 0.760001
v -7.618377 1.563520 0.760001
v -7.618861 1.537621 0.760001
v -7.618138 1.495028 0.760001
v -7.615880 1.451200 0.760001
v -7.611962 1.406521 0.760001
v -7.606259 1.361375 0.760001
v -7.598645 1.316146 0.760001
v -7.588990 1.271218 0.760001
v -7.577172 1.226974 0.760001
v -7.563062 1.183800 0.760001
v -7.546536 1.142079 0.760001
v -7.527465 1.102195 0.760001
v -7.505725 1.064532 0.760001
v -7.481189 1.029474 0.760001
v -4.347576 2.921712 0.760001
v -4.388633 2.883561 0.760001
v -4.429689 2.843439 0.760001
v -4.470312 2.801790 0.760001
v -4.510070 2.759062 0.760001
v -4.548528 2.715701 0.760001
v -4.585254 2.672153 0.760001
v -4.619816 2.628865 0.760001
v -4.651781 2.586283 0.760001
v -4.680716 2.544852 0.760001
v -4.706186 2.505020 0.760001
v -4.727760 2.467232 0.760001
v -4.564115 2.323755 0.760001
v -4.543239 2.361664 0.760001
v -4.518559 2.401845 0.760001
v -4.490488 2.443833 0.760001
v -4.459441 2.487159 0.760001
v -4.425832 2.531358 0.760001
v -4.390077 2.575961 0.760001
v -4.352590 2.620501 0.760001
v -4.313786 2.664513 0.760001
v -4.274079 2.707528 0.760001
v -4.233886 2.749080 0.760001
v -4.193621 2.788701 0.760001
v -4.153697 2.825925 0.760001
v -4.306954 2.957445 0.760001
v -5.675876 1.558545 0.760001
v -5.675876 1.866423 0.760001
v -5.187531 1.866423 0.760001
v -5.187531 1.558545 0.760001
v -5.675876 2.344679 0.760001
v -5.187531 2.344679 0.760001
v -5.187531 2.042780 0.760001
v -5.675876 2.042780 0.760001
v -5.675876 1.056376 0.760001
v -5.675876 1.376210 0.760001
v -5.187531 1.376210 0.760001
v -5.187531 1.056376 0.760001
v -5.781162 2.924549 0.760001
v -5.798213 2.890315 0.760001
v -5.815211 2.855022 0.760001
v -5.832019 2.818950 0.760001
v -5.848501 2.782380 0.760001
v -5.864524 2.745593 0.760001
v -5.879952 2.708867 0.760001
v -5.894650 2.672484 0.760001
v -5.908482 2.636724 0.760001
v -5.921311 2.601866 0.760001
v -5.933005 2.568192 0.760001
v -5.943427 2.535982 0.760001
v -6.423978 2.535982 0.760001
v -6.423978 2.344679 0.760001
v -5.857707 2.344679 0.760001
v -5.857707 2.042780 0.760001
v -6.338258 2.042780 0.760001
v -6.338258 1.866423 0.760001
v -5.857707 1.866423 0.760001
v -5.857707 1.558545 0.760001
v -6.333062 1.558545 0.760001
v -6.333062 1.376210 0.760001
v -5.857707 1.376210 0.760001
v -5.857707 1.056376 0.760001
v -6.473330 1.056376 0.760001
v -6.473330 0.862084 0.760001
v -4.997909 0.862084 0.760001
v -4.997909 2.114518 0.760001
v -4.981669 2.090106 0.760001
v -4.965413 2.066181 0.760001
v -4.949121 2.042733 0.760001
v -4.932775 2.019753 0.760001
v -4.916358 1.997229 0.760001
v -4.899850 1.975151 0.760001
v -4.883233 1.953510 0.760001
v -4.866491 1.932294 0.760001
v -4.849604 1.911493 0.760001
v -4.832554 1.891097 0.760001
v -4.815324 1.871095 0.760001
v -4.797895 1.851477 0.760001
v -4.791120 1.862761 0.760001
v -4.782669 1.875487 0.760001
v -4.772811 1.889355 0.760001
v -4.761817 1.904063 0.760001
v -4.749957 1.919312 0.760001
v -4.737501 1.934798 0.760001
v -4.724721 1.950223 0.760001
v -4.711886 1.965285 0.760001
v -4.699268 1.979682 0.760001
v -4.687138 1.993114 0.760001
v -4.675765 2.005279 0.760001
v -4.665420 2.015878 0.760001
v -4.721290 2.077466 0.760001
v -4.775790 2.143911 0.760001
v -4.828740 2.214840 0.760001
v -4.879958 2.289879 0.760001
v -4.929264 2.368654 0.760001
v -4.976478 2.450792 0.760001
v -5.021419 2.535919 0.760001
v -5.063906 2.623662 0.760001
v -5.103760 2.713646 0.760001
v -5.140800 2.805499 0.760001
v -5.174845 2.898846 0.760001
v -5.205714 2.993314 0.760001
v -5.382350 2.942499 0.760001
v -5.371147 2.907500 0.760001
v -5.359620 2.872740 0.760001
v -5.347770 2.838208 0.760001
v -5.335593 2.803894 0.760001
v -5.323092 2.769787 0.760001
v -5.310266 2.735878 0.760001
v -5.297116 2.702155 0.760001
v -5.283641 2.668609 0.760001
v -5.269841 2.635229 0.760001
v -5.255717 2.602005 0.760001
v -5.241269 2.568926 0.760001
v -5.226496 2.535982 0.760001
v -5.727827 2.535982 0.760001
v -5.717720 2.565533 0.760001
v -5.706927 2.595791 0.760001
v -5.695520 2.626589 0.760001
v -5.683573 2.657760 0.760001
v -5.671156 2.689138 0.760001
v -5.658342 2.720558 0.760001
v -5.645205 2.751854 0.760001
v -5.631813 2.782859 0.760001
v -5.618242 2.813408 0.760001
v -5.604563 2.843333 0.760001
v -5.590847 2.872470 0.760001
v -5.577168 2.900652 0.760001
v -5.764194 2.957445 0.760001
v -4.681078 0.819568 0.760001
v -4.696974 0.811643 0.760001
v -4.713229 0.802536 0.760001
v -4.729972 0.792339 0.760001
v -4.747329 0.781145 0.760001
v -4.765425 0.769049 0.760001
v -4.784387 0.756142 0.760001
v -4.804340 0.742520 0.760001
v -4.825414 0.728275 0.760001
v -4.847731 0.713501 0.760001
v -4.871418 0.698291 0.760001
v -4.896604 0.682738 0.760001
v -4.939457 0.658978 0.760001
v -4.984872 0.638372 0.760001
v -5.032813 0.620714 0.760001
v -5.083243 0.605797 0.760001
v -5.136127 0.593411 0.760001
v -5.191427 0.583351 0.760001
v -5.249108 0.575407 0.760001
v -5.309135 0.569374 0.760001
v -5.371471 0.565042 0.760001
v -5.436080 0.562205 0.760001
v -5.502926 0.560656 0.760001
v -5.571973 0.560185 0.760001
v -5.647328 0.560555 0.760001
v -5.726084 0.561652 0.760001
v -5.807419 0.563454 0.760001
v -5.890512 0.565942 0.760001
v -5.974545 0.569094 0.760001
v -6.058694 0.572889 0.760001
v -6.142139 0.577307 0.760001
v -6.224061 0.582327 0.760001
v -6.303638 0.587928 0.760001
v -6.380048 0.594089 0.760001
v -6.452471 0.600791 0.760001
v -6.520087 0.608011 0.760001
v -6.513453 0.591258 0.760001
v -6.506619 0.572626 0.760001
v -6.499715 0.552479 0.760001
v -6.492862 0.531180 0.760001
v -6.486192 0.509092 0.760001
v -6.479827 0.486578 0.760001
v -6.473894 0.464003 0.760001
v -6.468521 0.441728 0.760001
v -6.463834 0.420118 0.760001
v -6.459958 0.399535 0.760001
v -6.457021 0.380342 0.760001
v -6.455148 0.362904 0.760001
v -6.400563 0.359177 0.760001
v -6.337763 0.355501 0.760001
v -6.268162 0.351929 0.760001
v -6.193177 0.348512 0.760001
v -6.114223 0.345304 0.760001
v -6.032718 0.342354 0.760001
v -5.950074 0.339716 0.760001
v -5.867711 0.337442 0.760001
v -5.787044 0.335582 0.760001
v -5.709487 0.334190 0.760001
v -5.636459 0.333316 0.760001
v -5.569376 0.333013 0.760001
v -5.494452 0.333723 0.760001
v -5.422839 0.335947 0.760001
v -5.354384 0.339832 0.760001
v -5.288933 0.345523 0.760001
v -5.226330 0.353166 0.760001
v -5.166426 0.362904 0.760001
v -5.109064 0.374885 0.760001
v -5.054092 0.389253 0.760001
v -5.001358 0.406153 0.760001
v -4.950707 0.425731 0.760001
v -4.901986 0.448132 0.760001
v -4.855042 0.473501 0.760001
v -4.827607 0.491629 0.760001
v -4.801165 0.509924 0.760001
v -4.775734 0.528052 0.760001
v -4.751330 0.545682 0.760001
v -4.727974 0.562482 0.760001
v -4.705681 0.578120 0.760001
v -4.684471 0.592263 0.760001
v -4.664361 0.604579 0.760001
v -4.645369 0.614736 0.760001
v -4.627514 0.622403 0.760001
v -4.610814 0.627246 0.760001
v -4.595285 0.628934 0.760001
v -4.572524 0.625660 0.760001
v -4.548492 0.616189 0.760001
v -4.523324 0.601052 0.760001
v -4.497154 0.580777 0.760001
v -4.470119 0.555893 0.760001
v -4.442353 0.526931 0.760001
v -4.413991 0.494420 0.760001
v -4.385169 0.458888 0.760001
v -4.356024 0.420865 0.760001
v -4.326688 0.380880 0.760001
v -4.297298 0.339464 0.760001
v -4.267990 0.297144 0.760001
v -4.114733 0.521327 0.760001
v -4.144703 0.553003 0.760001
v -4.174814 0.583683 0.760001
v -4.205000 0.613242 0.760001
v -4.235185 0.641555 0.760001
v -4.265297 0.668499 0.760001
v -4.295265 0.693947 0.760001
v -4.325017 0.717777 0.760001
v -4.354480 0.739863 0.760001
v -4.383583 0.760081 0.760001
v -4.412251 0.778306 0.760001
v -4.440417 0.794414 0.760001
v -4.468003 0.808281 0.760001
v -4.468003 1.660175 0.760001
v -4.164087 1.660175 0.760001
v -4.164087 1.878379 0.760001
v -4.665420 1.878379 0.760001
v -4.665420 0.826215 0.760001
v -1.893181 2.503074 0.760001
v -1.954165 2.510353 0.760001
v -2.026243 2.518794 0.760001
v -2.108252 2.528232 0.760001
v -2.199026 2.538500 0.760001
v -2.297404 2.549433 0.760001
v -2.402223 2.560863 0.760001
v -2.512318 2.572626 0.760001
v -2.626526 2.584554 0.760001
v -2.743683 2.596483 0.760001
v -2.862625 2.608246 0.760001
v -2.982191 2.619677 0.760001
v -3.052145 2.626215 0.760001
v -3.120367 2.632380 0.760001
v -3.186750 2.638171 0.760001
v -3.251184 2.643589 0.760001
v -3.313562 2.648633 0.760001
v -3.373775 2.653304 0.760001
v -3.431716 2.657601 0.760001
v -3.487275 2.661524 0.760001
v -3.540345 2.665073 0.760001
v -3.590817 2.668249 0.760001
v -3.638584 2.671052 0.760001
v -3.683536 2.673480 0.760001
v -3.683536 2.434352 0.760001
v -3.644946 2.434268 0.760001
v -3.603614 2.433923 0.760001
v -3.560153 2.433185 0.760001
v -3.515177 2.431917 0.760001
v -3.469297 2.429984 0.760001
v -3.423131 2.427253 0.760001
v -3.377288 2.423588 0.760001
v -3.332383 2.418853 0.760001
v -3.289030 2.412915 0.760001
v -3.247841 2.405637 0.760001
v -3.209431 2.396886 0.760001
v -3.174411 2.386527 0.760001
v -3.085223 2.345791 0.760001
v -3.002275 2.293297 0.760001
v -2.925857 2.230486 0.760001
v -2.856257 2.158801 0.760001
v -2.793765 2.079685 0.760001
v -2.738669 1.994581 0.760001
v -2.691257 1.904930 0.760001
v -2.651818 1.812176 0.760001
v -2.620641 1.717762 0.760001
v -2.598014 1.623129 0.760001
v -2.584227 1.529721 0.760001
v -2.579567 1.438981 0.760001
v -2.589113 1.301412 0.760001
v -2.616545 1.179607 0.760001
v -2.660050 1.072769 0.760001
v -2.717814 0.980099 0.760001
v -2.788026 0.900796 0.760001
v -2.868871 0.834062 0.760001
v -2.958537 0.779097 0.760001
v -3.055211 0.735103 0.760001
v -3.157080 0.701280 0.760001
v -3.262332 0.676829 0.760001
v -3.369153 0.660951 0.760001
v -3.475730 0.652847 0.760001
v -3.400401 0.404752 0.760001
v -3.279214 0.415767 0.760001
v -3.157349 0.438573 0.760001
v -3.036945 0.473501 0.760001
v -2.920139 0.520884 0.760001
v -2.809070 0.581053 0.760001
v -2.705874 0.654342 0.760001
v -2.612690 0.741081 0.760001
v -2.531656 0.841604 0.760001
v -2.464909 0.956241 0.760001
v -2.414584 1.085326 0.760001
v -2.382822 1.229190 0.760001
v -2.371760 1.388166 0.760001
v -2.376756 1.502861 0.760001
v -2.391147 1.613498 0.760001
v -2.414053 1.719630 0.760001
v -2.444590 1.820811 0.760001
v -2.481873 1.916596 0.760001
v -2.525019 2.006537 0.760001
v -2.573142 2.090189 0.760001
v -2.625361 2.167104 0.760001
v -2.680791 2.236838 0.760001
v -2.738548 2.298943 0.760001
v -2.797748 2.352974 0.760001
v -2.857508 2.398483 0.760001
v -2.780457 2.388791 0.760001
v -2.690048 2.377739 0.760001
v -2.588943 2.365463 0.760001
v -2.479801 2.352096 0.760001
v -2.365283 2.337775 0.760001
v -2.248052 2.322634 0.760001
v -2.130766 2.306808 0.760001
v -2.016086 2.290432 0.760001
v -1.906673 2.273641 0.760001
v -1.805189 2.256570 0.760001
v -1.714293 2.239353 0.760001
v -1.636646 2.222126 0.760001
v -1.613269 2.482178 0.760001
v -1.637611 2.482986 0.760001
v -1.661241 2.483908 0.760001
v -1.684094 2.484933 0.760001
v -1.706110 2.486053 0.760001
v -1.727221 2.487255 0.760001
v -1.747370 2.488530 0.760001
v -1.766489 2.489867 0.760001
v -1.784516 2.491256 0.760001
v -1.801391 2.492686 0.760001
v -1.817047 2.494148 0.760001
v -1.831422 2.495631 0.760001
v -1.844454 2.497123 0.760001
v -3.390010 1.579469 0.760001
v -3.374758 1.615561 0.760001
v -3.358900 1.651996 0.760001
v -3.342483 1.688618 0.760001
v -3.325552 1.725271 0.760001
v -3.308152 1.761799 0.760001
v -3.290328 1.798047 0.760001
v -3.272125 1.833859 0.760001
v -3.253590 1.869080 0.760001
v -3.234765 1.903553 0.760001
v -3.215696 1.937123 0.760001
v -3.196430 1.969635 0.760001
v -3.177010 2.000932 0.760001
v -3.309484 2.066693 0.760001
v -3.325185 2.040308 0.760001
v -3.342219 2.010799 0.760001
v -3.360300 1.978654 0.760001
v -3.379139 1.944361 0.760001
v -3.398446 1.908407 0.760001
v -3.417934 1.871280 0.760001
v -3.437314 1.833468 0.760001
v -3.456297 1.795459 0.760001
v -3.474594 1.757741 0.760001
v -3.491918 1.720801 0.760001
v -3.507977 1.685127 0.760001
v -3.522487 1.651207 0.760001
v -3.683536 1.705011 0.760001
v -3.667684 1.741616 0.760001
v -3.651318 1.778147 0.760001
v -3.634465 1.814534 0.760001
v -3.617153 1.850702 0.760001
v -3.599407 1.886580 0.760001
v -3.581256 1.922095 0.760001
v -3.562726 1.957173 0.760001
v -3.543844 1.991744 0.760001
v -3.524637 2.025733 0.760001
v -3.505133 2.059067 0.760001
v -3.485358 2.091676 0.760001
v -3.465339 2.123486 0.760001
v -3.592621 2.192235 0.760001
v -3.609025 2.165909 0.760001
v -3.626862 2.136563 0.760001
v -3.645833 2.104663 0.760001
v -3.665644 2.070678 0.760001
v -3.685996 2.035074 0.760001
v -3.706592 1.998317 0.760001
v -3.727133 1.960875 0.760001
v -3.747322 1.923216 0.760001
v -3.766863 1.885805 0.760001
v -3.785456 1.849111 0.760001
v -3.802804 1.813600 0.760001
v -3.818610 1.779739 0.760001
v 0.498783 1.794684 0.760001
v 0.404662 1.794684 0.760001
v 0.287021 1.794684 0.760001
v 0.151735 1.794684 0.760001
v 0.004690 1.794684 0.760001
v -0.148236 1.794684 0.760001
v -0.301163 1.794684 0.760001
v -0.448209 1.794684 0.760001
v -0.583493 1.794684 0.760001
v -0.701136 1.794684 0.760001
v -0.795256 1.794684 0.760001
v -0.859972 1.794684 0.760001
v -0.891685 1.794864 0.760001
v -0.921881 1.795376 0.760001
v -0.950562 1.796179 0.760001
v -0.977729 1.797230 0.760001
v -1.003380 1.798490 0.760001
v -1.027515 1.799915 0.760001
v -1.050137 1.801465 0.760001
v -1.071241 1.803098 0.760001
v -1.090832 1.804772 0.760001
v -1.108907 1.806447 0.760001
v -1.125465 1.808080 0.760001
v -1.140510 1.809630 0.760001
v -1.140510 1.516698 0.760001
v -1.126360 1.517620 0.760001
v -1.110001 1.518843 0.760001
v -1.091601 1.520294 0.760001
v -1.071337 1.521901 0.760001
v -1.049376 1.523591 0.760001
v -1.025891 1.525291 0.760001
v -1.001054 1.526930 0.760001
v -0.975034 1.528433 0.760001
v -0.948005 1.529728 0.760001
v -0.920137 1.530744 0.760001
v -0.891602 1.531406 0.760001
v -0.862570 1.531643 0.760001
v -0.797306 1.531643 0.760001
v -0.702819 1.531643 0.760001
v -0.584954 1.531643 0.760001
v -0.449556 1.531643 0.760001
v -0.302468 1.531643 0.760001
v -0.149536 1.531643 0.760001
v 0.003396 1.531643 0.760001
v 0.150484 1.531643 0.760001
v 0.285883 1.531643 0.760001
v 0.403748 1.531643 0.760001
v 0.498235 1.531643 0.760001
v 0.563498 1.531643 0.760001
v 0.599077 1.531520 0.760001
v 0.634259 1.531159 0.760001
v 0.668862 1.530569 0.760001
v 0.702709 1.529761 0.760001
v 0.735619 1.528746 0.760001
v 0.767408 1.527533 0.760001
v 0.797900 1.526134 0.760001
v 0.826913 1.524558 0.760001
v 0.854265 1.522816 0.760001
v 0.879778 1.520918 0.760001
v 0.903270 1.518876 0.760001
v 0.924562 1.516698 0.760001
v 0.924562 1.809630 0.760001
v 0.903866 1.808080 0.760001
v 0.880860 1.806447 0.760001
v 0.855726 1.804773 0.760001
v 0.828644 1.803098 0.760001
v 0.799794 1.801465 0.760001
v 0.769357 1.799915 0.760001
v 0.737513 1.798490 0.760001
v 0.704441 1.797230 0.760001
v 0.670324 1.796179 0.760001
v 0.635342 1.795376 0.760001
v 0.599672 1.794864 0.760001
v 0.563498 1.794684 0.760001
v 3.244981 1.367103 0.760001
v 3.203501 1.374093 0.760001
v 3.156610 1.382142 0.760001
v 3.104793 1.391156 0.760001
v 3.048539 1.401042 0.760001
v 2.988335 1.411706 0.760001
v 2.924667 1.423055 0.760001
v 2.858024 1.434996 0.760001
v 2.788890 1.447435 0.760001
v 2.717754 1.460279 0.760001
v 2.645103 1.473434 0.760001
v 2.571424 1.486807 0.760001
v 2.675327 2.087616 0.760001
v 3.246794 1.980009 0.760000
v 3.264724 1.976269 0.760000
v 3.282222 1.972508 0.760000
v 3.299395 1.968706 0.760000
v 3.316351 1.964842 0.760000
v 3.333199 1.960894 0.760000
v 3.350048 1.956843 0.760000
v 3.367003 1.952667 0.760000
v 3.384176 1.948346 0.760000
v 3.401674 1.943859 0.760000
v 3.419604 1.939185 0.760000
v 3.438076 1.934304 0.760000
v 3.457197 1.929194 0.760000
v 3.501356 2.198213 0.760000
v 3.485060 2.199025 0.760000
v 3.468610 2.199971 0.760000
v 3.451962 2.201062 0.760000
v 3.435070 2.202309 0.760000
v 3.417890 2.203723 0.760000
v 3.400376 2.205312 0.760000
v 3.382483 2.207089 0.760000
v 3.364166 2.209063 0.760000
v 3.345380 2.211244 0.760000
v 3.326079 2.213643 0.760000
v 3.306220 2.216270 0.760000
v 3.285757 2.219137 0.760000
v 3.257895 2.222674 0.760000
v 3.225207 2.227260 0.760000
v 3.188065 2.232821 0.760000
v 3.146836 2.239285 0.760000
v 3.101891 2.246580 0.760000
v 3.053599 2.254632 0.760000
v 3.002331 2.263370 0.760000
v 2.948457 2.272719 0.760000
v 2.892346 2.282609 0.760000
v 2.834368 2.292965 0.760001
v 2.774893 2.303715 0.760001
v 2.714290 2.314788 0.760001
v 2.768840 2.628644 0.760000
v 2.772192 2.647827 0.760000
v 2.775743 2.666533 0.760000
v 2.779473 2.684783 0.760000
v 2.783367 2.702596 0.760000
v 2.787405 2.719995 0.760000
v 2.791568 2.736999 0.760000
v 2.795840 2.753629 0.760000
v 2.800203 2.769907 0.760000
v 2.804637 2.785852 0.760000
v 2.809126 2.801486 0.760000
v 2.813651 2.816829 0.760000
v 2.818193 2.831903 0.760000
v 2.584412 2.879728 0.760000
v 2.583554 2.864995 0.760000
v 2.582318 2.849298 0.760000
v 2.580759 2.832790 0.760000
v 2.578928 2.815629 0.760000
v 2.576880 2.797969 0.760001
v 2.574671 2.779967 0.760001
v 2.572352 2.761778 0.760001
v 2.569981 2.743558 0.760001
v 2.567608 2.725463 0.760001
v 2.565290 2.707648 0.760001
v 2.563081 2.690268 0.760001
v 2.561033 2.673480 0.760001
v 2.506485 2.350657 0.760001
v 2.443831 2.362541 0.760001
v 2.382125 2.374238 0.760001
v 2.321772 2.385686 0.760001
v 2.263178 2.396822 0.760001
v 2.206748 2.407585 0.760001
v 2.152889 2.417912 0.760001
v 2.102007 2.427741 0.760001
v 2.054506 2.437009 0.760001
v 2.010794 2.445655 0.760001
v 1.971276 2.453615 0.760001
v 1.936357 2.460829 0.760001
v 1.906445 2.467232 0.760001
v 1.887835 2.471086 0.760001
v 1.869694 2.475148 0.760001
v 1.852058 2.479375 0.760001
v 1.834963 2.483727 0.760001
v 1.818446 2.488163 0.760001
v 1.802542 2.492640 0.760001
v 1.787287 2.497116 0.760001
v 1.772718 2.501551 0.760001
v 1.758870 2.505904 0.760001
v 1.745780 2.510131 0.760001
v 1.733483 2.514193 0.760001
v 1.722017 2.518047 0.760001
v 1.677858 2.266963 0.760001
v 1.688434 2.265347 0.760001
v 1.700552 2.263503 0.760001
v 1.714022 2.261451 0.760001
v 1.728656 2.259213 0.760001
v 1.744264 2.256809 0.760001
v 1.760656 2.254259 0.760001
v 1.777644 2.251585 0.760001
v 1.795038 2.248806 0.760001
v 1.812648 2.245945 0.760001
v 1.830285 2.243022 0.760001
v 1.847760 2.240057 0.760001
v 1.864883 2.237072 0.760001
v 2.470119 2.126475 0.760001
v 2.366216 1.525665 0.760001
v 1.727212 1.651207 0.760001
v 1.702474 1.657064 0.760001
v 1.678881 1.662693 0.760001
v 1.656388 1.668114 0.760001
v 1.634951 1.673349 0.760001
v 1.614523 1.678417 0.760001
v 1.595061 1.683340 0.760001
v 1.576519 1.688139 0.760001
v 1.558851 1.692833 0.760001
v 1.542013 1.697445 0.760001
v 1.525960 1.701994 0.760001
v 1.510647 1.706502 0.760001
v 1.496028 1.710989 0.760001
v 1.454467 1.459905 0.760001
v 1.468690 1.458227 0.760001
v 1.484050 1.456196 0.760001
v 1.500492 1.453833 0.760001
v 1.517962 1.451159 0.760001
v 1.536407 1.448194 0.760001
v 1.555772 1.444959 0.760001
v 1.576002 1.441476 0.760001
v 1.597044 1.437763 0.760001
v 1.618844 1.433844 0.760001
v 1.641347 1.429737 0.760001
v 1.664500 1.425464 0.760001
v 1.688248 1.421046 0.760001
v 2.327252 1.304471 0.760001
v 2.220751 0.703662 0.760001
v 2.216151 0.681699 0.760001
v 2.211443 0.659227 0.760001
v 2.206627 0.636360 0.760001
v 2.201702 0.613214 0.760001
v 2.196670 0.589901 0.760001
v 2.191529 0.566537 0.760001
v 2.186280 0.543235 0.760001
v 2.180922 0.520109 0.760001
v 2.175456 0.497274 0.760001
v 2.169882 0.474843 0.760001
v 2.164200 0.452932 0.760001
v 2.158409 0.431654 0.760001
v 2.394789 0.380839 0.760001
v 2.397937 0.406004 0.760001
v 2.400922 0.430713 0.760001
v 2.403800 0.455006 0.760001
v 2.406622 0.478926 0.760001
v 2.409445 0.502513 0.760001
v 2.412323 0.525810 0.760001
v 2.415308 0.548858 0.760001
v 2.418457 0.571699 0.760001
v 2.421821 0.594373 0.760001
v 2.425455 0.616923 0.760001
v 2.429414 0.639389 0.760001
v 2.433753 0.661815 0.760001
v 2.535058 1.265613 0.760001
v 2.608036 1.251491 0.760001
v 2.679896 1.237576 0.760001
v 2.750169 1.223953 0.760001
v 2.818386 1.210702 0.760001
v 2.884077 1.197909 0.760001
v 2.946773 1.185655 0.760001
v 3.006006 1.174024 0.760001
v 3.061307 1.163098 0.760001
v 3.112206 1.152961 0.760001
v 3.158235 1.143697 0.760001
v 3.198925 1.135387 0.760001
v 3.233805 1.128114 0.760001
v 3.258543 1.123003 0.760001
v 3.282126 1.118109 0.760001
v 3.304590 1.113403 0.760001
v 3.325972 1.108851 0.760001
v 3.346307 1.104425 0.760001
v 3.365633 1.100092 0.760001
v 3.383985 1.095821 0.760001
v 3.401398 1.091581 0.760001
v 3.417909 1.087341 0.760001
v 3.433555 1.083071 0.760001
v 3.448370 1.078737 0.760000
v 3.462392 1.074311 0.760000
v 3.509148 1.334363 0.760000
v 3.493390 1.335292 0.760000
v 3.476161 1.336563 0.760000
v 3.457725 1.338146 0.760000
v 3.438341 1.340009 0.760000
v 3.418271 1.342121 0.760000
v 3.397778 1.344451 0.760000
v 3.377122 1.346968 0.760000
v 3.356565 1.349640 0.760000
v 3.336370 1.352437 0.760000
v 3.316796 1.355328 0.760000
v 3.298107 1.358281 0.760001
v 3.280562 1.361264 0.760001
v 4.405312 1.549578 0.760000
v 4.400117 1.549578 0.760000
v 4.371000 1.605771 0.760000
v 4.342092 1.656369 0.760000
v 4.313382 1.701508 0.760000
v 4.284861 1.741323 0.760000
v 4.256521 1.775949 0.760000
v 4.228353 1.805520 0.760000
v 4.200346 1.830171 0.760000
v 4.172493 1.850038 0.760000
v 4.144783 1.865255 0.760000
v 4.117210 1.875957 0.760000
v 4.089763 1.882280 0.760000
v 4.062432 1.884357 0.760000
v 4.039154 1.883297 0.760000
v 4.016048 1.880109 0.760000
v 3.993068 1.874783 0.760000
v 3.970170 1.867308 0.760000
v 3.947307 1.857675 0.760000
v 3.924435 1.845873 0.760000
v 3.901510 1.831891 0.760000
v 3.878485 1.815719 0.760000
v 3.855316 1.797346 0.760000
v 3.831957 1.776763 0.760000
v 3.808364 1.753959 0.760000
v 3.784492 1.728924 0.760000
v 3.906578 1.498763 0.760000
v 3.924511 1.517677 0.760000
v 3.943112 1.535491 0.760000
v 3.962182 1.552100 0.760000
v 3.981523 1.567402 0.760000
v 4.000936 1.581292 0.760000
v 4.020222 1.593667 0.760000
v 4.039184 1.604423 0.760000
v 4.057622 1.613456 0.760000
v 4.075339 1.620662 0.760000
v 4.092136 1.625938 0.760000
v 4.107815 1.629180 0.760000
v 4.122177 1.630284 0.760000
v 4.161033 1.626563 0.760000
v 4.198167 1.615712 0.760000
v 4.233263 1.598197 0.760000
v 4.266005 1.574487 0.760000
v 4.296076 1.545048 0.760000
v 4.323163 1.510346 0.760000
v 4.346949 1.470849 0.760000
v 4.367118 1.427025 0.760000
v 4.383354 1.379339 0.760000
v 4.395342 1.328260 0.760000
v 4.402767 1.274254 0.760000
v 4.405312 1.217788 0.760000
v 4.405312 0.515349 0.760000
v 4.636496 0.515349 0.760000
v 4.636496 1.857455 0.760000
v 4.405312 1.857455 0.760000
v 4.957075 0.621147 0.760000
v 4.991667 0.597770 0.760000
v 5.026295 0.576719 0.760000
v 5.061248 0.557971 0.760000
v 5.096815 0.541507 0.760000
v 5.133283 0.527305 0.760000
v 5.170942 0.515345 0.760000
v 5.210080 0.505606 0.760000
v 5.250985 0.498068 0.760000
v 5.293947 0.492709 0.760000
v 5.339255 0.489509 0.760000
v 5.387196 0.488447 0.760000
v 5.474731 0.495425 0.760000
v 5.555412 0.515625 0.760000
v 5.629094 0.547948 0.760000
v 5.695633 0.591294 0.760000
v 5.754885 0.644562 0.760000
v 5.806704 0.706651 0.760000
v 5.850946 0.776463 0.760000
v 5.887469 0.852896 0.760000
v 5.916126 0.934850 0.760000
v 5.936775 1.021226 0.760000
v 5.949270 1.110924 0.760000
v 5.953467 1.202842 0.760000
v 5.948885 1.301648 0.760000
v 5.935428 1.394477 0.760000
v 5.913529 1.480829 0.760000
v 5.883621 1.560206 0.760000
v 5.846137 1.632110 0.760000
v 5.801509 1.696044 0.760000
v 5.750171 1.751508 0.760000
v 5.692555 1.798006 0.760000
v 5.629095 1.835037 0.760000
v 5.560223 1.862105 0.760000
v 5.486372 1.878711 0.760000
v 5.407976 1.884357 0.760000
v 5.333074 1.879306 0.760000
v 5.263124 1.864125 0.760000
v 5.198424 1.838773 0.760000
v 5.139271 1.803209 0.760000
v 5.085962 1.757390 0.760000
v 5.038795 1.701275 0.760000
v 4.998069 1.634823 0.760000
v 4.964079 1.557992 0.760000
v 4.937125 1.470740 0.760000
v 4.917503 1.373027 0.760000
v 4.905512 1.264811 0.760000
v 4.901449 1.146049 0.760000
v 5.722282 1.146049 0.760000
v 5.711192 1.082225 0.760000
v 5.696115 1.023787 0.760000
v 5.677069 0.970766 0.760000
v 5.654073 0.923195 0.760000
v 5.627144 0.881104 0.760000
v 5.596301 0.844523 0.760000
v 5.561561 0.813486 0.760000
v 5.522943 0.788021 0.760000
v 5.480465 0.768161 0.760000
v 5.434144 0.753937 0.760000
v 5.384000 0.745380 0.760000
v 5.330049 0.742520 0.760000
v 5.295138 0.743755 0.760000
v 5.260516 0.747419 0.760000
v 5.226146 0.753449 0.760000
v 5.191992 0.761783 0.760000
v 5.158020 0.772359 0.760000
v 5.124191 0.785115 0.760000
v 5.090470 0.799988 0.760000
v 5.056822 0.816916 0.760000
v 5.023210 0.835836 0.760000
v 4.989598 0.856687 0.760000
v 4.955950 0.879407 0.760000
v 4.922230 0.903932 0.760000
v 4.922230 0.646869 0.760000
v 5.133914 1.371633 0.760000
v 5.141581 1.417559 0.760000
v 5.152927 1.459998 0.760000
v 5.167845 1.498763 0.760000
v 5.186226 1.533667 0.760000
v 5.207963 1.564523 0.760000
v 5.232947 1.591145 0.760000
v 5.261069 1.613345 0.760000
v 5.292222 1.630937 0.760000
v 5.326297 1.643734 0.760000
v 5.363186 1.651550 0.760000
v 5.402781 1.654197 0.760000
v 5.445476 1.651721 0.760000
v 5.485230 1.644357 0.760000
v 5.522026 1.632199 0.760000
v 5.555846 1.615338 0.760000
v 5.586671 1.593870 0.760000
v 5.614483 1.567886 0.760000
v 5.639266 1.537481 0.760000
v 5.660999 1.502749 0.760000
v 5.679667 1.463781 0.760000
v 5.695249 1.420673 0.760000
v 5.707728 1.373517 0.760000
v 5.717088 1.322406 0.760000
v 5.130035 1.322406 0.760000
v 6.122309 1.857455 0.760000
v 6.122309 1.618327 0.760000
v 6.491164 1.618327 0.760000
v 6.491164 0.930834 0.760000
v 6.489183 0.893555 0.760000
v 6.483541 0.860770 0.760000
v 6.474686 0.832240 0.760000
v 6.463072 0.807727 0.760000
v 6.449149 0.786992 0.760000
v 6.433369 0.769796 0.760000
v 6.416181 0.755900 0.760000
v 6.398037 0.745067 0.760000
v 6.379388 0.737056 0.760000
v 6.360684 0.731629 0.760000
v 6.342379 0.728549 0.760000
v 6.324920 0.727575 0.760000
v 6.304083 0.728260 0.760000
v 6.283119 0.730315 0.760000
v 6.262011 0.733740 0.760000
v 6.240740 0.738535 0.760000
v 6.219289 0.744700 0.760000
v 6.197639 0.752235 0.760000
v 6.175773 0.761140 0.760000
v 6.153673 0.771415 0.760000
v 6.131320 0.783060 0.760000
v 6.108696 0.796075 0.760000
v 6.085784 0.810460 0.760000
v 6.062565 0.826215 0.760000
v 6.062565 0.578120 0.760000
v 6.083562 0.565681 0.760000
v 6.106074 0.553833 0.760000
v 6.129777 0.542671 0.760000
v 6.154346 0.532287 0.760000
v 6.179456 0.522775 0.760000
v 6.204782 0.514228 0.760000
v 6.230000 0.506739 0.760000
v 6.254786 0.500403 0.760000
v 6.278813 0.495312 0.760000
v 6.301758 0.491560 0.760000
v 6.323297 0.489241 0.760000
v 6.343103 0.488447 0.760000
v 6.403495 0.492115 0.760000
v 6.458683 0.502852 0.760000
v 6.508658 0.520252 0.760000
v 6.553411 0.543911 0.760000
v 6.592932 0.573423 0.760000
v 6.627213 0.608384 0.760000
v 6.656244 0.648389 0.760000
v 6.680018 0.693034 0.760000
v 6.698524 0.741913 0.760000
v 6.711754 0.794622 0.760000
v 6.719699 0.850756 0.760000
v 6.722349 0.909910 0.760000
v 6.722349 1.618327 0.760000
v 6.924960 1.618327 0.760000
v 6.924960 1.648218 0.760000
v 6.491164 2.135442 0.760000
v 6.491164 1.857455 0.760000
v 7.828916 1.681098 0.760000
v 7.805995 1.712098 0.760000
v 7.781486 1.740783 0.760000
v 7.755534 1.767082 0.760000
v 7.728284 1.790920 0.760000
v 7.699879 1.812226 0.760000
v 7.670464 1.830927 0.760000
v 7.640183 1.846950 0.760000
v 7.609180 1.860223 0.760000
v 7.577600 1.870673 0.760000
v 7.545588 1.878227 0.760000
v 7.513287 1.882813 0.760000
v 7.480841 1.884357 0.760000
v 7.426639 1.880733 0.760000
v 7.374737 1.869813 0.760000
v 7.325595 1.851524 0.760000
v 7.279673 1.825793 0.760000
v 7.237431 1.792548 0.760000
v 7.199328 1.751716 0.760000
v 7.165826 1.703224 0.760000
v 7.137383 1.647000 0.760000
v 7.114461 1.582972 0.760000
v 7.097518 1.511065 0.760000
v 7.087015 1.431209 0.760000
v 7.083412 1.343330 0.760000
v 7.083412 0.515349 0.760000
v 7.314596 0.515349 0.760000
v 7.314596 1.346319 0.760000
v 7.316415 1.394172 0.760000
v 7.321787 1.438953 0.760000
v 7.330587 1.480455 0.760000
v 7.342688 1.518469 0.760000
v 7.357964 1.552788 0.760000
v 7.376288 1.583205 0.760000
v 7.397535 1.609512 0.760000
v 7.421577 1.631501 0.760000
v 7.448290 1.648966 0.760000
v 7.477546 1.661697 0.760000
v 7.509218 1.669488 0.760000
v 7.543182 1.672131 0.760000
v 7.568104 1.670991 0.760000
v 7.592332 1.667495 0.760000
v 7.616036 1.661529 0.760000
v 7.639389 1.652979 0.760000
v 7.662561 1.641730 0.760000
v 7.685724 1.627668 0.760000
v 7.709050 1.610680 0.760000
v 7.732709 1.590650 0.760000
v 7.756874 1.567466 0.760000
v 7.781714 1.541012 0.760000
v 7.807403 1.511175 0.760000
v 7.834111 1.477839 0.760000
v 7.834111 0.515349 0.760000
v 8.065295 0.515349 0.760000
v 8.065295 1.857455 0.760000
v 7.834111 1.857455 0.760000
v 7.834111 1.681098 0.760000
v 9.073154 2.290875 0.760000
v 9.073154 1.675120 0.760000
v 8.348431 1.675120 0.760000
v 8.348431 1.412079 0.760000
v 9.073154 1.412079 0.760000
v 9.073154 0.778390 0.760000
v 8.299077 0.778390 0.760000
v 8.299077 0.515349 0.760000
v 9.327716 0.515349 0.760000
v 9.327716 2.553916 0.760000
v 8.322454 2.553916 0.760000
v 8.322454 2.290875 0.760000
v 9.073154 2.290875 0.760000
v 9.073153 2.290875 -0.760000
v 9.073154 1.675120 0.760000
v 9.073153 1.675120 -0.760000
v 8.348431 1.675120 0.760000
v 8.348431 1.675120 -0.760000
v 8.348431 1.412079 0.760000
v 8.348431 1.412079 -0.760000
v 9.073154 1.412079 0.760000
v 9.073153 1.412079 -0.760000
v 9.073154 0.778390 0.760000
v 9.073153 0.778389 -0.760000
v 8.299077 0.778390 0.760000
v 8.299076 0.778389 -0.760000
v 8.299077 0.515349 0.760000
v 8.299076 0.515348 -0.760000
v 9.327716 0.515349 0.760000
v 9.327716 0.515348 -0.760000
v 9.327716 2.553916 0.760000
v 9.327716 2.553916 -0.760000
v 8.322454 2.553916 0.760000
v 8.322454 2.553916 -0.760000
v 8.322454 2.290875 0.760000
v 8.322454 2.290875 -0.760000
v 7.828916 1.681098 0.760000
v 7.828916 1.681098 -0.760000
v 7.805995 1.712098 0.760000
v 7.805995 1.712098 -0.760000
v 7.781486 1.740783 0.760000
v 7.781486 1.740783 -0.760000
v 7.755534 1.767082 0.760000
v 7.755534 1.767082 -0.760000
v 7.728284 1.790920 0.760000
v 7.728284 1.790920 -0.760000
v 7.699879 1.812226 0.760000
v 7.699879 1.812226 -0.760000
v 7.670464 1.830927 0.760000
v 7.670464 1.830927 -0.760000
v 7.640183 1.846950 0.760000
v 7.640182 1.846950 -0.760000
v 7.609180 1.860223 0.760000
v 7.609180 1.860223 -0.760000
v 7.577600 1.870673 0.760000
v 7.577600 1.870673 -0.760000
v 7.545588 1.878227 0.760000
v 7.545588 1.878227 -0.760000
v 7.513287 1.882813 0.760000
v 7.513287 1.882813 -0.760000
v 7.480841 1.884357 0.760000
v 7.480841 1.884357 -0.760000
v 7.426639 1.880733 0.760000
v 7.426639 1.880733 -0.760000
v 7.374737 1.869813 0.760000
v 7.374737 1.869813 -0.760000
v 7.325595 1.851524 0.760000
v 7.325595 1.851524 -0.760000
v 7.279673 1.825793 0.760000
v 7.279673 1.825793 -0.760000
v 7.237431 1.792548 0.760000
v 7.237431 1.792548 -0.760000
v 7.199328 1.751716 0.760000
v 7.199328 1.751716 -0.760000
v 7.165826 1.703224 0.760000
v 7.165826 1.703224 -0.760000
v 7.137383 1.647000 0.760000
v 7.137383 1.647000 -0.760000
v 7.114461 1.582972 0.760000
v 7.114461 1.582972 -0.760000
v 7.097518 1.511065 0.760000
v 7.097518 1.511065 -0.760000
v 7.087015 1.431209 0.760000
v 7.087015 1.431209 -0.760000
v 7.083412 1.343330 0.760000
v 7.083412 1.343330 -0.760000
v 7.083412 0.515349 0.760000
v 7.083412 0.515348 -0.760000
v 7.314596 0.515349 0.760000
v 7.314596 0.515348 -0.760000
v 7.314596 1.346319 0.760000
v 7.314596 1.346319 -0.760000
v 7.316415 1.394172 0.760000
v 7.316415 1.394172 -0.760000
v 7.321787 1.438953 0.760000
v 7.321787 1.438953 -0.760000
v 7.330587 1.480455 0.760000
v 7.330587 1.480455 -0.760000
v 7.342688 1.518469 0.760000
v 7.342688 1.518469 -0.760000
v 7.357964 1.552788 0.760000
v 7.357964 1.552788 -0.760000
v 7.376288 1.583205 0.760000
v 7.376288 1.583205 -0.760000
v 7.397535 1.609512 0.760000
v 7.397535 1.609512 -0.760000
v 7.421577 1.631501 0.760000
v 7.421577 1.631501 -0.760000
v 7.448290 1.648966 0.760000
v 7.448290 1.648966 -0.760000
v 7.477546 1.661697 0.760000
v 7.477546 1.661697 -0.760000
v 7.509218 1.669488 0.760000
v 7.509218 1.669488 -0.760000
v 7.543182 1.672131 0.760000
v 7.543182 1.672131 -0.760000
v 7.568104 1.670991 0.760000
v 7.568104 1.670991 -0.760000
v 7.592332 1.667495 0.760000
v 7.592331 1.667495 -0.760000
v 7.616036 1.661529 0.760000
v 7.616036 1.661529 -0.760000
v 7.639389 1.652979 0.760000
v 7.639389 1.652979 -0.760000
v 7.662561 1.641730 0.760000
v 7.662561 1.641730 -0.760000
v 7.685724 1.627668 0.760000
v 7.685724 1.627668 -0.760000
v 7.709050 1.610680 0.760000
v 7.709050 1.610680 -0.760000
v 7.732709 1.590650 0.760000
v 7.732709 1.590650 -0.760000
v 7.756874 1.567466 0.760000
v 7.756873 1.567466 -0.760000
v 7.781714 1.541012 0.760000
v 7.781714 1.541012 -0.760000
v 7.807403 1.511175 0.760000
v 7.807403 1.511174 -0.760000
v 7.834111 1.477839 0.760000
v 7.834111 1.477839 -0.760000
v 7.834111 0.515349 0.760000
v 7.834111 0.515348 -0.760000
v 8.065295 0.515349 0.760000
v 8.065295 0.515348 -0.760000
v 8.065295 1.857455 0.760000
v 8.065295 1.857455 -0.760000
v 7.834111 1.857455 0.760000
v 7.834111 1.857455 -0.760000
v 7.834111 1.681098 0.760000
v 7.834111 1.681098 -0.760000
v 6.122309 1.857455 0.760000
v 6.122309 1.857455 -0.760000
v 6.122309 1.618327 0.760000
v 6.122309 1.618327 -0.760000
v 6.491164 1.618327 0.760000
v 6.491164 1.618327 -0.760000
v 6.491164 0.930834 0.760000
v 6.491164 0.930834 -0.760000
v 6.489183 0.893555 0.760000
v 6.489183 0.893555 -0.760000
v 6.483541 0.860770 0.760000
v 6.483541 0.860770 -0.760000
v 6.474686 0.832240 0.760000
v 6.474686 0.832240 -0.760000
v 6.463072 0.807727 0.760000
v 6.463072 0.807727 -0.760000
v 6.449149 0.786992 0.760000
v 6.449149 0.786992 -0.760000
v 6.433369 0.769796 0.760000
v 6.433369 0.769796 -0.760000
v 6.416181 0.755900 0.760000
v 6.416181 0.755900 -0.760000
v 6.398037 0.745067 0.760000
v 6.398037 0.745067 -0.760000
v 6.379388 0.737056 0.760000
v 6.379388 0.737056 -0.760000
v 6.360684 0.731629 0.760000
v 6.360684 0.731629 -0.760000
v 6.342379 0.728549 0.760000
v 6.342379 0.728549 -0.760000
v 6.324920 0.727575 0.760000
v 6.324920 0.727575 -0.760000
v 6.304083 0.728260 0.760000
v 6.304083 0.728260 -0.760000
v 6.283119 0.730315 0.760000
v 6.283119 0.730315 -0.760000
v 6.262011 0.733740 0.760000
v 6.262011 0.733740 -0.760000
v 6.240740 0.738535 0.760000
v 6.240740 0.738535 -0.760000
v 6.219289 0.744700 0.760000
v 6.219289 0.744700 -0.760000
v 6.197639 0.752235 0.760000
v 6.197639 0.752235 -0.760000
v 6.175773 0.761140 0.760000
v 6.175773 0.761140 -0.760000
v 6.153673 0.771415 0.760000
v 6.153673 0.771415 -0.760000
v 6.131320 0.783060 0.760000
v 6.131320 0.783060 -0.760000
v 6.108696 0.796075 0.760000
v 6.108696 0.796075 -0.760000
v 6.085784 0.810460 0.760000
v 6.085784 0.810460 -0.760000
v 6.062565 0.826215 0.760000
v 6.062565 0.826215 -0.760000
v 6.062565 0.578120 0.760000
v 6.062565 0.578120 -0.760000
v 6.083562 0.565681 0.760000
v 6.083562 0.565681 -0.760000
v 6.106074 0.553833 0.760000
v 6.106074 0.553833 -0.760000
v 6.129777 0.542671 0.760000
v 6.129777 0.542671 -0.760000
v 6.154346 0.532287 0.760000
v 6.154346 0.532287 -0.760000
v 6.179456 0.522775 0.760000
v 6.179456 0.522775 -0.760000
v 6.204782 0.514228 0.760000
v 6.204782 0.514228 -0.760000
v 6.230000 0.506739 0.760000
v 6.230000 0.506739 -0.760000
v 6.254786 0.500403 0.760000
v 6.254786 0.500403 -0.760000
v 6.278813 0.495312 0.760000
v 6.278813 0.495312 -0.760000
v 6.301758 0.491560 0.760000
v 6.301758 0.491560 -0.760000
v 6.323297 0.489241 0.760000
v 6.323297 0.489241 -0.760000
v 6.343103 0.488447 0.760000
v 6.343103 0.488447 -0.760000
v 6.403495 0.492115 0.760000
v 6.403495 0.492115 -0.760000
v 6.458683 0.502852 0.760000
v 6.458683 0.502852 -0.760000
v 6.508658 0.520252 0.760000
v 6.508658 0.520252 -0.760000
v 6.553411 0.543911 0.760000
v 6.553411 0.543911 -0.760000
v 6.592932 0.573423 0.760000
v 6.592932 0.573423 -0.760000
v 6.627213 0.608384 0.760000
v 6.627213 0.608384 -0.760000
v 6.656244 0.648389 0.760000
v 6.656244 0.648389 -0.760000
v 6.680018 0.693034 0.760000
v 6.680018 0.693034 -0.760000
v 6.698524 0.741913 0.760000
v 6.698524 0.741913 -0.760000
v 6.711754 0.794622 0.760000
v 6.711754 0.794622 -0.760000
v 6.719699 0.850756 0.760000
v 6.719699 0.850756 -0.760000
v 6.722349 0.909910 0.760000
v 6.722349 0.909910 -0.760000
v 6.722349 1.618327 0.760000
v 6.722349 1.618327 -0.760000
v 6.924960 1.618327 0.760000
v 6.924960 1.618327 -0.760000
v 6.924960 1.648218 0.760000
v 6.924960 1.648218 -0.760000
v 6.491164 2.135442 0.760000
v 6.491164 2.135442 -0.760000
v 6.491164 1.857455 0.760000
v 6.491164 1.857455 -0.760000
v 4.957075 0.621147 0.760000
v 4.957075 0.621147 -0.760000
v 4.991667 0.597770 0.760000
v 4.991667 0.597770 -0.760000
v 5.026295 0.576719 0.760000
v 5.026295 0.576718 -0.760000
v 5.061248 0.557971 0.760000
v 5.061248 0.557971 -0.760000
v 5.096815 0.541507 0.760000
v 5.096815 0.541507 -0.760000
v 5.133283 0.527305 0.760000
v 5.133283 0.527305 -0.760000
v 5.170942 0.515345 0.760000
v 5.170942 0.515345 -0.760000
v 5.210080 0.505606 0.760000
v 5.210080 0.505606 -0.760000
v 5.250985 0.498068 0.760000
v 5.250985 0.498068 -0.760000
v 5.293947 0.492709 0.760000
v 5.293947 0.492709 -0.760000
v 5.339255 0.489509 0.760000
v 5.339255 0.489509 -0.760000
v 5.387196 0.488447 0.760000
v 5.387196 0.488447 -0.760000
v 5.474731 0.495425 0.760000
v 5.474731 0.495425 -0.760000
v 5.555412 0.515625 0.760000
v 5.555412 0.515625 -0.760000
v 5.629094 0.547948 0.760000
v 5.629094 0.547948 -0.760000
v 5.695633 0.591294 0.760000
v 5.695633 0.591294 -0.760000
v 5.754885 0.644562 0.760000
v 5.754885 0.644561 -0.760000
v 5.806704 0.706651 0.760000
v 5.806704 0.706651 -0.760000
v 5.850946 0.776463 0.760000
v 5.850946 0.776462 -0.760000
v 5.887469 0.852896 0.760000
v 5.887469 0.852896 -0.760000
v 5.916126 0.934850 0.760000
v 5.916126 0.934850 -0.760000
v 5.936775 1.021226 0.760000
v 5.936775 1.021226 -0.760000
v 5.949270 1.110924 0.760000
v 5.949270 1.110924 -0.760000
v 5.953467 1.202842 0.760000
v 5.953467 1.202842 -0.760000
v 5.948885 1.301648 0.760000
v 5.948885 1.301648 -0.760000
v 5.935428 1.394477 0.760000
v 5.935428 1.394477 -0.760000
v 5.913529 1.480829 0.760000
v 5.913529 1.480828 -0.760000
v 5.883621 1.560206 0.760000
v 5.883621 1.560206 -0.760000
v 5.846137 1.632110 0.760000
v 5.846137 1.632110 -0.760000
v 5.801509 1.696044 0.760000
v 5.801509 1.696044 -0.760000
v 5.750171 1.751508 0.760000
v 5.750171 1.751508 -0.760000
v 5.692555 1.798006 0.760000
v 5.692555 1.798006 -0.760000
v 5.629095 1.835037 0.760000
v 5.629095 1.835037 -0.760000
v 5.560223 1.862105 0.760000
v 5.560223 1.862105 -0.760000
v 5.486372 1.878711 0.760000
v 5.486372 1.878711 -0.760000
v 5.407976 1.884357 0.760000
v 5.407976 1.884357 -0.760000
v 5.333074 1.879306 0.760000
v 5.333074 1.879306 -0.760000
v 5.263124 1.864125 0.760000
v 5.263124 1.864125 -0.760000
v 5.198424 1.838773 0.760000
v 5.198424 1.838773 -0.760000
v 5.139271 1.803209 0.760000
v 5.139271 1.803209 -0.760000
v 5.085962 1.757390 0.760000
v 5.085962 1.757390 -0.760000
v 5.038795 1.701275 0.760000
v 5.038795 1.701275 -0.760000
v 4.998069 1.634823 0.760000
v 4.998069 1.634823 -0.760000
v 4.964079 1.557992 0.760000
v 4.964079 1.557992 -0.760000
v 4.937125 1.470740 0.760000
v 4.937125 1.470740 -0.760000
v 4.917503 1.373027 0.760000
v 4.917503 1.373027 -0.760000
v 4.905512 1.264811 0.760000
v 4.905512 1.264811 -0.760000
v 4.901449 1.146049 0.760000
v 4.901449 1.146049 -0.760000
v 5.722282 1.146049 0.760000
v 5.722282 1.146049 -0.760000
v 5.711192 1.082225 0.760000
v 5.711192 1.082224 -0.760000
v 5.696115 1.023787 0.760000
v 5.696115 1.023786 -0.760000
v 5.677069 0.970766 0.760000
v 5.677069 0.970766 -0.760000
v 5.654073 0.923195 0.760000
v 5.654073 0.923195 -0.760000
v 5.627144 0.881104 0.760000
v 5.627144 0.881104 -0.760000
v 5.596301 0.844523 0.760000
v 5.596301 0.844523 -0.760000
v 5.561561 0.813486 0.760000
v 5.561561 0.813486 -0.760000
v 5.522943 0.788021 0.760000
v 5.522943 0.788021 -0.760000
v 5.480465 0.768161 0.760000
v 5.480465 0.768161 -0.760000
v 5.434144 0.753937 0.760000
v 5.434144 0.753937 -0.760000
v 5.384000 0.745380 0.760000
v 5.384000 0.745380 -0.760000
v 5.330049 0.742520 0.760000
v 5.330049 0.742520 -0.760000
v 5.295138 0.743755 0.760000
v 5.295138 0.743755 -0.760000
v 5.260516 0.747419 0.760000
v 5.260516 0.747419 -0.760000
v 5.226146 0.753449 0.760000
v 5.226146 0.753449 -0.760000
v 5.191992 0.761783 0.760000
v 5.191992 0.761783 -0.760000
v 5.158020 0.772359 0.760000
v 5.158020 0.772359 -0.760000
v 5.124191 0.785115 0.760000
v 5.124191 0.785115 -0.760000
v 5.090470 0.799988 0.760000
v 5.090470 0.799988 -0.760000
v 5.056822 0.816916 0.760000
v 5.056822 0.816916 -0.760000
v 5.023210 0.835836 0.760000
v 5.023210 0.835836 -0.760000
v 4.989598 0.856687 0.760000
v 4.989598 0.856687 -0.760000
v 4.955950 0.879407 0.760000
v 4.955950 0.879407 -0.760000
v 4.922230 0.903932 0.760000
v 4.922230 0.903932 -0.760000
v 4.922230 0.646869 0.760000
v 4.922230 0.646869 -0.760000
v 5.133914 1.371633 0.760000
v 5.133914 1.371633 -0.760000
v 5.141581 1.417559 0.760000
v 5.141581 1.417559 -0.760000
v 5.152927 1.459998 0.760000
v 5.152927 1.459998 -0.760000
v 5.167845 1.498763 0.760000
v 5.167845 1.498763 -0.760000
v 5.186226 1.533667 0.760000
v 5.186226 1.533667 -0.760000
v 5.207963 1.564523 0.760000
v 5.207963 1.564523 -0.760000
v 5.232947 1.591145 0.760000
v 5.232947 1.591145 -0.760000
v 5.261069 1.613345 0.760000
v 5.261069 1.613345 -0.760000
v 5.292222 1.630937 0.760000
v 5.292222 1.630937 -0.760000
v 5.326297 1.643734 0.760000
v 5.326297 1.643734 -0.760000
v 5.363186 1.651550 0.760000
v 5.363186 1.651550 -0.760000
v 5.402781 1.654197 0.760000
v 5.402781 1.654197 -0.760000
v 5.445476 1.651721 0.760000
v 5.445476 1.651721 -0.760000
v 5.485230 1.644357 0.760000
v 5.485230 1.644357 -0.760000
v 5.522026 1.632199 0.760000
v 5.522026 1.632199 -0.760000
v 5.555846 1.615338 0.760000
v 5.555846 1.615338 -0.760000
v 5.586671 1.593870 0.760000
v 5.586671 1.593870 -0.760000
v 5.614483 1.567886 0.760000
v 5.614483 1.567886 -0.760000
v 5.639266 1.537481 0.760000
v 5.639266 1.537481 -0.760000
v 5.660999 1.502749 0.760000
v 5.660999 1.502748 -0.760000
v 5.679667 1.463781 0.760000
v 5.679667 1.463781 -0.760000
v 5.695249 1.420673 0.760000
v 5.695249 1.420673 -0.760000
v 5.707728 1.373517 0.760000
v 5.707728 1.373517 -0.760000
v 5.717088 1.322406 0.760000
v 5.717088 1.322406 -0.760000
v 5.130035 1.322406 0.760000
v 5.130035 1.322406 -0.760000
v 4.405312 1.549578 0.760000
v 4.405312 1.549578 -0.760000
v 4.400117 1.549578 0.760000
v 4.400117 1.549578 -0.760000
v 4.371000 1.605771 0.760000
v 4.371000 1.605771 -0.760000
v 4.342092 1.656369 0.760000
v 4.342092 1.656369 -0.760000
v 4.313382 1.701508 0.760000
v 4.313382 1.701508 -0.760000
v 4.284861 1.741323 0.760000
v 4.284861 1.741323 -0.760000
v 4.256521 1.775949 0.760000
v 4.256521 1.775949 -0.760000
v 4.228353 1.805520 0.760000
v 4.228353 1.805520 -0.760000
v 4.200346 1.830171 0.760000
v 4.200346 1.830171 -0.760000
v 4.172493 1.850038 0.760000
v 4.172493 1.850038 -0.760000
v 4.144783 1.865255 0.760000
v 4.144783 1.865255 -0.760000
v 4.117210 1.875957 0.760000
v 4.117210 1.875957 -0.760000
v 4.089763 1.882280 0.760000
v 4.089763 1.882280 -0.760000
v 4.062432 1.884357 0.760000
v 4.062432 1.884357 -0.760000
v 4.039154 1.883297 0.760000
v 4.039154 1.883297 -0.760000
v 4.016048 1.880109 0.760000
v 4.016048 1.880109 -0.760000
v 3.993068 1.874783 0.760000
v 3.993068 1.874783 -0.760000
v 3.970170 1.867308 0.760000
v 3.970170 1.867308 -0.760000
v 3.947307 1.857675 0.760000
v 3.947307 1.857675 -0.760000
v 3.924435 1.845873 0.760000
v 3.924435 1.845873 -0.760000
v 3.901510 1.831891 0.760000
v 3.901510 1.831891 -0.760000
v 3.878485 1.815719 0.760000
v 3.878485 1.815719 -0.760000
v 3.855316 1.797346 0.760000
v 3.855316 1.797346 -0.760000
v 3.831957 1.776763 0.760000
v 3.831957 1.776763 -0.760000
v 3.808364 1.753959 0.760000
v 3.808364 1.753959 -0.760000
v 3.784492 1.728924 0.760000
v 3.784492 1.728924 -0.760000
v 3.906578 1.498763 0.760000
v 3.906578 1.498763 -0.760000
v 3.924511 1.517677 0.760000
v 3.924511 1.517677 -0.760000
v 3.943112 1.535491 0.760000
v 3.943112 1.535491 -0.760000
v 3.962182 1.552100 0.760000
v 3.962182 1.552100 -0.760000
v 3.981523 1.567402 0.760000
v 3.981523 1.567402 -0.760000
v 4.000936 1.581292 0.760000
v 4.000936 1.581292 -0.760000
v 4.020222 1.593667 0.760000
v 4.020222 1.593667 -0.760000
v 4.039184 1.604423 0.760000
v 4.039184 1.604423 -0.760000
v 4.057622 1.613456 0.760000
v 4.057622 1.613456 -0.760000
v 4.075339 1.620662 0.760000
v 4.075339 1.620662 -0.760000
v 4.092136 1.625938 0.760000
v 4.092136 1.625938 -0.760000
v 4.107815 1.629180 0.760000
v 4.107815 1.629180 -0.760000
v 4.122177 1.630284 0.760000
v 4.122177 1.630284 -0.760000
v 4.161033 1.626563 0.760000
v 4.161033 1.626563 -0.760000
v 4.198167 1.615712 0.760000
v 4.198167 1.615712 -0.760000
v 4.233263 1.598197 0.760000
v 4.233263 1.598197 -0.760000
v 4.266005 1.574487 0.760000
v 4.266005 1.574487 -0.760000
v 4.296076 1.545048 0.760000
v 4.296076 1.545048 -0.760000
v 4.323163 1.510346 0.760000
v 4.323163 1.510346 -0.760000
v 4.346949 1.470849 0.760000
v 4.346949 1.470849 -0.760000
v 4.367118 1.427025 0.760000
v 4.367118 1.427025 -0.760000
v 4.383354 1.379339 0.760000
v 4.383354 1.379339 -0.760000
v 4.395342 1.328260 0.760000
v 4.395342 1.328260 -0.760000
v 4.402767 1.274254 0.760000
v 4.402767 1.274253 -0.760000
v 4.405312 1.217788 0.760000
v 4.405312 1.217788 -0.760000
v 4.405312 0.515349 0.760000
v 4.405312 0.515348 -0.760000
v 4.636496 0.515349 0.760000
v 4.636496 0.515348 -0.760000
v 4.636496 1.857455 0.760000
v 4.636496 1.857455 -0.760000
v 4.405312 1.857455 0.760000
v 4.405312 1.857455 -0.760000
v 3.244981 1.367103 0.760001
v 3.244981 1.367103 -0.759999
v 3.203501 1.374093 0.760001
v 3.203501 1.374093 -0.759999
v 3.156610 1.382142 0.760001
v 3.156610 1.382142 -0.759999
v 3.104793 1.391156 0.760001
v 3.104793 1.391156 -0.759999
v 3.048539 1.401042 0.760001
v 3.048539 1.401041 -0.759999
v 2.988335 1.411706 0.760001
v 2.988335 1.411706 -0.759999
v 2.924667 1.423055 0.760001
v 2.924667 1.423055 -0.759999
v 2.858024 1.434996 0.760001
v 2.858024 1.434996 -0.759999
v 2.788890 1.447435 0.760001
v 2.788890 1.447435 -0.759999
v 2.717754 1.460279 0.760001
v 2.717754 1.460279 -0.759999
v 2.645103 1.473434 0.760001
v 2.645103 1.473433 -0.759999
v 2.571424 1.486807 0.760001
v 2.571424 1.486807 -0.759999
v 2.675327 2.087616 0.760001
v 2.675327 2.087616 -0.759999
v 3.246794 1.980009 0.760000
v 3.246794 1.980009 -0.760000
v 3.264724 1.976269 0.760000
v 3.264724 1.976269 -0.760000
v 3.282222 1.972508 0.760000
v 3.282222 1.972508 -0.760000
v 3.299395 1.968706 0.760000
v 3.299395 1.968706 -0.760000
v 3.316351 1.964842 0.760000
v 3.316351 1.964842 -0.760000
v 3.333199 1.960894 0.760000
v 3.333199 1.960894 -0.760000
v 3.350048 1.956843 0.760000
v 3.350048 1.956843 -0.760000
v 3.367003 1.952667 0.760000
v 3.367003 1.952667 -0.760000
v 3.384176 1.948346 0.760000
v 3.384176 1.948346 -0.760000
v 3.401674 1.943859 0.760000
v 3.401674 1.943859 -0.760000
v 3.419604 1.939185 0.760000
v 3.419604 1.939185 -0.760000
v 3.438076 1.934304 0.760000
v 3.438076 1.934304 -0.760000
v 3.457197 1.929194 0.760000
v 3.457197 1.929194 -0.760000
v 3.501356 2.198213 0.760000
v 3.501356 2.198213 -0.760000
v 3.485060 2.199025 0.760000
v 3.485060 2.199025 -0.760000
v 3.468610 2.199971 0.760000
v 3.468610 2.199971 -0.760000
v 3.451962 2.201062 0.760000
v 3.451962 2.201062 -0.760000
v 3.435070 2.202309 0.760000
v 3.435070 2.202309 -0.760000
v 3.417890 2.203723 0.760000
v 3.417890 2.203723 -0.760000
v 3.400376 2.205312 0.760000
v 3.400376 2.205312 -0.760000
v 3.382483 2.207089 0.760000
v 3.382483 2.207089 -0.760000
v 3.364166 2.209063 0.760000
v 3.364166 2.209063 -0.760000
v 3.345380 2.211244 0.760000
v 3.345380 2.211244 -0.760000
v 3.326079 2.213643 0.760000
v 3.326079 2.213643 -0.760000
v 3.306220 2.216270 0.760000
v 3.306220 2.216270 -0.760000
v 3.285757 2.219137 0.760000
v 3.285757 2.219137 -0.760000
v 3.257895 2.222674 0.760000
v 3.257895 2.222674 -0.760000
v 3.225207 2.227260 0.760000
v 3.225207 2.227260 -0.760000
v 3.188065 2.232821 0.760000
v 3.188065 2.232821 -0.760000
v 3.146836 2.239285 0.760000
v 3.146836 2.239285 -0.760000
v 3.101891 2.246580 0.760000
v 3.101891 2.246580 -0.760000
v 3.053599 2.254632 0.760000
v 3.053599 2.254632 -0.760000
v 3.002331 2.263370 0.760000
v 3.002331 2.263370 -0.760000
v 2.948457 2.272719 0.760000
v 2.948457 2.272719 -0.760000
v 2.892346 2.282609 0.760000
v 2.892346 2.282609 -0.760000
v 2.834368 2.292965 0.760001
v 2.834368 2.292965 -0.759999
v 2.774893 2.303715 0.760001
v 2.774893 2.303715 -0.759999
v 2.714290 2.314788 0.760001
v 2.714290 2.314788 -0.759999
v 2.768840 2.628644 0.760000
v 2.768840 2.628644 -0.760000
v 2.772192 2.647827 0.760000
v 2.772192 2.647827 -0.760000
v 2.775743 2.666533 0.760000
v 2.775743 2.666533 -0.760000
v 2.779473 2.684783 0.760000
v 2.779473 2.684783 -0.760000
v 2.783367 2.702596 0.760000
v 2.783367 2.702596 -0.760000
v 2.787405 2.719995 0.760000
v 2.787405 2.719995 -0.760000
v 2.791568 2.736999 0.760000
v 2.791568 2.736999 -0.760000
v 2.795840 2.753629 0.760000
v 2.795840 2.753629 -0.760000
v 2.800203 2.769907 0.760000
v 2.800203 2.769907 -0.760000
v 2.804637 2.785852 0.760000
v 2.804637 2.785852 -0.760000
v 2.809126 2.801486 0.760000
v 2.809126 2.801486 -0.760000
v 2.813651 2.816829 0.760000
v 2.813651 2.816829 -0.760000
v 2.818193 2.831903 0.760000
v 2.818193 2.831903 -0.760000
v 2.584412 2.879728 0.760000
v 2.584412 2.879728 -0.760000
v 2.583554 2.864995 0.760000
v 2.583554 2.864995 -0.760000
v 2.582318 2.849298 0.760000
v 2.582318 2.849298 -0.760000
v 2.580759 2.832790 0.760000
v 2.580759 2.832790 -0.760000
v 2.578928 2.815629 0.760000
v 2.578928 2.815629 -0.760000
v 2.576880 2.797969 0.760001
v 2.576880 2.797969 -0.759999
v 2.574671 2.779967 0.760001
v 2.574671 2.779967 -0.759999
v 2.572352 2.761778 0.760001
v 2.572352 2.761778 -0.759999
v 2.569981 2.743558 0.760001
v 2.569981 2.743558 -0.759999
v 2.567608 2.725463 0.760001
v 2.567608 2.725463 -0.759999
v 2.565290 2.707648 0.760001
v 2.565290 2.707648 -0.759999
v 2.563081 2.690268 0.760001
v 2.563081 2.690268 -0.759999
v 2.561033 2.673480 0.760001
v 2.561033 2.673480 -0.759999
v 2.506485 2.350657 0.760001
v 2.506485 2.350657 -0.759999
v 2.443831 2.362541 0.760001
v 2.443831 2.362541 -0.759999
v 2.382125 2.374238 0.760001
v 2.382125 2.374238 -0.759999
v 2.321772 2.385686 0.760001
v 2.321772 2.385686 -0.759999
v 2.263178 2.396822 0.760001
v 2.263178 2.396822 -0.759999
v 2.206748 2.407585 0.760001
v 2.206748 2.407585 -0.759999
v 2.152889 2.417912 0.760001
v 2.152889 2.417912 -0.759999
v 2.102007 2.427741 0.760001
v 2.102007 2.427741 -0.759999
v 2.054506 2.437009 0.760001
v 2.054506 2.437009 -0.759999
v 2.010794 2.445655 0.760001
v 2.010794 2.445655 -0.759999
v 1.971276 2.453615 0.760001
v 1.971276 2.453615 -0.759999
v 1.936357 2.460829 0.760001
v 1.936357 2.460829 -0.759999
v 1.906445 2.467232 0.760001
v 1.906445 2.467232 -0.759999
v 1.887835 2.471086 0.760001
v 1.887835 2.471086 -0.759999
v 1.869694 2.475148 0.760001
v 1.869694 2.475148 -0.759999
v 1.852058 2.479375 0.760001
v 1.852058 2.479375 -0.759999
v 1.834963 2.483727 0.760001
v 1.834963 2.483727 -0.759999
v 1.818446 2.488163 0.760001
v 1.818446 2.488163 -0.759999
v 1.802542 2.492640 0.760001
v 1.802542 2.492640 -0.759999
v 1.787287 2.497116 0.760001
v 1.787287 2.497116 -0.759999
v 1.772718 2.501551 0.760001
v 1.772718 2.501551 -0.759999
v 1.758870 2.505904 0.760001
v 1.758870 2.505904 -0.759999
v 1.745780 2.510131 0.760001
v 1.745780 2.510131 -0.759999
v 1.733483 2.514193 0.760001
v 1.733483 2.514193 -0.759999
v 1.722017 2.518047 0.760001
v 1.722017 2.518047 -0.759999
v 1.677858 2.266963 0.760001
v 1.677858 2.266963 -0.759999
v 1.688434 2.265347 0.760001
v 1.688434 2.265347 -0.759999
v 1.700552 2.263503 0.760001
v 1.700552 2.263503 -0.759999
v 1.714022 2.261451 0.760001
v 1.714022 2.261451 -0.759999
v 1.728656 2.259213 0.760001
v 1.728656 2.259213 -0.759999
v 1.744264 2.256809 0.760001
v 1.744264 2.256809 -0.759999
v 1.760656 2.254259 0.760001
v 1.760656 2.254259 -0.759999
v 1.777644 2.251585 0.760001
v 1.777644 2.251585 -0.759999
v 1.795038 2.248806 0.760001
v 1.795038 2.248806 -0.759999
v 1.812648 2.245945 0.760001
v 1.812648 2.245945 -0.759999
v 1.830285 2.243022 0.760001
v 1.830285 2.243022 -0.759999
v 1.847760 2.240057 0.760001
v 1.847760 2.240057 -0.759999
v 1.864883 2.237072 0.760001
v 1.864883 2.237072 -0.759999
v 2.470119 2.126475 0.760001
v 2.470119 2.126475 -0.759999
v 2.366216 1.525665 0.760001
v 2.366216 1.525665 -0.759999
v 1.727212 1.651207 0.760001
v 1.727212 1.651207 -0.759999
v 1.702474 1.657064 0.760001
v 1.702474 1.657064 -0.759999
v 1.678881 1.662693 0.760001
v 1.678881 1.662693 -0.759999
v 1.656388 1.668114 0.760001
v 1.656388 1.668114 -0.759999
v 1.634951 1.673349 0.760001
v 1.634951 1.673349 -0.759999
v 1.614523 1.678417 0.760001
v 1.614523 1.678417 -0.759999
v 1.595061 1.683340 0.760001
v 1.595061 1.683340 -0.759999
v 1.576519 1.688139 0.760001
v 1.576519 1.688139 -0.759999
v 1.558851 1.692833 0.760001
v 1.558851 1.692833 -0.759999
v 1.542013 1.697445 0.760001
v 1.542013 1.697445 -0.759999
v 1.525960 1.701994 0.760001
v 1.525960 1.701994 -0.759999
v 1.510647 1.706502 0.760001
v 1.510647 1.706502 -0.759999
v 1.496028 1.710989 0.760001
v 1.496028 1.710989 -0.759999
v 1.454467 1.459905 0.760001
v 1.454467 1.459905 -0.759999
v 1.468690 1.458227 0.760001
v 1.468690 1.458227 -0.759999
v 1.484050 1.456196 0.760001
v 1.484050 1.456196 -0.759999
v 1.500492 1.453833 0.760001
v 1.500492 1.453833 -0.759999
v 1.517962 1.451159 0.760001
v 1.517962 1.451159 -0.759999
v 1.536407 1.448194 0.760001
v 1.536407 1.448194 -0.759999
v 1.555772 1.444959 0.760001
v 1.555772 1.444959 -0.759999
v 1.576002 1.441476 0.760001
v 1.576002 1.441475 -0.759999
v 1.597044 1.437763 0.760001
v 1.597044 1.437763 -0.759999
v 1.618844 1.433844 0.760001
v 1.618844 1.433844 -0.759999
v 1.641347 1.429737 0.760001
v 1.641347 1.429737 -0.759999
v 1.664500 1.425464 0.760001
v 1.664500 1.425464 -0.759999
v 1.688248 1.421046 0.760001
v 1.688248 1.421046 -0.759999
v 2.327252 1.304471 0.760001
v 2.327252 1.304471 -0.759999
v 2.220751 0.703662 0.760001
v 2.220751 0.703662 -0.759999
v 2.216151 0.681699 0.760001
v 2.216151 0.681699 -0.759999
v 2.211443 0.659227 0.760001
v 2.211443 0.659227 -0.759999
v 2.206627 0.636360 0.760001
v 2.206627 0.636360 -0.759999
v 2.201702 0.613214 0.760001
v 2.201702 0.613214 -0.759999
v 2.196670 0.589901 0.760001
v 2.196670 0.589901 -0.759999
v 2.191529 0.566537 0.760001
v 2.191529 0.566537 -0.759999
v 2.186280 0.543235 0.760001
v 2.186280 0.543235 -0.759999
v 2.180922 0.520109 0.760001
v 2.180922 0.520109 -0.759999
v 2.175456 0.497274 0.760001
v 2.175456 0.497274 -0.759999
v 2.169882 0.474843 0.760001
v 2.169882 0.474843 -0.759999
v 2.164200 0.452932 0.760001
v 2.164200 0.452932 -0.759999
v 2.158409 0.431654 0.760001
v 2.158409 0.431654 -0.759999
v 2.394789 0.380839 0.760001
v 2.394789 0.380839 -0.759999
v 2.397937 0.406004 0.760001
v 2.397937 0.406004 -0.759999
v 2.400922 0.430713 0.760001
v 2.400922 0.430713 -0.759999
v 2.403800 0.455006 0.760001
v 2.403800 0.455006 -0.759999
v 2.406622 0.478926 0.760001
v 2.406622 0.478926 -0.759999
v 2.409445 0.502513 0.760001
v 2.409445 0.502513 -0.759999
v 2.412323 0.525810 0.760001
v 2.412323 0.525810 -0.759999
v 2.415308 0.548858 0.760001
v 2.415308 0.548858 -0.759999
v 2.418457 0.571699 0.760001
v 2.418457 0.571699 -0.759999
v 2.421821 0.594373 0.760001
v 2.421821 0.594373 -0.759999
v 2.425455 0.616923 0.760001
v 2.425455 0.616923 -0.759999
v 2.429414 0.639389 0.760001
v 2.429414 0.639389 -0.759999
v 2.433753 0.661815 0.760001
v 2.433753 0.661814 -0.759999
v 2.535058 1.265613 0.760001
v 2.535058 1.265613 -0.759999
v 2.608036 1.251491 0.760001
v 2.608036 1.251491 -0.759999
v 2.679896 1.237576 0.760001
v 2.679896 1.237576 -0.759999
v 2.750169 1.223953 0.760001
v 2.750169 1.223953 -0.759999
v 2.818386 1.210702 0.760001
v 2.818386 1.210702 -0.759999
v 2.884077 1.197909 0.760001
v 2.884077 1.197909 -0.759999
v 2.946773 1.185655 0.760001
v 2.946773 1.185655 -0.759999
v 3.006006 1.174024 0.760001
v 3.006006 1.174023 -0.759999
v 3.061307 1.163098 0.760001
v 3.061307 1.163098 -0.759999
v 3.112206 1.152961 0.760001
v 3.112206 1.152961 -0.759999
v 3.158235 1.143697 0.760001
v 3.158235 1.143697 -0.759999
v 3.198925 1.135387 0.760001
v 3.198925 1.135386 -0.759999
v 3.233805 1.128114 0.760001
v 3.233805 1.128114 -0.759999
v 3.258543 1.123003 0.760001
v 3.258543 1.123003 -0.759999
v 3.282126 1.118109 0.760001
v 3.282126 1.118109 -0.759999
v 3.304590 1.113403 0.760001
v 3.304590 1.113402 -0.759999
v 3.325972 1.108851 0.760001
v 3.325972 1.108851 -0.759999
v 3.346307 1.104425 0.760001
v 3.346307 1.104425 -0.759999
v 3.365633 1.100092 0.760001
v 3.365633 1.100092 -0.759999
v 3.383985 1.095821 0.760001
v 3.383985 1.095821 -0.759999
v 3.401398 1.091581 0.760001
v 3.401398 1.091581 -0.759999
v 3.417909 1.087341 0.760001
v 3.417909 1.087341 -0.759999
v 3.433555 1.083071 0.760001
v 3.433555 1.083070 -0.759999
v 3.448370 1.078737 0.760000
v 3.448370 1.078737 -0.760000
v 3.462392 1.074311 0.760000
v 3.462392 1.074311 -0.760000
v 3.509148 1.334363 0.760000
v 3.509148 1.334363 -0.760000
v 3.493390 1.335292 0.760000
v 3.493390 1.335292 -0.760000
v 3.476161 1.336563 0.760000
v 3.476161 1.336563 -0.760000
v 3.457725 1.338146 0.760000
v 3.457725 1.338146 -0.760000
v 3.438341 1.340009 0.760000
v 3.438341 1.340009 -0.760000
v 3.418271 1.342121 0.760000
v 3.418271 1.342121 -0.760000
v 3.397778 1.344451 0.760000
v 3.397778 1.344451 -0.760000
v 3.377122 1.346968 0.760000
v 3.377122 1.346967 -0.760000
v 3.356565 1.349640 0.760000
v 3.356565 1.349640 -0.760000
v 3.336370 1.352437 0.760000
v 3.336370 1.352437 -0.760000
v 3.316796 1.355328 0.760000
v 3.316796 1.355328 -0.760000
v 3.298107 1.358281 0.760001
v 3.298107 1.358280 -0.759999
v 3.280562 1.361264 0.760001
v 3.280562 1.361264 -0.759999
v 0.498783 1.794684 0.760001
v 0.498783 1.794684 -0.759999
v 0.404662 1.794684 0.760001
v 0.404662 1.794684 -0.759999
v 0.287021 1.794684 0.760001
v 0.287021 1.794684 -0.759999
v 0.151735 1.794684 0.760001
v 0.151735 1.794684 -0.759999
v 0.004690 1.794684 0.760001
v 0.004690 1.794684 -0.759999
v -0.148236 1.794684 0.760001
v -0.148236 1.794684 -0.759999
v -0.301163 1.794684 0.760001
v -0.301163 1.794684 -0.759999
v -0.448209 1.794684 0.760001
v -0.448209 1.794684 -0.759999
v -0.583493 1.794684 0.760001
v -0.583493 1.794684 -0.759999
v -0.701136 1.794684 0.760001
v -0.701136 1.794684 -0.759999
v -0.795256 1.794684 0.760001
v -0.795256 1.794684 -0.759999
v -0.859972 1.794684 0.760001
v -0.859972 1.794684 -0.759999
v -0.891685 1.794864 0.760001
v -0.891685 1.794864 -0.759999
v -0.921881 1.795376 0.760001
v -0.921881 1.795376 -0.759999
v -0.950562 1.796179 0.760001
v -0.950562 1.796179 -0.759999
v -0.977729 1.797230 0.760001
v -0.977729 1.797230 -0.759999
v -1.003380 1.798490 0.760001
v -1.003380 1.798490 -0.759999
v -1.027515 1.799915 0.760001
v -1.027515 1.799915 -0.759999
v -1.050137 1.801465 0.760001
v -1.050137 1.801465 -0.759999
v -1.071241 1.803098 0.760001
v -1.071241 1.803098 -0.759999
v -1.090832 1.804772 0.760001
v -1.090832 1.804772 -0.759999
v -1.108907 1.806447 0.760001
v -1.108907 1.806447 -0.759999
v -1.125465 1.808080 0.760001
v -1.125465 1.808080 -0.759999
v -1.140510 1.809630 0.760001
v -1.140510 1.809630 -0.759999
v -1.140510 1.516698 0.760001
v -1.140510 1.516698 -0.759999
v -1.126360 1.517620 0.760001
v -1.126360 1.517620 -0.759999
v -1.110001 1.518843 0.760001
v -1.110001 1.518843 -0.759999
v -1.091601 1.520294 0.760001
v -1.091601 1.520294 -0.759999
v -1.071337 1.521901 0.760001
v -1.071337 1.521901 -0.759999
v -1.049376 1.523591 0.760001
v -1.049376 1.523591 -0.759999
v -1.025891 1.525291 0.760001
v -1.025891 1.525291 -0.759999
v -1.001054 1.526930 0.760001
v -1.001054 1.526930 -0.759999
v -0.975034 1.528433 0.760001
v -0.975034 1.528433 -0.759999
v -0.948005 1.529728 0.760001
v -0.948005 1.529728 -0.759999
v -0.920137 1.530744 0.760001
v -0.920137 1.530744 -0.759999
v -0.891602 1.531406 0.760001
v -0.891602 1.531406 -0.759999
v -0.862570 1.531643 0.760001
v -0.862570 1.531643 -0.759999
v -0.797306 1.531643 0.760001
v -0.797306 1.531643 -0.759999
v -0.702819 1.531643 0.760001
v -0.702819 1.531643 -0.759999
v -0.584954 1.531643 0.760001
v -0.584954 1.531643 -0.759999
v -0.449556 1.531643 0.760001
v -0.449556 1.531643 -0.759999
v -0.302468 1.531643 0.760001
v -0.302468 1.531643 -0.759999
v -0.149536 1.531643 0.760001
v -0.149536 1.531643 -0.759999
v 0.003396 1.531643 0.760001
v 0.003396 1.531643 -0.759999
v 0.150484 1.531643 0.760001
v 0.150484 1.531643 -0.759999
v 0.285883 1.531643 0.760001
v 0.285883 1.531643 -0.759999
v 0.403748 1.531643 0.760001
v 0.403748 1.531643 -0.759999
v 0.498235 1.531643 0.760001
v 0.498235 1.531643 -0.759999
v 0.563498 1.531643 0.760001
v 0.563498 1.531643 -0.759999
v 0.599077 1.531520 0.760001
v 0.599077 1.531520 -0.759999
v 0.634259 1.531159 0.760001
v 0.634259 1.531159 -0.759999
v 0.668862 1.530569 0.760001
v 0.668862 1.530569 -0.759999
v 0.702709 1.529761 0.760001
v 0.702709 1.529761 -0.759999
v 0.735619 1.528746 0.760001
v 0.735619 1.528746 -0.759999
v 0.767408 1.527533 0.760001
v 0.767408 1.527533 -0.759999
v 0.797900 1.526134 0.760001
v 0.797900 1.526134 -0.759999
v 0.826913 1.524558 0.760001
v 0.826913 1.524558 -0.759999
v 0.854265 1.522816 0.760001
v 0.854265 1.522816 -0.759999
v 0.879778 1.520918 0.760001
v 0.879778 1.520918 -0.759999
v 0.903270 1.518876 0.760001
v 0.903270 1.518876 -0.759999
v 0.924562 1.516698 0.760001
v 0.924562 1.516698 -0.759999
v 0.924562 1.809630 0.760001
v 0.924562 1.809630 -0.759999
v 0.903866 1.808080 0.760001
v 0.903866 1.808080 -0.759999
v 0.880860 1.806447 0.760001
v 0.880860 1.806447 -0.759999
v 0.855726 1.804773 0.760001
v 0.855726 1.804773 -0.759999
v 0.828644 1.803098 0.760001
v 0.828644 1.803098 -0.759999
v 0.799794 1.801465 0.760001
v 0.799794 1.801465 -0.759999
v 0.769357 1.799915 0.760001
v 0.769357 1.799915 -0.759999
v 0.737513 1.798490 0.760001
v 0.737513 1.798490 -0.759999
v 0.704441 1.797230 0.760001
v 0.704441 1.797230 -0.759999
v 0.670324 1.796179 0.760001
v 0.670324 1.796179 -0.759999
v 0.635342 1.795376 0.760001
v 0.635342 1.795376 -0.759999
v 0.599672 1.794864 0.760001
v 0.599672 1.794864 -0.759999
v 0.563498 1.794684 0.760001
v 0.563498 1.794684 -0.759999
v -1.893181 2.503074 0.760001
v -1.893181 2.503074 -0.759999
v -1.954165 2.510353 0.760001
v -1.954165 2.510353 -0.759999
v -2.026243 2.518794 0.760001
v -2.026243 2.518794 -0.759999
v -2.108252 2.528232 0.760001
v -2.108252 2.528232 -0.759999
v -2.199026 2.538500 0.760001
v -2.199026 2.538500 -0.759999
v -2.297404 2.549433 0.760001
v -2.297404 2.549433 -0.759999
v -2.402223 2.560863 0.760001
v -2.402223 2.560863 -0.759999
v -2.512318 2.572626 0.760001
v -2.512318 2.572626 -0.759999
v -2.626526 2.584554 0.760001
v -2.626526 2.584554 -0.759999
v -2.743683 2.596483 0.760001
v -2.743683 2.596483 -0.759999
v -2.862625 2.608246 0.760001
v -2.862625 2.608246 -0.759999
v -2.982191 2.619677 0.760001
v -2.982191 2.619677 -0.759999
v -3.052145 2.626215 0.760001
v -3.052145 2.626215 -0.759999
v -3.120367 2.632380 0.760001
v -3.120367 2.632380 -0.759999
v -3.186750 2.638171 0.760001
v -3.186750 2.638171 -0.759999
v -3.251184 2.643589 0.760001
v -3.251184 2.643589 -0.759999
v -3.313562 2.648633 0.760001
v -3.313562 2.648633 -0.759999
v -3.373775 2.653304 0.760001
v -3.373775 2.653304 -0.759999
v -3.431716 2.657601 0.760001
v -3.431716 2.657601 -0.759999
v -3.487275 2.661524 0.760001
v -3.487275 2.661524 -0.759999
v -3.540345 2.665073 0.760001
v -3.540345 2.665073 -0.759999
v -3.590817 2.668249 0.760001
v -3.590817 2.668249 -0.759999
v -3.638584 2.671052 0.760001
v -3.638584 2.671052 -0.759999
v -3.683536 2.673480 0.760001
v -3.683536 2.673480 -0.759999
v -3.683536 2.434352 0.760001
v -3.683536 2.434352 -0.759999
v -3.644946 2.434268 0.760001
v -3.644946 2.434268 -0.759999
v -3.603614 2.433923 0.760001
v -3.603614 2.433923 -0.759999
v -3.560153 2.433185 0.760001
v -3.560153 2.433185 -0.759999
v -3.515177 2.431917 0.760001
v -3.515177 2.431917 -0.759999
v -3.469297 2.429984 0.760001
v -3.469297 2.429984 -0.759999
v -3.423131 2.427253 0.760001
v -3.423131 2.427253 -0.759999
v -3.377288 2.423588 0.760001
v -3.377288 2.423588 -0.759999
v -3.332383 2.418853 0.760001
v -3.332383 2.418853 -0.759999
v -3.289030 2.412915 0.760001
v -3.289030 2.412915 -0.759999
v -3.247841 2.405637 0.760001
v -3.247841 2.405637 -0.759999
v -3.209431 2.396886 0.760001
v -3.209431 2.396886 -0.759999
v -3.174411 2.386527 0.760001
v -3.174411 2.386527 -0.759999
v -3.085223 2.345791 0.760001
v -3.085223 2.345791 -0.759999
v -3.002275 2.293297 0.760001
v -3.002275 2.293297 -0.759999
v -2.925857 2.230486 0.760001
v -2.925857 2.230486 -0.759999
v -2.856257 2.158801 0.760001
v -2.856257 2.158801 -0.759999
v -2.793765 2.079685 0.760001
v -2.793765 2.079685 -0.759999
v -2.738669 1.994581 0.760001
v -2.738669 1.994581 -0.759999
v -2.691257 1.904930 0.760001
v -2.691257 1.904930 -0.759999
v -2.651818 1.812176 0.760001
v -2.651818 1.812176 -0.759999
v -2.620641 1.717762 0.760001
v -2.620641 1.717762 -0.759999
v -2.598014 1.623129 0.760001
v -2.598014 1.623129 -0.759999
v -2.584227 1.529721 0.760001
v -2.584227 1.529721 -0.759999
v -2.579567 1.438981 0.760001
v -2.579567 1.438981 -0.759999
v -2.589113 1.301412 0.760001
v -2.589113 1.301411 -0.759999
v -2.616545 1.179607 0.760001
v -2.616545 1.179607 -0.759999
v -2.660050 1.072769 0.760001
v -2.660050 1.072769 -0.759999
v -2.717814 0.980099 0.760001
v -2.717814 0.980098 -0.759999
v -2.788026 0.900796 0.760001
v -2.788026 0.900796 -0.759999
v -2.868871 0.834062 0.760001
v -2.868871 0.834062 -0.759999
v -2.958537 0.779097 0.760001
v -2.958537 0.779097 -0.759999
v -3.055211 0.735103 0.760001
v -3.055211 0.735103 -0.759999
v -3.157080 0.701280 0.760001
v -3.157080 0.701280 -0.759999
v -3.262332 0.676829 0.760001
v -3.262332 0.676829 -0.759999
v -3.369153 0.660951 0.760001
v -3.369153 0.660951 -0.759999
v -3.475730 0.652847 0.760001
v -3.475730 0.652847 -0.759999
v -3.400401 0.404752 0.760001
v -3.400401 0.404752 -0.759999
v -3.279214 0.415767 0.760001
v -3.279214 0.415767 -0.759999
v -3.157349 0.438573 0.760001
v -3.157349 0.438573 -0.759999
v -3.036945 0.473501 0.760001
v -3.036945 0.473501 -0.759999
v -2.920139 0.520884 0.760001
v -2.920139 0.520884 -0.759999
v -2.809070 0.581053 0.760001
v -2.809070 0.581053 -0.759999
v -2.705874 0.654342 0.760001
v -2.705874 0.654342 -0.759999
v -2.612690 0.741081 0.760001
v -2.612690 0.741081 -0.759999
v -2.531656 0.841604 0.760001
v -2.531656 0.841603 -0.759999
v -2.464909 0.956241 0.760001
v -2.464909 0.956241 -0.759999
v -2.414584 1.085326 0.760001
v -2.414584 1.085326 -0.759999
v -2.382822 1.229190 0.760001
v -2.382822 1.229190 -0.759999
v -2.371760 1.388166 0.760001
v -2.371760 1.388166 -0.759999
v -2.376756 1.502861 0.760001
v -2.376756 1.502861 -0.759999
v -2.391147 1.613498 0.760001
v -2.391147 1.613498 -0.759999
v -2.414053 1.719630 0.760001
v -2.414053 1.719630 -0.759999
v -2.444590 1.820811 0.760001
v -2.444590 1.820811 -0.759999
v -2.481873 1.916596 0.760001
v -2.481873 1.916596 -0.759999
v -2.525019 2.006537 0.760001
v -2.525019 2.006537 -0.759999
v -2.573142 2.090189 0.760001
v -2.573142 2.090189 -0.759999
v -2.625361 2.167104 0.760001
v -2.625361 2.167104 -0.759999
v -2.680791 2.236838 0.760001
v -2.680791 2.236838 -0.759999
v -2.738548 2.298943 0.760001
v -2.738548 2.298943 -0.759999
v -2.797748 2.352974 0.760001
v -2.797748 2.352974 -0.759999
v -2.857508 2.398483 0.760001
v -2.857508 2.398483 -0.759999
v -2.780457 2.388791 0.760001
v -2.780457 2.388791 -0.759999
v -2.690048 2.377739 0.760001
v -2.690048 2.377739 -0.759999
v -2.588943 2.365463 0.760001
v -2.588943 2.365463 -0.759999
v -2.479801 2.352096 0.760001
v -2.479801 2.352096 -0.759999
v -2.365283 2.337775 0.760001
v -2.365283 2.337775 -0.759999
v -2.248052 2.322634 0.760001
v -2.248052 2.322634 -0.759999
v -2.130766 2.306808 0.760001
v -2.130766 2.306808 -0.759999
v -2.016086 2.290432 0.760001
v -2.016086 2.290432 -0.759999
v -1.906673 2.273641 0.760001
v -1.906673 2.273641 -0.759999
v -1.805189 2.256570 0.760001
v -1.805189 2.256570 -0.759999
v -1.714293 2.239353 0.760001
v -1.714293 2.239353 -0.759999
v -1.636646 2.222126 0.760001
v -1.636646 2.222126 -0.759999
v -1.613269 2.482178 0.760001
v -1.613269 2.482178 -0.759999
v -1.637611 2.482986 0.760001
v -1.637611 2.482986 -0.759999
v -1.661241 2.483908 0.760001
v -1.661241 2.483908 -0.759999
v -1.684094 2.484933 0.760001
v -1.684094 2.484933 -0.759999
v -1.706110 2.486053 0.760001
v -1.706110 2.486053 -0.759999
v -1.727221 2.487255 0.760001
v -1.727221 2.487255 -0.759999
v -1.747370 2.488530 0.760001
v -1.747370 2.488530 -0.759999
v -1.766489 2.489867 0.760001
v -1.766489 2.489867 -0.759999
v -1.784516 2.491256 0.760001
v -1.784516 2.491256 -0.759999
v -1.801391 2.492686 0.760001
v -1.801391 2.492686 -0.759999
v -1.817047 2.494148 0.760001
v -1.817047 2.494148 -0.759999
v -1.831422 2.495631 0.760001
v -1.831422 2.495631 -0.759999
v -1.844454 2.497123 0.760001
v -1.844454 2.497123 -0.759999
v -3.390010 1.579469 0.760001
v -3.390010 1.579469 -0.759999
v -3.374758 1.615561 0.760001
v -3.374758 1.615561 -0.759999
v -3.358900 1.651996 0.760001
v -3.358900 1.651996 -0.759999
v -3.342483 1.688618 0.760001
v -3.342483 1.688618 -0.759999
v -3.325552 1.725271 0.760001
v -3.325552 1.725271 -0.759999
v -3.308152 1.761799 0.760001
v -3.308152 1.761799 -0.759999
v -3.290328 1.798047 0.760001
v -3.290328 1.798047 -0.759999
v -3.272125 1.833859 0.760001
v -3.272125 1.833859 -0.759999
v -3.253590 1.869080 0.760001
v -3.253590 1.869080 -0.759999
v -3.234765 1.903553 0.760001
v -3.234765 1.903553 -0.759999
v -3.215696 1.937123 0.760001
v -3.215696 1.937123 -0.759999
v -3.196430 1.969635 0.760001
v -3.196430 1.969635 -0.759999
v -3.177010 2.000932 0.760001
v -3.177010 2.000932 -0.759999
v -3.309484 2.066693 0.760001
v -3.309484 2.066693 -0.759999
v -3.325185 2.040308 0.760001
v -3.325185 2.040308 -0.759999
v -3.342219 2.010799 0.760001
v -3.342219 2.010799 -0.759999
v -3.360300 1.978654 0.760001
v -3.360300 1.978654 -0.759999
v -3.379139 1.944361 0.760001
v -3.379139 1.944361 -0.759999
v -3.398446 1.908407 0.760001
v -3.398446 1.908407 -0.759999
v -3.417934 1.871280 0.760001
v -3.417934 1.871280 -0.759999
v -3.437314 1.833468 0.760001
v -3.437314 1.833468 -0.759999
v -3.456297 1.795459 0.760001
v -3.456297 1.795459 -0.759999
v -3.474594 1.757741 0.760001
v -3.474594 1.757741 -0.759999
v -3.491918 1.720801 0.760001
v -3.491918 1.720801 -0.759999
v -3.507977 1.685127 0.760001
v -3.507977 1.685127 -0.759999
v -3.522487 1.651207 0.760001
v -3.522487 1.651207 -0.759999
v -3.683536 1.705011 0.760001
v -3.683536 1.705011 -0.759999
v -3.667684 1.741616 0.760001
v -3.667684 1.741616 -0.759999
v -3.651318 1.778147 0.760001
v -3.651318 1.778147 -0.759999
v -3.634465 1.814534 0.760001
v -3.634465 1.814534 -0.759999
v -3.617153 1.850702 0.760001
v -3.617153 1.850702 -0.759999
v -3.599407 1.886580 0.760001
v -3.599407 1.886580 -0.759999
v -3.581256 1.922095 0.760001
v -3.581256 1.922095 -0.759999
v -3.562726 1.957173 0.760001
v -3.562726 1.957173 -0.759999
v -3.543844 1.991744 0.760001
v -3.543844 1.991744 -0.759999
v -3.524637 2.025733 0.760001
v -3.524637 2.025733 -0.759999
v -3.505133 2.059067 0.760001
v -3.505133 2.059067 -0.759999
v -3.485358 2.091676 0.760001
v -3.485358 2.091676 -0.759999
v -3.465339 2.123486 0.760001
v -3.465339 2.123486 -0.759999
v -3.592621 2.192235 0.760001
v -3.592621 2.192235 -0.759999
v -3.609025 2.165909 0.760001
v -3.609025 2.165909 -0.759999
v -3.626862 2.136563 0.760001
v -3.626862 2.136563 -0.759999
v -3.645833 2.104663 0.760001
v -3.645833 2.104663 -0.759999
v -3.665644 2.070678 0.760001
v -3.665644 2.070678 -0.759999
v -3.685996 2.035074 0.760001
v -3.685996 2.035074 -0.759999
v -3.706592 1.998317 0.760001
v -3.706592 1.998317 -0.759999
v -3.727133 1.960875 0.760001
v -3.727133 1.960875 -0.759999
v -3.747322 1.923216 0.760001
v -3.747322 1.923216 -0.759999
v -3.766863 1.885805 0.760001
v -3.766863 1.885805 -0.759999
v -3.785456 1.849111 0.760001
v -3.785456 1.849111 -0.759999
v -3.802804 1.813600 0.760001
v -3.802804 1.813600 -0.759999
v -3.818610 1.779739 0.760001
v -3.818610 1.779739 -0.759999
v -4.347576 2.921712 0.760001
v -4.347576 2.921712 -0.759999
v -4.388633 2.883561 0.760001
v -4.388633 2.883561 -0.759999
v -4.429689 2.843439 0.760001
v -4.429689 2.843439 -0.759999
v -4.470312 2.801790 0.760001
v -4.470312 2.801790 -0.759999
v -4.510070 2.759062 0.760001
v -4.510070 2.759062 -0.759999
v -4.548528 2.715701 0.760001
v -4.548528 2.715701 -0.759999
v -4.585254 2.672153 0.760001
v -4.585254 2.672153 -0.759999
v -4.619816 2.628865 0.760001
v -4.619816 2.628865 -0.759999
v -4.651781 2.586283 0.760001
v -4.651781 2.586283 -0.759999
v -4.680716 2.544852 0.760001
v -4.680716 2.544852 -0.759999
v -4.706186 2.505020 0.760001
v -4.706186 2.505020 -0.759999
v -4.727760 2.467232 0.760001
v -4.727760 2.467232 -0.759999
v -4.564115 2.323755 0.760001
v -4.564115 2.323755 -0.759999
v -4.543239 2.361664 0.760001
v -4.543239 2.361664 -0.759999
v -4.518559 2.401845 0.760001
v -4.518559 2.401845 -0.759999
v -4.490488 2.443833 0.760001
v -4.490488 2.443833 -0.759999
v -4.459441 2.487159 0.760001
v -4.459441 2.487159 -0.759999
v -4.425832 2.531358 0.760001
v -4.425832 2.531358 -0.759999
v -4.390077 2.575961 0.760001
v -4.390077 2.575961 -0.759999
v -4.352590 2.620501 0.760001
v -4.352590 2.620501 -0.759999
v -4.313786 2.664513 0.760001
v -4.313786 2.664513 -0.759999
v -4.274079 2.707528 0.760001
v -4.274079 2.707528 -0.759999
v -4.233886 2.749080 0.760001
v -4.233886 2.749080 -0.759999
v -4.193621 2.788701 0.760001
v -4.193621 2.788701 -0.759999
v -4.153697 2.825925 0.760001
v -4.153697 2.825925 -0.759999
v -4.306954 2.957445 0.760001
v -4.306954 2.957445 -0.759999
v -5.675876 1.558545 0.760001
v -5.675876 1.558545 -0.759999
v -5.675876 1.866423 0.760001
v -5.675876 1.866423 -0.759999
v -5.187531 1.866423 0.760001
v -5.187531 1.866423 -0.759999
v -5.187531 1.558545 0.760001
v -5.187531 1.558545 -0.759999
v -5.675876 2.344679 0.760001
v -5.675876 2.344679 -0.759999
v -5.187531 2.344679 0.760001
v -5.187531 2.344679 -0.759999
v -5.187531 2.042780 0.760001
v -5.187531 2.042780 -0.759999
v -5.675876 2.042780 0.760001
v -5.675876 2.042780 -0.759999
v -5.675876 1.056376 0.760001
v -5.675876 1.056376 -0.759999
v -5.675876 1.376210 0.760001
v -5.675876 1.376210 -0.759999
v -5.187531 1.376210 0.760001
v -5.187531 1.376210 -0.759999
v -5.187531 1.056376 0.760001
v -5.187531 1.056376 -0.759999
v -5.781162 2.924549 0.760001
v -5.781162 2.924549 -0.759999
v -5.798213 2.890315 0.760001
v -5.798213 2.890315 -0.759999
v -5.815211 2.855022 0.760001
v -5.815211 2.855022 -0.759999
v -5.832019 2.818950 0.760001
v -5.832019 2.818950 -0.759999
v -5.848501 2.782380 0.760001
v -5.848501 2.782380 -0.759999
v -5.864524 2.745593 0.760001
v -5.864524 2.745593 -0.759999
v -5.879952 2.708867 0.760001
v -5.879952 2.708867 -0.759999
v -5.894650 2.672484 0.760001
v -5.894650 2.672484 -0.759999
v -5.908482 2.636724 0.760001
v -5.908482 2.636724 -0.759999
v -5.921311 2.601866 0.760001
v -5.921311 2.601866 -0.759999
v -5.933005 2.568192 0.760001
v -5.933005 2.568192 -0.759999
v -5.943427 2.535982 0.760001
v -5.943427 2.535982 -0.759999
v -6.423978 2.535982 0.760001
v -6.423978 2.535982 -0.759999
v -6.423978 2.344679 0.760001
v -6.423978 2.344679 -0.759999
v -5.857707 2.344679 0.760001
v -5.857707 2.344679 -0.759999
v -5.857707 2.042780 0.760001
v -5.857707 2.042780 -0.759999
v -6.338258 2.042780 0.760001
v -6.338258 2.042780 -0.759999
v -6.338258 1.866423 0.760001
v -6.338258 1.866423 -0.759999
v -5.857707 1.866423 0.760001
v -5.857707 1.866423 -0.759999
v -5.857707 1.558545 0.760001
v -5.857707 1.558545 -0.759999
v -6.333062 1.558545 0.760001
v -6.333062 1.558545 -0.759999
v -6.333062 1.376210 0.760001
v -6.333062 1.376210 -0.759999
v -5.857707 1.376210 0.760001
v -5.857707 1.376210 -0.759999
v -5.857707 1.056376 0.760001
v -5.857707 1.056376 -0.759999
v -6.473330 1.056376 0.760001
v -6.473330 1.056376 -0.759999
v -6.473330 0.862084 0.760001
v -6.473330 0.862084 -0.759999
v -4.997909 0.862084 0.760001
v -4.997909 0.862084 -0.759999
v -4.997909 2.114518 0.760001
v -4.997909 2.114518 -0.759999
v -4.981669 2.090106 0.760001
v -4.981669 2.090106 -0.759999
v -4.965413 2.066181 0.760001
v -4.965413 2.066181 -0.759999
v -4.949121 2.042733 0.760001
v -4.949121 2.042733 -0.759999
v -4.932775 2.019753 0.760001
v -4.932775 2.019753 -0.759999
v -4.916358 1.997229 0.760001
v -4.916358 1.997229 -0.759999
v -4.899850 1.975151 0.760001
v -4.899850 1.975151 -0.759999
v -4.883233 1.953510 0.760001
v -4.883233 1.953510 -0.759999
v -4.866491 1.932294 0.760001
v -4.866491 1.932294 -0.759999
v -4.849604 1.911493 0.760001
v -4.849604 1.911493 -0.759999
v -4.832554 1.891097 0.760001
v -4.832554 1.891097 -0.759999
v -4.815324 1.871095 0.760001
v -4.815324 1.871095 -0.759999
v -4.797895 1.851477 0.760001
v -4.797895 1.851477 -0.759999
v -4.791120 1.862761 0.760001
v -4.791120 1.862761 -0.759999
v -4.782669 1.875487 0.760001
v -4.782669 1.875487 -0.759999
v -4.772811 1.889355 0.760001
v -4.772811 1.889355 -0.759999
v -4.761817 1.904063 0.760001
v -4.761817 1.904063 -0.759999
v -4.749957 1.919312 0.760001
v -4.749957 1.919312 -0.759999
v -4.737501 1.934798 0.760001
v -4.737501 1.934798 -0.759999
v -4.724721 1.950223 0.760001
v -4.724721 1.950223 -0.759999
v -4.711886 1.965285 0.760001
v -4.711886 1.965285 -0.759999
v -4.699268 1.979682 0.760001
v -4.699268 1.979682 -0.759999
v -4.687138 1.993114 0.760001
v -4.687138 1.993114 -0.759999
v -4.675765 2.005279 0.760001
v -4.675765 2.005279 -0.759999
v -4.665420 2.015878 0.760001
v -4.665420 2.015878 -0.759999
v -4.721290 2.077466 0.760001
v -4.721290 2.077466 -0.759999
v -4.775790 2.143911 0.760001
v -4.775790 2.143911 -0.759999
v -4.828740 2.214840 0.760001
v -4.828740 2.214840 -0.759999
v -4.879958 2.289879 0.760001
v -4.879958 2.289879 -0.759999
v -4.929264 2.368654 0.760001
v -4.929264 2.368654 -0.759999
v -4.976478 2.450792 0.760001
v -4.976478 2.450792 -0.759999
v -5.021419 2.535919 0.760001
v -5.021419 2.535919 -0.759999
v -5.063906 2.623662 0.760001
v -5.063906 2.623662 -0.759999
v -5.103760 2.713646 0.760001
v -5.103760 2.713646 -0.759999
v -5.140800 2.805499 0.760001
v -5.140800 2.805499 -0.759999
v -5.174845 2.898846 0.760001
v -5.174845 2.898846 -0.759999
v -5.205714 2.993314 0.760001
v -5.205714 2.993314 -0.759999
v -5.382350 2.942499 0.760001
v -5.382350 2.942499 -0.759999
v -5.371147 2.907500 0.760001
v -5.371147 2.907500 -0.759999
v -5.359620 2.872740 0.760001
v -5.359620 2.872740 -0.759999
v -5.347770 2.838208 0.760001
v -5.347770 2.838208 -0.759999
v -5.335593 2.803894 0.760001
v -5.335593 2.803894 -0.759999
v -5.323092 2.769787 0.760001
v -5.323092 2.769787 -0.759999
v -5.310266 2.735878 0.760001
v -5.310266 2.735878 -0.759999
v -5.297116 2.702155 0.760001
v -5.297116 2.702155 -0.759999
v -5.283641 2.668609 0.760001
v -5.283641 2.668609 -0.759999
v -5.269841 2.635229 0.760001
v -5.269841 2.635229 -0.759999
v -5.255717 2.602005 0.760001
v -5.255717 2.602005 -0.759999
v -5.241269 2.568926 0.760001
v -5.241269 2.568926 -0.759999
v -5.226496 2.535982 0.760001
v -5.226496 2.535982 -0.759999
v -5.727827 2.535982 0.760001
v -5.727827 2.535982 -0.759999
v -5.717720 2.565533 0.760001
v -5.717720 2.565533 -0.759999
v -5.706927 2.595791 0.760001
v -5.706927 2.595791 -0.759999
v -5.695520 2.626589 0.760001
v -5.695520 2.626589 -0.759999
v -5.683573 2.657760 0.760001
v -5.683573 2.657760 -0.759999
v -5.671156 2.689138 0.760001
v -5.671156 2.689138 -0.759999
v -5.658342 2.720558 0.760001
v -5.658342 2.720558 -0.759999
v -5.645205 2.751854 0.760001
v -5.645205 2.751854 -0.759999
v -5.631813 2.782859 0.760001
v -5.631813 2.782859 -0.759999
v -5.618242 2.813408 0.760001
v -5.618242 2.813408 -0.759999
v -5.604563 2.843333 0.760001
v -5.604563 2.843333 -0.759999
v -5.590847 2.872470 0.760001
v -5.590847 2.872470 -0.759999
v -5.577168 2.900652 0.760001
v -5.577168 2.900652 -0.759999
v -5.764194 2.957445 0.760001
v -5.764194 2.957445 -0.759999
v -4.681078 0.819568 0.760001
v -4.681078 0.819567 -0.759999
v -4.696974 0.811643 0.760001
v -4.696974 0.811643 -0.759999
v -4.713229 0.802536 0.760001
v -4.713229 0.802536 -0.759999
v -4.729972 0.792339 0.760001
v -4.729972 0.792339 -0.759999
v -4.747329 0.781145 0.760001
v -4.747329 0.781145 -0.759999
v -4.765425 0.769049 0.760001
v -4.765425 0.769049 -0.759999
v -4.784387 0.756142 0.760001
v -4.784387 0.756142 -0.759999
v -4.804340 0.742520 0.760001
v -4.804340 0.742520 -0.759999
v -4.825414 0.728275 0.760001
v -4.825414 0.728275 -0.759999
v -4.847731 0.713501 0.760001
v -4.847731 0.713501 -0.759999
v -4.871418 0.698291 0.760001
v -4.871418 0.698291 -0.759999
v -4.896604 0.682738 0.760001
v -4.896604 0.682738 -0.759999
v -4.939457 0.658978 0.760001
v -4.939457 0.658978 -0.759999
v -4.984872 0.638372 0.760001
v -4.984872 0.638372 -0.759999
v -5.032813 0.620714 0.760001
v -5.032813 0.620714 -0.759999
v -5.083243 0.605797 0.760001
v -5.083243 0.605796 -0.759999
v -5.136127 0.593411 0.760001
v -5.136127 0.593411 -0.759999
v -5.191427 0.583351 0.760001
v -5.191427 0.583351 -0.759999
v -5.249108 0.575407 0.760001
v -5.249108 0.575407 -0.759999
v -5.309135 0.569374 0.760001
v -5.309135 0.569374 -0.759999
v -5.371471 0.565042 0.760001
v -5.371471 0.565042 -0.759999
v -5.436080 0.562205 0.760001
v -5.436080 0.562205 -0.759999
v -5.502926 0.560656 0.760001
v -5.502926 0.560655 -0.759999
v -5.571973 0.560185 0.760001
v -5.571973 0.560185 -0.759999
v -5.647328 0.560555 0.760001
v -5.647328 0.560555 -0.759999
v -5.726084 0.561652 0.760001
v -5.726084 0.561652 -0.759999
v -5.807419 0.563454 0.760001
v -5.807419 0.563454 -0.759999
v -5.890512 0.565942 0.760001
v -5.890512 0.565942 -0.759999
v -5.974545 0.569094 0.760001
v -5.974545 0.569093 -0.759999
v -6.058694 0.572889 0.760001
v -6.058694 0.572889 -0.759999
v -6.142139 0.577307 0.760001
v -6.142139 0.577307 -0.759999
v -6.224061 0.582327 0.760001
v -6.224061 0.582326 -0.759999
v -6.303638 0.587928 0.760001
v -6.303638 0.587928 -0.759999
v -6.380048 0.594089 0.760001
v -6.380048 0.594089 -0.759999
v -6.452471 0.600791 0.760001
v -6.452471 0.600790 -0.759999
v -6.520087 0.608011 0.760001
v -6.520087 0.608011 -0.759999
v -6.513453 0.591258 0.760001
v -6.513453 0.591258 -0.759999
v -6.506619 0.572626 0.760001
v -6.506619 0.572626 -0.759999
v -6.499715 0.552479 0.760001
v -6.499715 0.552479 -0.759999
v -6.492862 0.531180 0.760001
v -6.492862 0.531180 -0.759999
v -6.486192 0.509092 0.760001
v -6.486192 0.509092 -0.759999
v -6.479827 0.486578 0.760001
v -6.479827 0.486578 -0.759999
v -6.473894 0.464003 0.760001
v -6.473894 0.464003 -0.759999
v -6.468521 0.441728 0.760001
v -6.468521 0.441728 -0.759999
v -6.463834 0.420118 0.760001
v -6.463834 0.420118 -0.759999
v -6.459958 0.399535 0.760001
v -6.459958 0.399535 -0.759999
v -6.457021 0.380342 0.760001
v -6.457021 0.380342 -0.759999
v -6.455148 0.362904 0.760001
v -6.455148 0.362904 -0.759999
v -6.400563 0.359177 0.760001
v -6.400563 0.359177 -0.759999
v -6.337763 0.355501 0.760001
v -6.337763 0.355501 -0.759999
v -6.268162 0.351929 0.760001
v -6.268162 0.351929 -0.759999
v -6.193177 0.348512 0.760001
v -6.193177 0.348512 -0.759999
v -6.114223 0.345304 0.760001
v -6.114223 0.345303 -0.759999
v -6.032718 0.342354 0.760001
v -6.032718 0.342354 -0.759999
v -5.950074 0.339716 0.760001
v -5.950074 0.339716 -0.759999
v -5.867711 0.337442 0.760001
v -5.867711 0.337442 -0.759999
v -5.787044 0.335582 0.760001
v -5.787044 0.335582 -0.759999
v -5.709487 0.334190 0.760001
v -5.709487 0.334189 -0.759999
v -5.636459 0.333316 0.760001
v -5.636459 0.333316 -0.759999
v -5.569376 0.333013 0.760001
v -5.569376 0.333013 -0.759999
v -5.494452 0.333723 0.760001
v -5.494452 0.333722 -0.759999
v -5.422839 0.335947 0.760001
v -5.422839 0.335947 -0.759999
v -5.354384 0.339832 0.760001
v -5.354384 0.339832 -0.759999
v -5.288933 0.345523 0.760001
v -5.288933 0.345523 -0.759999
v -5.226330 0.353166 0.760001
v -5.226330 0.353165 -0.759999
v -5.166426 0.362904 0.760001
v -5.166426 0.362904 -0.759999
v -5.109064 0.374885 0.760001
v -5.109064 0.374885 -0.759999
v -5.054092 0.389253 0.760001
v -5.054092 0.389253 -0.759999
v -5.001358 0.406153 0.760001
v -5.001358 0.406153 -0.759999
v -4.950707 0.425731 0.760001
v -4.950707 0.425731 -0.759999
v -4.901986 0.448132 0.760001
v -4.901986 0.448132 -0.759999
v -4.855042 0.473501 0.760001
v -4.855042 0.473501 -0.759999
v -4.827607 0.491629 0.760001
v -4.827607 0.491629 -0.759999
v -4.801165 0.509924 0.760001
v -4.801165 0.509924 -0.759999
v -4.775734 0.528052 0.760001
v -4.775734 0.528052 -0.759999
v -4.751330 0.545682 0.760001
v -4.751330 0.545682 -0.759999
v -4.727974 0.562482 0.760001
v -4.727974 0.562482 -0.759999
v -4.705681 0.578120 0.760001
v -4.705681 0.578120 -0.759999
v -4.684471 0.592263 0.760001
v -4.684471 0.592263 -0.759999
v -4.664361 0.604579 0.760001
v -4.664361 0.604579 -0.759999
v -4.645369 0.614736 0.760001
v -4.645369 0.614736 -0.759999
v -4.627514 0.622403 0.760001
v -4.627514 0.622403 -0.759999
v -4.610814 0.627246 0.760001
v -4.610814 0.627246 -0.759999
v -4.595285 0.628934 0.760001
v -4.595285 0.628934 -0.759999
v -4.572524 0.625660 0.760001
v -4.572524 0.625660 -0.759999
v -4.548492 0.616189 0.760001
v -4.548492 0.616189 -0.759999
v -4.523324 0.601052 0.760001
v -4.523324 0.601052 -0.759999
v -4.497154 0.580777 0.760001
v -4.497154 0.580777 -0.759999
v -4.470119 0.555893 0.760001
v -4.470119 0.555893 -0.759999
v -4.442353 0.526931 0.760001
v -4.442353 0.526931 -0.759999
v -4.413991 0.494420 0.760001
v -4.413991 0.494420 -0.759999
v -4.385169 0.458888 0.760001
v -4.385169 0.458888 -0.759999
v -4.356024 0.420865 0.760001
v -4.356024 0.420865 -0.759999
v -4.326688 0.380880 0.760001
v -4.326688 0.380880 -0.759999
v -4.297298 0.339464 0.760001
v -4.297298 0.339464 -0.759999
v -4.267990 0.297144 0.760001
v -4.267990 0.297144 -0.759999
v -4.114733 0.521327 0.760001
v -4.114733 0.521327 -0.759999
v -4.144703 0.553003 0.760001
v -4.144703 0.553003 -0.759999
v -4.174814 0.583683 0.760001
v -4.174814 0.583683 -0.759999
v -4.205000 0.613242 0.760001
v -4.205000 0.613242 -0.759999
v -4.235185 0.641555 0.760001
v -4.235185 0.641555 -0.759999
v -4.265297 0.668499 0.760001
v -4.265297 0.668498 -0.759999
v -4.295265 0.693947 0.760001
v -4.295265 0.693947 -0.759999
v -4.325017 0.717777 0.760001
v -4.325017 0.717777 -0.759999
v -4.354480 0.739863 0.760001
v -4.354480 0.739863 -0.759999
v -4.383583 0.760081 0.760001
v -4.383583 0.760081 -0.759999
v -4.412251 0.778306 0.760001
v -4.412251 0.778306 -0.759999
v -4.440417 0.794414 0.760001
v -4.440417 0.794414 -0.759999
v -4.468003 0.808281 0.760001
v -4.468003 0.808280 -0.759999
v -4.468003 1.660175 0.760001
v -4.468003 1.660175 -0.759999
v -4.164087 1.660175 0.760001
v -4.164087 1.660175 -0.759999
v -4.164087 1.878379 0.760001
v -4.164087 1.878379 -0.759999
v -4.665420 1.878379 0.760001
v -4.665420 1.878379 -0.759999
v -4.665420 0.826215 0.760001
v -4.665420 0.826215 -0.759999
v -8.852710 1.863434 0.760002
v -8.852710 1.863434 -0.759998
v -8.818736 1.911825 0.760002
v -8.818736 1.911825 -0.759998
v -8.780917 1.962364 0.760002
v -8.780917 1.962364 -0.759998
v -8.739959 2.014336 0.760002
v -8.739959 2.014336 -0.759998
v -8.696567 2.067024 0.760002
v -8.696567 2.067024 -0.759998
v -8.651443 2.119713 0.760001
v -8.651443 2.119713 -0.759999
v -8.605290 2.171685 0.760001
v -8.605290 2.171685 -0.759999
v -8.558814 2.222224 0.760001
v -8.558814 2.222224 -0.759999
v -8.512715 2.270616 0.760001
v -8.512715 2.270616 -0.759999
v -8.467702 2.316142 0.760001
v -8.467702 2.316142 -0.759999
v -8.424470 2.358088 0.760001
v -8.424470 2.358088 -0.759999
v -8.383731 2.395738 0.760001
v -8.383731 2.395738 -0.759999
v -8.346183 2.428374 0.760001
v -8.346183 2.428374 -0.759999
v -8.478660 2.583807 0.760001
v -8.478660 2.583807 -0.759999
v -8.518844 2.551065 0.760001
v -8.518844 2.551065 -0.759999
v -8.562240 2.513176 0.760001
v -8.562240 2.513176 -0.759999
v -8.608052 2.470968 0.760001
v -8.608052 2.470968 -0.759999
v -8.655486 2.425274 0.760001
v -8.655486 2.425274 -0.759999
v -8.703752 2.376922 0.760001
v -8.703752 2.376922 -0.759999
v -8.752053 2.326744 0.760001
v -8.752053 2.326744 -0.759999
v -8.799598 2.275570 0.760002
v -8.799598 2.275570 -0.759998
v -8.845590 2.224229 0.760002
v -8.845590 2.224229 -0.759998
v -8.889237 2.173553 0.760002
v -8.889237 2.173553 -0.759998
v -8.929748 2.124371 0.760002
v -8.929748 2.124371 -0.759998
v -8.966323 2.077514 0.760002
v -8.966323 2.077514 -0.759998
v -8.998174 2.033813 0.760002
v -8.998174 2.033813 -0.759998
v -7.430608 1.560334 0.760001
v -7.430608 1.560334 -0.759999
v -7.426990 1.592532 0.760001
v -7.426990 1.592532 -0.759999
v -7.421081 1.622157 0.760001
v -7.421081 1.622157 -0.759999
v -7.412980 1.649104 0.760001
v -7.412980 1.649104 -0.759999
v -7.402787 1.673269 0.760001
v -7.402787 1.673269 -0.759999
v -7.390599 1.694549 0.760001
v -7.390599 1.694549 -0.759999
v -7.376519 1.712840 0.760001
v -7.376519 1.712840 -0.759999
v -7.360644 1.728038 0.760001
v -7.360644 1.728038 -0.759999
v -7.343072 1.740040 0.760001
v -7.343072 1.740040 -0.759999
v -7.323905 1.748741 0.760001
v -7.323905 1.748741 -0.759999
v -7.303239 1.754037 0.760001
v -7.303239 1.754037 -0.759999
v -7.281177 1.755826 0.760001
v -7.281177 1.755826 -0.759999
v -7.249192 1.752579 0.760001
v -7.249192 1.752579 -0.759999
v -7.218379 1.743053 0.760001
v -7.218379 1.743053 -0.759999
v -7.189046 1.727570 0.760001
v -7.189046 1.727570 -0.759999
v -7.161496 1.706450 0.760001
v -7.161496 1.706450 -0.759999
v -7.136041 1.680017 0.760001
v -7.136041 1.680017 -0.759999
v -7.112985 1.648592 0.760001
v -7.112985 1.648592 -0.759999
v -7.092633 1.612496 0.760001
v -7.092633 1.612496 -0.759999
v -7.075295 1.572052 0.760001
v -7.075295 1.572052 -0.759999
v -7.061276 1.527580 0.760001
v -7.061276 1.527580 -0.759999
v -7.050883 1.479403 0.760001
v -7.050883 1.479403 -0.759999
v -7.044423 1.427843 0.760001
v -7.044423 1.427843 -0.759999
v -7.042201 1.373221 0.760001
v -7.042201 1.373221 -0.759999
v -7.043942 1.332882 0.760001
v -7.043942 1.332882 -0.759999
v -7.048984 1.295615 0.760001
v -7.048984 1.295615 -0.759999
v -7.057057 1.261503 0.760001
v -7.057057 1.261503 -0.759999
v -7.067887 1.230630 0.760001
v -7.067887 1.230630 -0.759999
v -7.081210 1.203077 0.760001
v -7.081210 1.203077 -0.759999
v -7.096749 1.178929 0.760001
v -7.096749 1.178929 -0.759999
v -7.114238 1.158268 0.760001
v -7.114238 1.158268 -0.759999
v -7.133403 1.141178 0.760001
v -7.133403 1.141178 -0.759999
v -7.153977 1.127741 0.760001
v -7.153977 1.127741 -0.759999
v -7.175687 1.118040 0.760001
v -7.175687 1.118040 -0.759999
v -7.198262 1.112159 0.760001
v -7.198262 1.112159 -0.759999
v -7.221433 1.110180 0.760001
v -7.221433 1.110180 -0.759999
v -7.258313 1.114531 0.760001
v -7.258313 1.114530 -0.759999
v -7.291133 1.127049 0.760001
v -7.291133 1.127049 -0.759999
v -7.320060 1.146937 0.760001
v -7.320060 1.146937 -0.759999
v -7.345250 1.173394 0.760001
v -7.345250 1.173394 -0.759999
v -7.366870 1.205622 0.760001
v -7.366870 1.205622 -0.759999
v -7.385079 1.242821 0.760001
v -7.385079 1.242821 -0.759999
v -7.400044 1.284193 0.760001
v -7.400044 1.284193 -0.759999
v -7.411922 1.328938 0.760001
v -7.411922 1.328938 -0.759999
v -7.420878 1.376257 0.760001
v -7.420878 1.376257 -0.759999
v -7.427075 1.425350 0.760001
v -7.427075 1.425350 -0.759999
v -7.430675 1.475420 0.760001
v -7.430675 1.475419 -0.759999
v -7.431836 1.525665 0.760001
v -7.431836 1.525665 -0.759999
v -7.475995 0.841161 0.760001
v -7.475995 0.841161 -0.759999
v -7.476979 0.802096 0.760001
v -7.476979 0.802096 -0.759999
v -7.480624 0.767028 0.760001
v -7.480624 0.767028 -0.759999
v -7.487967 0.735842 0.760001
v -7.487967 0.735842 -0.759999
v -7.500045 0.708422 0.760001
v -7.500045 0.708422 -0.759999
v -7.517896 0.684657 0.760001
v -7.517896 0.684657 -0.759999
v -7.542558 0.664430 0.760001
v -7.542558 0.664430 -0.759999
v -7.575065 0.647628 0.760001
v -7.575065 0.647628 -0.759999
v -7.616456 0.634138 0.760001
v -7.616456 0.634138 -0.759999
v -7.667768 0.623844 0.760001
v -7.667768 0.623844 -0.759999
v -7.730041 0.616632 0.760001
v -7.730041 0.616632 -0.759999
v -7.804307 0.612389 0.760001
v -7.804307 0.612389 -0.759999
v -7.891606 0.611000 0.760001
v -7.891606 0.611000 -0.759999
v -7.929067 0.611488 0.760002
v -7.929067 0.611488 -0.759998
v -7.968329 0.612909 0.760002
v -7.968329 0.612909 -0.759998
v -8.008821 0.615203 0.760002
v -8.008821 0.615203 -0.759998
v -8.049962 0.618307 0.760002
v -8.049962 0.618306 -0.759998
v -8.091174 0.622157 0.760002
v -8.091174 0.622157 -0.759998
v -8.131881 0.626693 0.760002
v -8.131881 0.626693 -0.759998
v -8.171506 0.631851 0.760002
v -8.171506 0.631851 -0.759998
v -8.209472 0.637570 0.760002
v -8.209472 0.637570 -0.759998
v -8.245200 0.643786 0.760002
v -8.245200 0.643786 -0.759998
v -8.278115 0.650439 0.760002
v -8.278115 0.650439 -0.759998
v -8.307639 0.657466 0.760002
v -8.307639 0.657466 -0.759998
v -8.333194 0.664804 0.760002
v -8.333194 0.664804 -0.759998
v -8.365813 0.676983 0.760002
v -8.365813 0.676983 -0.759998
v -8.396068 0.691249 0.760002
v -8.396068 0.691249 -0.759998
v -8.423869 0.707819 0.760002
v -8.423869 0.707819 -0.759998
v -8.449126 0.726911 0.760002
v -8.449126 0.726910 -0.759998
v -8.471749 0.748742 0.760002
v -8.471749 0.748742 -0.759998
v -8.491649 0.773532 0.760002
v -8.491649 0.773532 -0.759998
v -8.508735 0.801498 0.760002
v -8.508735 0.801498 -0.759998
v -8.522916 0.832858 0.760002
v -8.522916 0.832858 -0.759998
v -8.534102 0.867829 0.760002
v -8.534102 0.867829 -0.759998
v -8.542205 0.906630 0.760002
v -8.542205 0.906630 -0.759998
v -8.547132 0.949479 0.760002
v -8.547132 0.949479 -0.759998
v -8.548793 0.996594 0.760002
v -8.548793 0.996594 -0.759998
v -8.548738 1.026073 0.760002
v -8.548738 1.026073 -0.759998
v -8.548543 1.054826 0.760002
v -8.548543 1.054826 -0.759998
v -8.548186 1.082998 0.760002
v -8.548186 1.082998 -0.759998
v -8.547639 1.110734 0.760002
v -8.547639 1.110733 -0.759998
v -8.546878 1.138179 0.760002
v -8.546878 1.138178 -0.759998
v -8.545871 1.165478 0.760002
v -8.545871 1.165478 -0.759998
v -8.544597 1.192778 0.760002
v -8.544597 1.192778 -0.759998
v -8.543021 1.220223 0.760002
v -8.543021 1.220223 -0.759998
v -8.541123 1.247959 0.760002
v -8.541123 1.247959 -0.759998
v -8.538873 1.276130 0.760002
v -8.538873 1.276130 -0.759998
v -8.536242 1.304883 0.760002
v -8.536242 1.304883 -0.759998
v -8.533208 1.334363 0.760002
v -8.533208 1.334363 -0.759998
v -8.754003 1.256646 0.760002
v -8.754003 1.256646 -0.759998
v -8.754645 1.226890 0.760002
v -8.754645 1.226890 -0.759998
v -8.755263 1.198691 0.760002
v -8.755263 1.198690 -0.759998
v -8.755828 1.171737 0.760002
v -8.755828 1.171737 -0.759998
v -8.756310 1.145717 0.760002
v -8.756310 1.145717 -0.759998
v -8.756684 1.120320 0.760002
v -8.756684 1.120320 -0.759998
v -8.756925 1.095234 0.760002
v -8.756925 1.095234 -0.759998
v -8.757001 1.070149 0.760002
v -8.757001 1.070149 -0.759998
v -8.756888 1.044752 0.760002
v -8.756888 1.044752 -0.759998
v -8.756558 1.018732 0.760002
v -8.756558 1.018732 -0.759998
v -8.755986 0.991778 0.760002
v -8.755986 0.991778 -0.759998
v -8.755143 0.963579 0.760002
v -8.755143 0.963579 -0.759998
v -8.754003 0.933823 0.760002
v -8.754003 0.933823 -0.759998
v -8.749692 0.866641 0.760002
v -8.749692 0.866641 -0.759998
v -8.741797 0.805375 0.760002
v -8.741797 0.805374 -0.759998
v -8.730098 0.749713 0.760002
v -8.730098 0.749713 -0.759998
v -8.714366 0.699344 0.760002
v -8.714366 0.699344 -0.759998
v -8.694377 0.653958 0.760002
v -8.694377 0.653958 -0.759998
v -8.669906 0.613242 0.760002
v -8.669906 0.613242 -0.759998
v -8.640727 0.576885 0.760002
v -8.640727 0.576885 -0.759998
v -8.606614 0.544575 0.760002
v -8.606614 0.544575 -0.759998
v -8.567342 0.516002 0.760002
v -8.567342 0.516002 -0.759998
v -8.522685 0.490855 0.760002
v -8.522685 0.490854 -0.759998
v -8.472419 0.468820 0.760002
v -8.472419 0.468820 -0.759998
v -8.416316 0.449588 0.760002
v -8.416316 0.449588 -0.759998
v -8.385547 0.440877 0.760002
v -8.385547 0.440877 -0.759998
v -8.349610 0.432705 0.760002
v -8.349610 0.432705 -0.759998
v -8.309289 0.425115 0.760002
v -8.309289 0.425115 -0.759998
v -8.265368 0.418147 0.760002
v -8.265368 0.418147 -0.759998
v -8.218637 0.411844 0.760002
v -8.218637 0.411844 -0.759998
v -8.169873 0.406246 0.760002
v -8.169873 0.406246 -0.759998
v -8.119864 0.401396 0.760002
v -8.119864 0.401396 -0.759998
v -8.069396 0.397334 0.760002
v -8.069396 0.397334 -0.759998
v -8.019254 0.394103 0.760002
v -8.019254 0.394103 -0.759998
v -7.970220 0.391744 0.760002
v -7.970220 0.391744 -0.759998
v -7.923081 0.390297 0.760002
v -7.923081 0.390297 -0.759998
v -7.878619 0.389806 0.760002
v -7.878619 0.389806 -0.759998
v -7.757184 0.392700 0.760001
v -7.757184 0.392700 -0.759999
v -7.653075 0.401251 0.760001
v -7.653075 0.401251 -0.759999
v -7.565003 0.415260 0.760001
v -7.565003 0.415260 -0.759999
v -7.491677 0.434532 0.760001
v -7.491677 0.434532 -0.759999
v -7.431808 0.458869 0.760001
v -7.431808 0.458869 -0.759999
v -7.384107 0.488073 0.760001
v -7.384107 0.488073 -0.759999
v -7.347283 0.521948 0.760001
v -7.347283 0.521948 -0.759999
v -7.320045 0.560296 0.760001
v -7.320045 0.560296 -0.759999
v -7.301106 0.602920 0.760001
v -7.301106 0.602920 -0.759999
v -7.289176 0.649623 0.760001
v -7.289176 0.649623 -0.759999
v -7.282962 0.700208 0.760001
v -7.282962 0.700207 -0.759999
v -7.281177 0.754477 0.760001
v -7.281177 0.754477 -0.759999
v -7.283774 0.897954 0.760001
v -7.283774 0.897954 -0.759999
v -7.277228 0.896521 0.760001
v -7.277228 0.896521 -0.759999
v -7.270581 0.895214 0.760001
v -7.270581 0.895214 -0.759999
v -7.263846 0.894030 0.760001
v -7.263846 0.894030 -0.759999
v -7.257030 0.892972 0.760001
v -7.257030 0.892972 -0.759999
v -7.250140 0.892038 0.760001
v -7.250140 0.892038 -0.759999
v -7.243188 0.891228 0.760001
v -7.243188 0.891228 -0.759999
v -7.236180 0.890543 0.760001
v -7.236180 0.890543 -0.759999
v -7.229129 0.889983 0.760001
v -7.229129 0.889983 -0.759999
v -7.222041 0.889547 0.760001
v -7.222041 0.889547 -0.759999
v -7.214927 0.889235 0.760001
v -7.214927 0.889235 -0.759999
v -7.207793 0.889049 0.760001
v -7.207793 0.889048 -0.759999
v -7.200652 0.888986 0.760001
v -7.200652 0.888986 -0.759999
v -7.163503 0.891657 0.760001
v -7.163503 0.891657 -0.759999
v -7.125323 0.899891 0.760001
v -7.125323 0.899891 -0.759999
v -7.086928 0.914020 0.760001
v -7.086928 0.914020 -0.759999
v -7.049129 0.934376 0.760001
v -7.049129 0.934376 -0.759999
v -7.012734 0.961292 0.760001
v -7.012734 0.961292 -0.759999
v -6.978560 0.995099 0.760001
v -6.978560 0.995099 -0.759999
v -6.947415 1.036130 0.760001
v -6.947415 1.036130 -0.759999
v -6.920115 1.084717 0.760001
v -6.920115 1.084717 -0.759999
v -6.897466 1.141192 0.760001
v -6.897466 1.141192 -0.759999
v -6.880284 1.205887 0.760001
v -6.880284 1.205886 -0.759999
v -6.869380 1.279133 0.760001
v -6.869380 1.279133 -0.759999
v -6.865565 1.361264 0.760001
v -6.865565 1.361264 -0.759999
v -6.869086 1.437526 0.760001
v -6.869086 1.437526 -0.759999
v -6.879443 1.511785 0.760001
v -6.879443 1.511785 -0.759999
v -6.896331 1.583158 0.760001
v -6.896331 1.583158 -0.759999
v -6.919440 1.650764 0.760001
v -6.919440 1.650764 -0.759999
v -6.948468 1.713721 0.760001
v -6.948468 1.713721 -0.759999
v -6.983104 1.771145 0.760001
v -6.983104 1.771145 -0.759999
v -7.023046 1.822155 0.760001
v -7.023046 1.822155 -0.759999
v -7.067983 1.865869 0.760001
v -7.067983 1.865869 -0.759999
v -7.117610 1.901404 0.760001
v -7.117610 1.901404 -0.759999
v -7.171622 1.927879 0.760001
v -7.171622 1.927879 -0.759999
v -7.229709 1.944411 0.760001
v -7.229709 1.944411 -0.759999
v -7.291568 1.950118 0.760001
v -7.291568 1.950118 -0.759999
v -7.298007 1.950055 0.760001
v -7.298007 1.950055 -0.759999
v -7.304339 1.949868 0.760001
v -7.304339 1.949868 -0.759999
v -7.310563 1.949557 0.760001
v -7.310563 1.949557 -0.759999
v -7.316678 1.949121 0.760001
v -7.316678 1.949121 -0.759999
v -7.322684 1.948561 0.760001
v -7.322684 1.948561 -0.759999
v -7.328584 1.947876 0.760001
v -7.328584 1.947876 -0.759999
v -7.334374 1.947066 0.760001
v -7.334374 1.947066 -0.759999
v -7.340055 1.946132 0.760001
v -7.340055 1.946132 -0.759999
v -7.345630 1.945073 0.760001
v -7.345630 1.945073 -0.759999
v -7.351094 1.943890 0.760001
v -7.351094 1.943890 -0.759999
v -7.356452 1.942583 0.760001
v -7.356452 1.942583 -0.759999
v -7.361701 1.941150 0.760001
v -7.361701 1.941150 -0.759999
v -7.361701 2.240061 0.760001
v -7.361701 2.240061 -0.759999
v -7.265592 2.237072 0.760001
v -7.265592 2.237072 -0.759999
v -7.236876 2.237260 0.760001
v -7.236876 2.237260 -0.759999
v -7.206676 2.237833 0.760001
v -7.206676 2.237833 -0.759999
v -7.175122 2.238799 0.760001
v -7.175122 2.238799 -0.759999
v -7.142350 2.240171 0.760001
v -7.142350 2.240171 -0.759999
v -7.108497 2.241958 0.760001
v -7.108497 2.241958 -0.759999
v -7.073695 2.244170 0.760001
v -7.073695 2.244170 -0.759999
v -7.038081 2.246819 0.760001
v -7.038081 2.246819 -0.759999
v -7.001794 2.249913 0.760001
v -7.001794 2.249913 -0.759999
v -6.964963 2.253465 0.760001
v -6.964963 2.253465 -0.759999
v -6.927726 2.257483 0.760001
v -6.927726 2.257483 -0.759999
v -6.890220 2.261979 0.760001
v -6.890220 2.261979 -0.759999
v -6.852578 2.266963 0.760001
v -6.852578 2.266963 -0.759999
v -6.842187 2.488156 0.760001
v -6.842187 2.488156 -0.759999
v -6.880029 2.481681 0.760001
v -6.880029 2.481681 -0.759999
v -6.916965 2.475715 0.760001
v -6.916965 2.475715 -0.759999
v -6.953073 2.470268 0.760001
v -6.953073 2.470268 -0.759999
v -6.988421 2.465350 0.760001
v -6.988421 2.465350 -0.759999
v -7.023086 2.460972 0.760001
v -7.023086 2.460972 -0.759999
v -7.057137 2.457144 0.760001
v -7.057137 2.457144 -0.759999
v -7.090646 2.453876 0.760001
v -7.090646 2.453876 -0.759999
v -7.123689 2.451180 0.760001
v -7.123689 2.451180 -0.759999
v -7.156331 2.449064 0.760001
v -7.156331 2.449064 -0.759999
v -7.188651 2.447540 0.760001
v -7.188651 2.447540 -0.759999
v -7.220717 2.446618 0.760001
v -7.220717 2.446618 -0.759999
v -7.252604 2.446309 0.760001
v -7.252604 2.446309 -0.759999
v -7.361701 2.449298 0.760001
v -7.361701 2.449298 -0.759999
v -7.361701 2.601742 0.760001
v -7.361701 2.601742 -0.759999
v -7.361587 2.631247 0.760001
v -7.361587 2.631247 -0.759999
v -7.361241 2.659933 0.760001
v -7.361241 2.659933 -0.759999
v -7.360644 2.687725 0.760001
v -7.360644 2.687725 -0.759999
v -7.359775 2.714553 0.760001
v -7.359775 2.714553 -0.759999
v -7.358619 2.740342 0.760001
v -7.358619 2.740342 -0.759999
v -7.357154 2.765022 0.760001
v -7.357154 2.765022 -0.759999
v -7.355365 2.788517 0.760001
v -7.355365 2.788517 -0.759999
v -7.353234 2.810758 0.760001
v -7.353234 2.810758 -0.759999
v -7.350741 2.831669 0.760001
v -7.350741 2.831669 -0.759999
v -7.347871 2.851180 0.760001
v -7.347871 2.851180 -0.759999
v -7.344604 2.869216 0.760001
v -7.344604 2.869216 -0.759999
v -7.340920 2.885707 0.760001
v -7.340920 2.885707 -0.759999
v -7.569509 2.885707 0.760001
v -7.569509 2.885707 -0.759999
v -7.567565 2.869045 0.760001
v -7.567565 2.869045 -0.759999
v -7.565648 2.850557 0.760001
v -7.565648 2.850557 -0.759999
v -7.563787 2.830408 0.760001
v -7.563787 2.830408 -0.759999
v -7.562005 2.808765 0.760001
v -7.562005 2.808765 -0.759999
v -7.560330 2.785793 0.760001
v -7.560330 2.785793 -0.759999
v -7.558793 2.761659 0.760001
v -7.558793 2.761659 -0.759999
v -7.557418 2.736528 0.760001
v -7.557418 2.736528 -0.759999
v -7.556231 2.710567 0.760001
v -7.556231 2.710567 -0.759999
v -7.555263 2.683942 0.760001
v -7.555263 2.683942 -0.759999
v -7.554536 2.656819 0.760001
v -7.554536 2.656819 -0.759999
v -7.554080 2.629363 0.760001
v -7.554080 2.629363 -0.759999
v -7.553924 2.601742 0.760001
v -7.553924 2.601742 -0.759999
v -7.553924 2.467232 0.760001
v -7.553924 2.467232 -0.759999
v -7.594989 2.472775 0.760001
v -7.594989 2.472775 -0.759999
v -7.636325 2.478940 0.760001
v -7.636325 2.478940 -0.759999
v -7.677876 2.485728 0.760001
v -7.677876 2.485728 -0.759999
v -7.719590 2.493138 0.760001
v -7.719590 2.493138 -0.759999
v -7.761415 2.501171 0.760001
v -7.761415 2.501171 -0.759999
v -7.803290 2.509827 0.760001
v -7.803290 2.509827 -0.759999
v -7.845166 2.519106 0.760001
v -7.845166 2.519106 -0.759999
v -7.886991 2.529007 0.760001
v -7.886991 2.529007 -0.759999
v -7.928704 2.539531 0.760001
v -7.928704 2.539531 -0.759999
v -7.970256 2.550678 0.760001
v -7.970256 2.550678 -0.759999
v -8.011592 2.562448 0.760001
v -8.011592 2.562448 -0.759999
v -8.052657 2.574840 0.760001
v -8.052657 2.574840 -0.759999
v -8.052657 2.344679 0.760001
v -8.052657 2.344679 -0.759999
v -8.012088 2.334466 0.760001
v -8.012088 2.334466 -0.759999
v -7.970977 2.324752 0.760001
v -7.970977 2.324752 -0.759999
v -7.929435 2.315535 0.760001
v -7.929435 2.315535 -0.759999
v -7.887567 2.306817 0.760001
v -7.887567 2.306817 -0.759999
v -7.845481 2.298597 0.760001
v -7.845481 2.298597 -0.759999
v -7.803288 2.290875 0.760001
v -7.803288 2.290875 -0.759999
v -7.761096 2.283652 0.760001
v -7.761096 2.283652 -0.759999
v -7.719012 2.276926 0.760001
v -7.719012 2.276926 -0.759999
v -7.677144 2.270699 0.760001
v -7.677144 2.270699 -0.759999
v -7.635600 2.264970 0.760001
v -7.635600 2.264970 -0.759999
v -7.594491 2.259739 0.760001
v -7.594491 2.259739 -0.759999
v -7.553924 2.255006 0.760001
v -7.553924 2.255006 -0.759999
v -7.553924 1.803652 0.760001
v -7.553924 1.803652 -0.759999
v -7.563931 1.785973 0.760001
v -7.563931 1.785973 -0.759999
v -7.573163 1.767339 0.760001
v -7.573163 1.767339 -0.759999
v -7.581603 1.747793 0.760001
v -7.581603 1.747793 -0.759999
v -7.589229 1.727374 0.760001
v -7.589229 1.727374 -0.759999
v -7.596026 1.706125 0.760001
v -7.596026 1.706125 -0.759999
v -7.601975 1.684088 0.760001
v -7.601975 1.684088 -0.759999
v -7.607060 1.661302 0.760001
v -7.607060 1.661302 -0.759999
v -7.611260 1.637812 0.760001
v -7.611260 1.637812 -0.759999
v -7.614558 1.613657 0.760001
v -7.614558 1.613657 -0.759999
v -7.616937 1.588879 0.760001
v -7.616937 1.588879 -0.759999
v -7.618377 1.563520 0.760001
v -7.618377 1.563520 -0.759999
v -7.618861 1.537621 0.760001
v -7.618861 1.537621 -0.759999
v -7.618138 1.495028 0.760001
v -7.618138 1.495028 -0.759999
v -7.615880 1.451200 0.760001
v -7.615880 1.451200 -0.759999
v -7.611962 1.406521 0.760001
v -7.611962 1.406521 -0.759999
v -7.606259 1.361375 0.760001
v -7.606259 1.361375 -0.759999
v -7.598645 1.316146 0.760001
v -7.598645 1.316146 -0.759999
v -7.588990 1.271218 0.760001
v -7.588990 1.271218 -0.759999
v -7.577172 1.226974 0.760001
v -7.577172 1.226974 -0.759999
v -7.563062 1.183800 0.760001
v -7.563062 1.183800 -0.759999
v -7.546536 1.142079 0.760001
v -7.546536 1.142079 -0.759999
v -7.527465 1.102195 0.760001
v -7.527465 1.102195 -0.759999
v -7.505725 1.064532 0.760001
v -7.505725 1.064532 -0.759999
v -7.481189 1.029474 0.760001
v -7.481189 1.029474 -0.759999
vn -0.0000 -0.0000 -1.0000
vn -0.0000 -0.0000 1.0000
vn -0.0002 -0.0000 -1.0000
vn 0.0048 -0.0000 -1.0000
vn 0.0021 -0.0000 -1.0000
vn -0.0002 -0.0000 1.0000
vn 0.0048 -0.0000 1.0000
vn 0.0021 -0.0000 1.0000
vn -0.7548 -0.6559 -0.0000
vn -0.7548 0.6559 -0.0000
vn 0.7548 -0.6559 -0.0000
vn 0.7548 0.6559 -0.0000
vn 0.4695 0.8829 -0.0000
vn 0.7828 0.6223 -0.0000
vn 0.7366 0.6763 -0.0000
vn 0.6857 0.7279 -0.0000
vn 0.6298 0.7767 -0.0000
vn 0.5689 0.8224 -0.0000
vn 0.5027 0.8645 -0.0000
vn 0.4312 0.9023 -0.0000
vn 0.3543 0.9351 -0.0000
vn 0.2723 0.9622 -0.0000
vn 0.1854 0.9827 -0.0000
vn 0.0942 0.9956 -0.0000
vn -0.0096 1.0000 -0.0000
vn -0.1368 0.9906 -0.0000
vn -0.2785 0.9604 -0.0000
vn -0.4206 0.9073 -0.0000
vn -0.5559 0.8312 -0.0000
vn -0.6774 0.7356 -0.0000
vn -0.7795 0.6264 -0.0000
vn -0.8598 0.5106 -0.0000
vn -0.9189 0.3946 -0.0000
vn -0.9590 0.2834 -0.0000
vn -0.9837 0.1800 -0.0000
vn -0.9963 0.0857 -0.0000
vn -0.9998 0.0205 -0.0000
vn 0.9998 -0.0190 -0.0000
vn 0.9969 -0.0786 -0.0000
vn 0.9866 -0.1633 -0.0000
vn 0.9668 -0.2555 -0.0000
vn 0.9348 -0.3552 -0.0000
vn 0.8870 -0.4618 -0.0000
vn 0.8196 -0.5730 -0.0000
vn 0.7290 -0.6845 -0.0000
vn 0.6137 -0.7895 -0.0000
vn 0.4755 -0.8797 -0.0000
vn 0.3206 -0.9472 -0.0000
vn 0.1590 -0.9873 -0.0000
vn 0.0160 -0.9999 -0.0000
vn -0.0944 -0.9955 -0.0000
vn -0.1938 -0.9810 -0.0000
vn -0.2945 -0.9556 -0.0000
vn -0.3910 -0.9204 -0.0000
vn -0.4786 -0.8781 -0.0000
vn -0.5545 -0.8322 -0.0000
vn -0.6180 -0.7862 -0.0000
vn -0.6697 -0.7427 -0.0000
vn -0.7110 -0.7032 -0.0000
vn -0.7436 -0.6686 -0.0000
vn -0.7693 -0.6389 -0.0000
vn -0.9469 -0.3215 -0.0000
vn -0.9996 0.0265 -0.0000
vn -0.9938 0.1114 -0.0000
vn -0.9724 0.2332 -0.0000
vn -0.9319 0.3627 -0.0000
vn -0.8697 0.4936 -0.0000
vn -0.7862 0.6179 -0.0000
vn -0.6852 0.7284 -0.0000
vn -0.5726 0.8198 -0.0000
vn -0.4551 0.8905 -0.0000
vn -0.3376 0.9413 -0.0000
vn -0.2228 0.9749 -0.0000
vn -0.1111 0.9938 -0.0000
vn -0.0114 0.9999 -0.0000
vn 0.0653 0.9979 -0.0000
vn 0.1290 0.9917 -0.0000
vn 0.1902 0.9818 -0.0000
vn 0.2482 0.9687 -0.0000
vn 0.3026 0.9531 -0.0000
vn 0.3531 0.9356 -0.0000
vn 0.3995 0.9167 -0.0000
vn 0.4420 0.8970 -0.0000
vn 0.4805 0.8770 -0.0000
vn 0.5153 0.8570 -0.0000
vn 0.5467 0.8373 -0.0000
vn -0.5493 0.8356 -0.0000
vn -0.8836 -0.4683 -0.0000
vn -0.4879 -0.8729 -0.0000
vn -0.4460 -0.8950 -0.0000
vn -0.4078 -0.9131 -0.0000
vn -0.3719 -0.9283 -0.0000
vn -0.3371 -0.9415 -0.0000
vn -0.3023 -0.9532 -0.0000
vn -0.2662 -0.9639 -0.0000
vn -0.2275 -0.9738 -0.0000
vn -0.1844 -0.9829 -0.0000
vn -0.1343 -0.9909 -0.0000
vn -0.0736 -0.9973 -0.0000
vn 0.0103 -0.9999 -0.0000
vn 0.1262 -0.9920 -0.0000
vn 0.2609 -0.9654 -0.0000
vn 0.3997 -0.9166 -0.0000
vn 0.5351 -0.8448 -0.0000
vn 0.6587 -0.7524 -0.0000
vn 0.7643 -0.6449 -0.0000
vn 0.8484 -0.5294 -0.0000
vn 0.9110 -0.4125 -0.0000
vn 0.9543 -0.2990 -0.0000
vn 0.9814 -0.1919 -0.0000
vn 0.9957 -0.0925 -0.0000
vn 0.9997 -0.0224 -0.0000
vn 0.9390 0.3438 -0.0000
vn -0.4363 0.8998 -0.0000
vn -0.5771 -0.8167 -0.0000
vn -0.5399 -0.8417 -0.0000
vn -0.4963 -0.8681 -0.0000
vn -0.4467 -0.8947 -0.0000
vn -0.3918 -0.9201 -0.0000
vn -0.3330 -0.9429 -0.0000
vn -0.2723 -0.9622 -0.0000
vn -0.2115 -0.9774 -0.0000
vn -0.1526 -0.9883 -0.0000
vn -0.0972 -0.9953 -0.0000
vn -0.0463 -0.9989 -0.0000
vn 0.0287 -0.9996 -0.0000
vn 0.1620 -0.9868 -0.0000
vn 0.3240 -0.9461 -0.0000
vn 0.4760 -0.8794 -0.0000
vn 0.6096 -0.7927 -0.0000
vn 0.7205 -0.6935 -0.0000
vn 0.8083 -0.5888 -0.0000
vn 0.8752 -0.4837 -0.0000
vn 0.9246 -0.3809 -0.0000
vn 0.9596 -0.2814 -0.0000
vn 0.9827 -0.1853 -0.0000
vn 0.9958 -0.0918 -0.0000
vn 1.0000 0.0004 -0.0000
vn 0.9955 0.0949 -0.0000
vn 0.9809 0.1947 -0.0000
vn 0.9541 0.2994 -0.0000
vn 0.9131 0.4078 -0.0000
vn 0.8554 0.5179 -0.0000
vn 0.7792 0.6268 -0.0000
vn 0.6833 0.7302 -0.0000
vn 0.5682 0.8229 -0.0000
vn 0.4367 0.8996 -0.0000
vn 0.2938 0.9559 -0.0000
vn 0.1462 0.9893 -0.0000
vn 0.0023 1.0000 -0.0000
vn -0.1402 0.9901 -0.0000
vn -0.2898 0.9571 -0.0000
vn -0.4422 0.8969 -0.0000
vn -0.5864 0.8101 -0.0000
vn -0.7116 0.7026 -0.0000
vn -0.8118 0.5840 -0.0000
vn -0.8858 0.4641 -0.0000
vn -0.9367 0.3501 -0.0000
vn -0.9692 0.2461 -0.0000
vn -0.9881 0.1536 -0.0000
vn -0.9974 0.0722 -0.0000
vn -0.7674 -0.6412 -0.0000
vn -0.8144 -0.5802 -0.0000
vn -0.9776 0.2106 -0.0000
vn -0.9558 0.2941 -0.0000
vn -0.9221 0.3869 -0.0000
vn -0.8731 0.4875 -0.0000
vn -0.8055 0.5926 -0.0000
vn -0.7177 0.6964 -0.0000
vn -0.6106 0.7920 -0.0000
vn -0.4888 0.8724 -0.0000
vn -0.3598 0.9330 -0.0000
vn -0.2316 0.9728 -0.0000
vn -0.1109 0.9938 -0.0000
vn -0.0088 1.0000 -0.0000
vn 0.0704 0.9975 -0.0000
vn 0.1391 0.9903 -0.0000
vn 0.2051 0.9787 -0.0000
vn 0.2673 0.9636 -0.0000
vn 0.3252 0.9456 -0.0000
vn 0.3784 0.9256 -0.0000
vn 0.4267 0.9044 -0.0000
vn 0.4702 0.8826 -0.0000
vn 0.5090 0.8608 -0.0000
vn 0.5435 0.8394 -0.0000
vn 0.5740 0.8188 -0.0000
vn -0.5355 0.8446 -0.0000
vn -0.9033 -0.4290 -0.0000
vn 0.9926 -0.1216 -0.0000
vn 0.9774 -0.2116 -0.0000
vn 0.9511 -0.3089 -0.0000
vn 0.9108 -0.4129 -0.0000
vn 0.8532 -0.5215 -0.0000
vn 0.7757 -0.6311 -0.0000
vn 0.6768 -0.7361 -0.0000
vn 0.5579 -0.8299 -0.0000
vn 0.4234 -0.9059 -0.0000
vn 0.2806 -0.9598 -0.0000
vn 0.1375 -0.9905 -0.0000
vn 0.0044 -1.0000 -0.0000
vn -0.1204 -0.9927 -0.0000
vn -0.2488 -0.9686 -0.0000
vn -0.3814 -0.9244 -0.0000
vn -0.5107 -0.8597 -0.0000
vn -0.6292 -0.7772 -0.0000
vn -0.7310 -0.6824 -0.0000
vn -0.8133 -0.5818 -0.0000
vn -0.8764 -0.4816 -0.0000
vn -0.9224 -0.3862 -0.0000
vn -0.9546 -0.2980 -0.0000
vn -0.9759 -0.2180 -0.0000
vn -0.8173 0.5762 -0.0000
vn 0.7832 0.6217 -0.0000
vn 0.5471 0.8371 -0.0000
vn 0.8783 0.4781 -0.0000
vn 0.8563 0.5165 -0.0000
vn 0.8287 0.5596 -0.0000
vn 0.7939 0.6081 -0.0000
vn 0.7496 0.6619 -0.0000
vn 0.6933 0.7207 -0.0000
vn 0.6218 0.7832 -0.0000
vn 0.5323 0.8466 -0.0000
vn 0.4229 0.9062 -0.0000
vn 0.2943 0.9557 -0.0000
vn 0.1508 0.9886 -0.0000
vn 0.0152 0.9999 -0.0000
vn -0.0912 0.9958 -0.0000
vn -0.1815 0.9834 -0.0000
vn -0.2684 0.9633 -0.0000
vn -0.3497 0.9368 -0.0000
vn -0.4239 0.9057 -0.0000
vn -0.4901 0.8717 -0.0000
vn -0.5481 0.8364 -0.0000
vn -0.5984 0.8012 -0.0000
vn -0.6415 0.7671 -0.0000
vn -0.6783 0.7348 -0.0000
vn -0.7095 0.7047 -0.0000
vn -0.9924 0.1232 -0.0000
vn -0.1606 -0.9870 -0.0000
vn 0.7089 -0.7053 -0.0000
vn 0.6745 -0.7383 -0.0000
vn 0.6389 -0.7693 -0.0000
vn 0.6014 -0.7989 -0.0000
vn 0.5612 -0.8277 -0.0000
vn 0.5170 -0.8560 -0.0000
vn 0.4670 -0.8843 -0.0000
vn 0.4087 -0.9127 -0.0000
vn 0.3386 -0.9409 -0.0000
vn 0.2515 -0.9678 -0.0000
vn 0.1400 -0.9902 -0.0000
vn -0.0094 -1.0000 -0.0000
vn -0.1891 -0.9819 -0.0000
vn -0.3656 -0.9308 -0.0000
vn -0.5189 -0.8548 -0.0000
vn -0.6454 -0.7639 -0.0000
vn -0.7460 -0.6660 -0.0000
vn -0.8243 -0.5662 -0.0000
vn -0.8841 -0.4674 -0.0000
vn -0.9289 -0.3704 -0.0000
vn -0.9613 -0.2755 -0.0000
vn -0.9832 -0.1824 -0.0000
vn -0.9959 -0.0906 -0.0000
vn -0.9997 -0.0225 -0.0000
vn 0.1640 0.9865 -0.0000
vn 0.1677 0.9858 -0.0000
vn 0.1703 0.9854 -0.0000
vn 0.1722 0.9851 -0.0000
vn 0.1738 0.9848 -0.0000
vn 0.1750 0.9846 -0.0000
vn 0.1759 0.9844 -0.0000
vn 0.1767 0.9843 -0.0000
vn 0.1774 0.9841 -0.0000
vn 0.1779 0.9840 -0.0000
vn 0.1784 0.9840 -0.0000
vn 0.8552 0.5183 -0.0000
vn 0.6235 -0.7818 -0.0000
vn -0.1946 -0.9809 -0.0000
vn -0.2072 -0.9783 -0.0000
vn -0.2131 -0.9770 -0.0000
vn -0.2192 -0.9757 -0.0000
vn -0.2252 -0.9743 -0.0000
vn -0.2310 -0.9730 -0.0000
vn -0.2365 -0.9716 -0.0000
vn -0.2416 -0.9704 -0.0000
vn -0.2462 -0.9692 -0.0000
vn -0.2503 -0.9682 -0.0000
vn -0.2539 -0.9672 -0.0000
vn -0.2568 -0.9665 -0.0000
vn 0.6003 -0.7998 -0.0000
vn 0.8234 0.5674 -0.0000
vn 0.0536 0.9986 -0.0000
vn 0.0614 0.9981 -0.0000
vn 0.0695 0.9976 -0.0000
vn 0.0778 0.9970 -0.0000
vn 0.0862 0.9963 -0.0000
vn 0.0946 0.9955 -0.0000
vn 0.1030 0.9947 -0.0000
vn 0.1112 0.9938 -0.0000
vn 0.1193 0.9929 -0.0000
vn 0.1273 0.9919 -0.0000
vn 0.1349 0.9909 -0.0000
vn 0.1323 0.9912 -0.0000
vn 0.1324 0.9912 -0.0000
vn 0.1435 0.9896 -0.0000
vn 0.1515 0.9885 -0.0000
vn 0.1576 0.9875 -0.0000
vn 0.1623 0.9867 -0.0000
vn 0.1662 0.9861 -0.0000
vn 0.1695 0.9855 -0.0000
vn 0.1723 0.9850 -0.0000
vn 0.1747 0.9846 -0.0000
vn 0.1769 0.9842 -0.0000
vn 0.1788 0.9839 -0.0000
vn 0.8557 0.5175 -0.0000
vn 0.9852 -0.1717 -0.0000
vn 0.9838 -0.1793 -0.0000
vn 0.9811 -0.1934 -0.0000
vn 0.9784 -0.2069 -0.0000
vn 0.9755 -0.2198 -0.0000
vn 0.9727 -0.2320 -0.0000
vn 0.9699 -0.2433 -0.0000
vn 0.9672 -0.2538 -0.0000
vn 0.9647 -0.2634 -0.0000
vn 0.9623 -0.2719 -0.0000
vn 0.9602 -0.2794 -0.0000
vn 0.9583 -0.2857 -0.0000
vn 0.8909 0.4542 -0.0000
vn -0.6691 0.7431 -0.0000
vn -0.9977 0.0683 -0.0000
vn -0.9963 0.0863 -0.0000
vn -0.9950 0.1001 -0.0000
vn -0.9939 0.1106 -0.0000
vn -0.9930 0.1185 -0.0000
vn -0.9923 0.1241 -0.0000
vn -0.9918 0.1278 -0.0000
vn -0.9916 0.1295 -0.0000
vn -0.9918 0.1276 -0.0000
vn -0.9923 0.1236 -0.0000
vn -0.9896 0.1438 -0.0000
vn -0.6248 0.7807 -0.0000
vn 0.1863 0.9825 -0.0000
vn 0.1865 0.9824 -0.0000
vn 0.1870 0.9824 -0.0000
vn 0.1878 0.9822 -0.0000
vn 0.1890 0.9820 -0.0000
vn 0.1906 0.9817 -0.0000
vn 0.1928 0.9812 -0.0000
vn 0.1958 0.9807 -0.0000
vn 0.1999 0.9798 -0.0000
vn 0.2058 0.9786 -0.0000
vn 0.2061 0.9785 -0.0000
vn 0.2106 0.9776 -0.0000
vn 0.2258 0.9742 -0.0000
vn 0.2399 0.9708 -0.0000
vn 0.2530 0.9675 -0.0000
vn 0.2651 0.9642 -0.0000
vn 0.2763 0.9611 -0.0000
vn 0.2864 0.9581 -0.0000
vn 0.2955 0.9553 -0.0000
vn 0.3036 0.9528 -0.0000
vn 0.3105 0.9506 -0.0000
vn 0.3161 0.9487 -0.0000
vn -0.5708 0.8211 -0.0000
vn -0.8500 -0.5268 -0.0000
vn -0.1507 -0.9886 -0.0000
vn -0.1505 -0.9886 -0.0000
vn -0.1509 -0.9886 -0.0000
vn -0.1517 -0.9884 -0.0000
vn -0.1530 -0.9882 -0.0000
vn -0.1546 -0.9880 -0.0000
vn -0.1566 -0.9877 -0.0000
vn -0.1590 -0.9873 -0.0000
vn -0.1619 -0.9868 -0.0000
vn -0.1654 -0.9862 -0.0000
vn -0.1695 -0.9855 -0.0000
vn -0.1758 -0.9844 -0.0000
vn -0.8555 -0.5179 -0.0000
vn -0.6207 0.7840 -0.0000
vn 0.2116 0.9773 -0.0000
vn 0.2312 0.9729 -0.0000
vn 0.2332 0.9724 -0.0000
vn 0.2358 0.9718 -0.0000
vn 0.2390 0.9710 -0.0000
vn 0.2430 0.9700 -0.0000
vn 0.2479 0.9688 -0.0000
vn 0.2537 0.9673 -0.0000
vn 0.2605 0.9655 -0.0000
vn 0.2684 0.9633 -0.0000
vn 0.2775 0.9607 -0.0000
vn 0.2879 0.9577 -0.0000
vn -0.5859 0.8104 -0.0000
vn -0.8395 -0.5434 -0.0000
vn -0.1241 -0.9923 -0.0000
vn -0.1367 -0.9906 -0.0000
vn -0.1468 -0.9892 -0.0000
vn -0.1550 -0.9879 -0.0000
vn -0.1617 -0.9868 -0.0000
vn -0.1672 -0.9859 -0.0000
vn -0.1717 -0.9851 -0.0000
vn -0.1754 -0.9845 -0.0000
vn -0.1782 -0.9840 -0.0000
vn -0.1805 -0.9836 -0.0000
vn -0.1822 -0.9833 -0.0000
vn -0.1812 -0.9834 -0.0000
vn -0.8566 -0.5160 -0.0000
vn -0.9818 0.1898 -0.0000
vn -0.9788 0.2050 -0.0000
vn -0.9786 0.2056 -0.0000
vn -0.9783 0.2071 -0.0000
vn -0.9778 0.2096 -0.0000
vn -0.9771 0.2130 -0.0000
vn -0.9761 0.2173 -0.0000
vn -0.9749 0.2227 -0.0000
vn -0.9734 0.2292 -0.0000
vn -0.9715 0.2370 -0.0000
vn -0.9665 0.2568 -0.0000
vn -0.8863 -0.4631 -0.0000
vn 0.6360 -0.7717 -0.0000
vn 0.9925 -0.1220 -0.0000
vn 0.9929 -0.1188 -0.0000
vn 0.9931 -0.1174 -0.0000
vn 0.9930 -0.1180 -0.0000
vn 0.9927 -0.1207 -0.0000
vn 0.9921 -0.1255 -0.0000
vn 0.9912 -0.1325 -0.0000
vn 0.9899 -0.1417 -0.0000
vn 0.9882 -0.1530 -0.0000
vn 0.9861 -0.1663 -0.0000
vn 0.9833 -0.1818 -0.0000
vn 0.9841 -0.1777 -0.0000
vn 0.6241 -0.7814 -0.0000
vn -0.1900 -0.9818 -0.0000
vn -0.1902 -0.9817 -0.0000
vn -0.1905 -0.9817 -0.0000
vn -0.1909 -0.9816 -0.0000
vn -0.1915 -0.9815 -0.0000
vn -0.1923 -0.9813 -0.0000
vn -0.1933 -0.9811 -0.0000
vn -0.1963 -0.9805 -0.0000
vn -0.1987 -0.9801 -0.0000
vn -0.2021 -0.9794 -0.0000
vn -0.2032 -0.9791 -0.0000
vn -0.2028 -0.9792 -0.0000
vn -0.2041 -0.9789 -0.0000
vn -0.2066 -0.9784 -0.0000
vn -0.2104 -0.9776 -0.0000
vn -0.2157 -0.9765 -0.0000
vn -0.2227 -0.9749 -0.0000
vn -0.2316 -0.9728 -0.0000
vn -0.2426 -0.9701 -0.0000
vn -0.2560 -0.9667 -0.0000
vn -0.2720 -0.9623 -0.0000
vn -0.2909 -0.9568 -0.0000
vn 0.5761 -0.8174 -0.0000
vn 0.8302 0.5574 -0.0000
vn 0.0662 0.9978 -0.0000
vn 0.0796 0.9968 -0.0000
vn 0.0906 0.9959 -0.0000
vn 0.1002 0.9950 -0.0000
vn 0.1088 0.9941 -0.0000
vn 0.1170 0.9931 -0.0000
vn 0.1249 0.9922 -0.0000
vn 0.1331 0.9911 -0.0000
vn 0.1416 0.9899 -0.0000
vn 0.1511 0.9885 -0.0000
vn 0.1619 0.9868 -0.0000
vn 0.1648 0.9863 -0.0000
vn -0.0000 1.0000 -0.0000
vn 0.0028 1.0000 -0.0000
vn 0.0113 0.9999 -0.0000
vn 0.0225 0.9997 -0.0000
vn 0.0333 0.9994 -0.0000
vn 0.0439 0.9990 -0.0000
vn 0.0540 0.9985 -0.0000
vn 0.0637 0.9980 -0.0000
vn 0.0728 0.9974 -0.0000
vn 0.0812 0.9967 -0.0000
vn 0.0887 0.9961 -0.0000
vn 0.0952 0.9955 -0.0000
vn 0.1003 0.9950 -0.0000
vn -0.7249 0.6889 -0.0000
vn -0.7361 -0.6769 -0.0000
vn 0.0698 -0.9976 -0.0000
vn 0.0766 -0.9971 -0.0000
vn 0.0788 -0.9969 -0.0000
vn 0.0779 -0.9970 -0.0000
vn 0.0745 -0.9972 -0.0000
vn 0.0690 -0.9976 -0.0000
vn 0.0617 -0.9981 -0.0000
vn 0.0528 -0.9986 -0.0000
vn 0.0421 -0.9991 -0.0000
vn 0.0298 -0.9996 -0.0000
vn 0.0157 -0.9999 -0.0000
vn 0.0041 -1.0000 -0.0000
vn -0.0000 -1.0000 -0.0000
vn -0.0017 -1.0000 -0.0000
vn -0.0069 -1.0000 -0.0000
vn -0.0137 -0.9999 -0.0000
vn -0.0205 -0.9998 -0.0000
vn -0.0273 -0.9996 -0.0000
vn -0.0345 -0.9994 -0.0000
vn -0.0420 -0.9991 -0.0000
vn -0.0500 -0.9987 -0.0000
vn -0.0589 -0.9983 -0.0000
vn -0.0689 -0.9976 -0.0000
vn -0.0804 -0.9968 -0.0000
vn -0.0942 -0.9956 -0.0000
vn 0.7251 -0.6886 -0.0000
vn 0.7332 0.6800 -0.0000
vn -0.0727 0.9974 -0.0000
vn -0.0686 0.9976 -0.0000
vn -0.0641 0.9979 -0.0000
vn -0.0591 0.9983 -0.0000
vn -0.0537 0.9986 -0.0000
vn -0.0478 0.9989 -0.0000
vn -0.0414 0.9991 -0.0000
vn -0.0344 0.9994 -0.0000
vn -0.0269 0.9996 -0.0000
vn -0.0186 0.9998 -0.0000
vn -0.0097 1.0000 -0.0000
vn -0.0025 1.0000 -0.0000
vn 0.1199 0.9928 -0.0000
vn 0.1174 0.9931 -0.0000
vn 0.1153 0.9933 -0.0000
vn 0.1134 0.9936 -0.0000
vn 0.1114 0.9938 -0.0000
vn 0.1094 0.9940 -0.0000
vn 0.1073 0.9942 -0.0000
vn 0.1051 0.9945 -0.0000
vn 0.1026 0.9947 -0.0000
vn 0.0999 0.9950 -0.0000
vn 0.0968 0.9953 -0.0000
vn 0.0941 0.9956 -0.0000
vn 0.0915 0.9958 -0.0000
vn 0.0885 0.9961 -0.0000
vn 0.0853 0.9964 -0.0000
vn 0.0822 0.9966 -0.0000
vn 0.0790 0.9969 -0.0000
vn 0.0756 0.9971 -0.0000
vn 0.0722 0.9974 -0.0000
vn 0.0686 0.9976 -0.0000
vn 0.0648 0.9979 -0.0000
vn 0.0607 0.9982 -0.0000
vn 0.0563 0.9984 -0.0000
vn -0.7393 0.6734 -0.0000
vn -0.7554 -0.6552 -0.0000
vn -0.0053 -1.0000 -0.0000
vn -0.0127 -0.9999 -0.0000
vn -0.0226 -0.9997 -0.0000
vn -0.0351 -0.9994 -0.0000
vn -0.0506 -0.9987 -0.0000
vn -0.0694 -0.9976 -0.0000
vn -0.0923 -0.9957 -0.0000
vn -0.1203 -0.9927 -0.0000
vn -0.1549 -0.9879 -0.0000
vn -0.1981 -0.9802 -0.0000
vn -0.2531 -0.9674 -0.0000
vn -0.3508 -0.9364 -0.0000
vn -0.4766 -0.8791 -0.0000
vn -0.5864 -0.8100 -0.0000
vn -0.6776 -0.7354 -0.0000
vn -0.7523 -0.6588 -0.0000
vn -0.8132 -0.5820 -0.0000
vn -0.8627 -0.5058 -0.0000
vn -0.9030 -0.4296 -0.0000
vn -0.9358 -0.3526 -0.0000
vn -0.9620 -0.2732 -0.0000
vn -0.9819 -0.1894 -0.0000
vn -0.9951 -0.0987 -0.0000
vn -1.0000 0.0090 -0.0000
vn -0.9895 0.1446 -0.0000
vn -0.9543 0.2989 -0.0000
vn -0.8910 0.4539 -0.0000
vn -0.8021 0.5972 -0.0000
vn -0.6954 0.7186 -0.0000
vn -0.5815 0.8135 -0.0000
vn -0.4697 0.8829 -0.0000
vn -0.3654 0.9309 -0.0000
vn -0.2711 0.9625 -0.0000
vn -0.1869 0.9824 -0.0000
vn -0.1115 0.9938 -0.0000
vn -0.8670 0.4983 -0.0000
vn -0.6003 -0.7998 -0.0000
vn 0.2317 -0.9728 -0.0000
vn 0.3279 -0.9447 -0.0000
vn 0.4270 -0.9042 -0.0000
vn 0.5290 -0.8486 -0.0000
vn 0.6320 -0.7750 -0.0000
vn 0.7323 -0.6810 -0.0000
vn 0.8242 -0.5664 -0.0000
vn 0.9010 -0.4339 -0.0000
vn 0.9571 -0.2898 -0.0000
vn 0.9898 -0.1426 -0.0000
vn 0.9999 -0.0130 -0.0000
vn 0.9963 0.0863 -0.0000
vn 0.9854 0.1700 -0.0000
vn 0.9682 0.2500 -0.0000
vn 0.9454 0.3259 -0.0000
vn 0.9175 0.3978 -0.0000
vn 0.8849 0.4658 -0.0000
vn 0.8478 0.5304 -0.0000
vn 0.8058 0.5922 -0.0000
vn 0.7583 0.6520 -0.0000
vn 0.7040 0.7102 -0.0000
vn 0.6408 0.7677 -0.0000
vn 0.9541 -0.2996 -0.0000
vn -0.1231 -0.9924 -0.0000
vn -0.1209 -0.9927 -0.0000
vn -0.1210 -0.9926 -0.0000
vn -0.1228 -0.9924 -0.0000
vn -0.1261 -0.9920 -0.0000
vn -0.1309 -0.9914 -0.0000
vn -0.1375 -0.9905 -0.0000
vn -0.1465 -0.9892 -0.0000
vn -0.1588 -0.9873 -0.0000
vn -0.1760 -0.9844 -0.0000
vn -0.2014 -0.9795 -0.0000
vn 0.6495 -0.7603 -0.0000
vn 0.7957 0.6058 -0.0000
vn 0.0361 0.9993 -0.0000
vn 0.0419 0.9991 -0.0000
vn 0.0478 0.9989 -0.0000
vn 0.0538 0.9986 -0.0000
vn 0.0600 0.9982 -0.0000
vn 0.0665 0.9978 -0.0000
vn 0.0733 0.9973 -0.0000
vn 0.0806 0.9967 -0.0000
vn 0.0978 0.9952 -0.0000
vn 0.1082 0.9941 -0.0000
vn 0.1175 0.9931 -0.0000
vn 0.3762 -0.9266 -0.0000
vn 0.9190 -0.3942 -0.0000
vn 0.9147 -0.4041 -0.0000
vn 0.9102 -0.4142 -0.0000
vn 0.9053 -0.4247 -0.0000
vn 0.9001 -0.4357 -0.0000
vn 0.8944 -0.4472 -0.0000
vn 0.8882 -0.4594 -0.0000
vn 0.8813 -0.4725 -0.0000
vn 0.8736 -0.4866 -0.0000
vn 0.8649 -0.5019 -0.0000
vn 0.8550 -0.5186 -0.0000
vn 0.9719 0.2353 -0.0000
vn -0.3158 0.9488 -0.0000
vn -0.8627 0.5057 -0.0000
vn -0.8688 0.4951 -0.0000
vn -0.8740 0.4859 -0.0000
vn -0.8787 0.4773 -0.0000
vn -0.8832 0.4689 -0.0000
vn -0.8877 0.4604 -0.0000
vn -0.8923 0.4515 -0.0000
vn -0.8972 0.4416 -0.0000
vn -0.9026 0.4305 -0.0000
vn -0.9087 0.4176 -0.0000
vn -0.9157 0.4019 -0.0000
vn -0.9567 -0.2911 -0.0000
vn 0.3669 -0.9303 -0.0000
vn 0.9151 -0.4031 -0.0000
vn 0.9100 -0.4146 -0.0000
vn 0.9047 -0.4260 -0.0000
vn 0.8992 -0.4376 -0.0000
vn 0.8934 -0.4492 -0.0000
vn 0.8873 -0.4611 -0.0000
vn 0.8809 -0.4732 -0.0000
vn 0.8741 -0.4857 -0.0000
vn 0.8669 -0.4985 -0.0000
vn 0.8591 -0.5118 -0.0000
vn 0.8507 -0.5256 -0.0000
vn 0.9758 0.2189 -0.0000
vn -0.2872 0.9579 -0.0000
vn -0.8516 0.5241 -0.0000
vn -0.8570 0.5153 -0.0000
vn -0.8617 0.5074 -0.0000
vn -0.8661 0.4999 -0.0000
vn -0.8703 0.4925 -0.0000
vn -0.8746 0.4849 -0.0000
vn -0.8790 0.4767 -0.0000
vn -0.8839 0.4677 -0.0000
vn -0.8892 0.4575 -0.0000
vn -0.8953 0.4455 -0.0000
vn -0.9024 0.4310 -0.0000
vn -0.9622 -0.2723 -0.0000
vn -0.6707 0.7417 -0.0000
vn -0.6899 0.7239 -0.0000
vn -0.7075 0.7068 -0.0000
vn -0.7240 0.6898 -0.0000
vn -0.7402 0.6724 -0.0000
vn -0.7564 0.6542 -0.0000
vn -0.7730 0.6343 -0.0000
vn -0.7907 0.6122 -0.0000
vn -0.8099 0.5865 -0.0000
vn -0.8314 0.5557 -0.0000
vn -0.8558 0.5174 -0.0000
vn -0.9892 -0.1469 -0.0000
vn 0.2021 -0.9794 -0.0000
vn 0.8643 -0.5029 -0.0000
vn 0.8419 -0.5396 -0.0000
vn 0.8222 -0.5692 -0.0000
vn 0.8045 -0.5939 -0.0000
vn 0.7882 -0.6154 -0.0000
vn 0.7727 -0.6347 -0.0000
vn 0.7576 -0.6527 -0.0000
vn 0.7425 -0.6698 -0.0000
vn 0.7268 -0.6868 -0.0000
vn 0.7101 -0.7041 -0.0000
vn 0.6917 -0.7221 -0.0000
vn 0.9998 0.0175 -0.0000
vn -0.0068 1.0000 -0.0000
vn -0.8919 0.4521 -0.0000
vn -0.8981 0.4399 -0.0000
vn -0.9037 0.4281 -0.0000
vn -0.9091 0.4166 -0.0000
vn -0.9143 0.4051 -0.0000
vn -0.9194 0.3933 -0.0000
vn -0.9246 0.3809 -0.0000
vn -0.9300 0.3677 -0.0000
vn -0.9356 0.3531 -0.0000
vn -0.9416 0.3367 -0.0000
vn -0.9481 0.3179 -0.0000
vn -0.6245 0.7811 -0.0000
vn 0.3633 -0.9317 -0.0000
vn -0.8299 -0.5579 -0.0000
vn -0.8242 -0.5663 -0.0000
vn -0.8181 -0.5751 -0.0000
vn -0.8115 -0.5843 -0.0000
vn -0.8045 -0.5939 -0.0000
vn -0.7971 -0.6039 -0.0000
vn -0.7891 -0.6142 -0.0000
vn -0.7807 -0.6249 -0.0000
vn -0.7718 -0.6358 -0.0000
vn -0.7625 -0.6470 -0.0000
vn -0.7526 -0.6584 -0.0000
vn 0.1100 -0.9939 -0.0000
vn 0.8454 -0.5341 -0.0000
vn 0.8242 -0.5663 -0.0000
vn 0.8081 -0.5890 -0.0000
vn 0.7952 -0.6063 -0.0000
vn 0.7843 -0.6204 -0.0000
vn 0.7747 -0.6324 -0.0000
vn 0.7656 -0.6433 -0.0000
vn 0.7566 -0.6539 -0.0000
vn 0.7471 -0.6647 -0.0000
vn 0.7364 -0.6766 -0.0000
vn 0.7231 -0.6907 -0.0000
vn 0.9999 -0.0159 -0.0000
vn 0.7572 0.6532 -0.0000
vn 0.7875 0.6163 -0.0000
vn 0.8139 0.5811 -0.0000
vn 0.8370 0.5472 -0.0000
vn 0.8575 0.5145 -0.0000
vn 0.8758 0.4826 -0.0000
vn 0.8923 0.4514 -0.0000
vn 0.9073 0.4204 -0.0000
vn 0.9210 0.3895 -0.0000
vn 0.9336 0.3583 -0.0000
vn 0.9451 0.3266 -0.0000
vn 0.5168 0.8561 -0.0000
vn -0.9086 0.4176 -0.0000
vn -0.9508 -0.3098 -0.0000
vn -0.9475 -0.3197 -0.0000
vn -0.9441 -0.3295 -0.0000
vn -0.9407 -0.3393 -0.0000
vn -0.9371 -0.3490 -0.0000
vn -0.9335 -0.3586 -0.0000
vn -0.9298 -0.3680 -0.0000
vn -0.9261 -0.3774 -0.0000
vn -0.9222 -0.3866 -0.0000
vn -0.9184 -0.3958 -0.0000
vn -0.9144 -0.4047 -0.0000
vn -0.8838 0.4679 -0.0000
vn 0.8606 0.5093 -0.0000
vn 0.9440 -0.3298 -0.0000
vn 0.9398 -0.3416 -0.0000
vn 0.9358 -0.3526 -0.0000
vn 0.9318 -0.3629 -0.0000
vn 0.9279 -0.3728 -0.0000
vn 0.9240 -0.3824 -0.0000
vn 0.9201 -0.3918 -0.0000
vn 0.9160 -0.4013 -0.0000
vn 0.9117 -0.4109 -0.0000
vn 0.9072 -0.4208 -0.0000
vn 0.9022 -0.4313 -0.0000
vn 0.9381 0.3463 -0.0000
vn -0.4261 0.9047 -0.0000
vn -0.4187 0.9081 -0.0000
vn -0.4677 0.8839 -0.0000
vn -0.5046 0.8634 -0.0000
vn -0.5311 0.8473 -0.0000
vn -0.5489 0.8359 -0.0000
vn -0.5592 0.8290 -0.0000
vn -0.5632 0.8263 -0.0000
vn -0.5619 0.8272 -0.0000
vn -0.5560 0.8312 -0.0000
vn -0.5462 0.8377 -0.0000
vn -0.5329 0.8462 -0.0000
vn -0.5054 0.8629 -0.0000
vn -0.4495 0.8933 -0.0000
vn -0.3798 0.9251 -0.0000
vn -0.3149 0.9491 -0.0000
vn -0.2560 0.9667 -0.0000
vn -0.2036 0.9791 -0.0000
vn -0.1578 0.9875 -0.0000
vn -0.1182 0.9930 -0.0000
vn -0.0847 0.9964 -0.0000
vn -0.0566 0.9984 -0.0000
vn -0.0335 0.9994 -0.0000
vn -0.0150 0.9999 -0.0000
vn -0.0010 1.0000 -0.0000
vn 0.0094 1.0000 -0.0000
vn 0.0180 0.9998 -0.0000
vn 0.0260 0.9997 -0.0000
vn 0.0337 0.9994 -0.0000
vn 0.0413 0.9991 -0.0000
vn 0.0490 0.9988 -0.0000
vn 0.0570 0.9984 -0.0000
vn 0.0657 0.9978 -0.0000
vn 0.0753 0.9972 -0.0000
vn 0.0863 0.9963 -0.0000
vn 0.0992 0.9951 -0.0000
vn -0.8508 0.5255 -0.0000
vn -0.9344 -0.3562 -0.0000
vn -0.9425 -0.3343 -0.0000
vn -0.9490 -0.3153 -0.0000
vn -0.9547 -0.2977 -0.0000
vn -0.9598 -0.2806 -0.0000
vn -0.9648 -0.2631 -0.0000
vn -0.9697 -0.2443 -0.0000
vn -0.9748 -0.2232 -0.0000
vn -0.9801 -0.1985 -0.0000
vn -0.9858 -0.1682 -0.0000
vn -0.9916 -0.1291 -0.0000
vn -0.7337 -0.6795 -0.0000
vn -0.0633 -0.9980 -0.0000
vn -0.0548 -0.9985 -0.0000
vn -0.0484 -0.9988 -0.0000
vn -0.0431 -0.9991 -0.0000
vn -0.0384 -0.9993 -0.0000
vn -0.0340 -0.9994 -0.0000
vn -0.0298 -0.9996 -0.0000
vn -0.0253 -0.9997 -0.0000
vn -0.0150 -0.9999 -0.0000
vn -0.0082 -1.0000 -0.0000
vn 0.0025 -1.0000 -0.0000
vn 0.0203 -0.9998 -0.0000
vn 0.0439 -0.9990 -0.0000
vn 0.0717 -0.9974 -0.0000
vn 0.1039 -0.9946 -0.0000
vn 0.1409 -0.9900 -0.0000
vn 0.1825 -0.9832 -0.0000
vn 0.2288 -0.9735 -0.0000
vn 0.2792 -0.9602 -0.0000
vn 0.3331 -0.9429 -0.0000
vn 0.3894 -0.9211 -0.0000
vn 0.4469 -0.8946 -0.0000
vn 0.5141 -0.8578 -0.0000
vn 0.5602 -0.8284 -0.0000
vn 0.5747 -0.8183 -0.0000
vn 0.5830 -0.8124 -0.0000
vn 0.5848 -0.8112 -0.0000
vn 0.5791 -0.8153 -0.0000
vn 0.5646 -0.8254 -0.0000
vn 0.5387 -0.8425 -0.0000
vn 0.4972 -0.8676 -0.0000
vn 0.4337 -0.9011 -0.0000
vn 0.3375 -0.9413 -0.0000
vn 0.1944 -0.9809 -0.0000
vn -0.0174 -0.9998 -0.0000
vn -0.2571 -0.9664 -0.0000
vn -0.4432 -0.8964 -0.0000
vn -0.5653 -0.8249 -0.0000
vn -0.6456 -0.7637 -0.0000
vn -0.7000 -0.7142 -0.0000
vn -0.7380 -0.6748 -0.0000
vn -0.7652 -0.6437 -0.0000
vn -0.7852 -0.6192 -0.0000
vn -0.8000 -0.6000 -0.0000
vn -0.8109 -0.5851 -0.0000
vn -0.8188 -0.5740 -0.0000
vn 0.0036 -1.0000 -0.0000
vn 0.9975 0.0701 -0.0000
vn 0.7201 0.6939 -0.0000
vn 0.7067 0.7075 -0.0000
vn 0.6919 0.7219 -0.0000
vn 0.6755 0.7373 -0.0000
vn 0.6571 0.7538 -0.0000
vn 0.6363 0.7714 -0.0000
vn 0.6126 0.7904 -0.0000
vn 0.5853 0.8108 -0.0000
vn 0.5537 0.8327 -0.0000
vn 0.5167 0.8562 -0.0000
vn 0.4730 0.8811 -0.0000
vn 0.8693 0.4944 -0.0000
vn -0.8553 0.5181 -0.0000
vn 0.0558 -0.9984 -0.0000
vn 0.8097 -0.5869 -0.0000
vn 0.7931 -0.6091 -0.0000
vn 0.7787 -0.6274 -0.0000
vn 0.7658 -0.6431 -0.0000
vn 0.7537 -0.6573 -0.0000
vn 0.7419 -0.6705 -0.0000
vn 0.7301 -0.6833 -0.0000
vn 0.7176 -0.6964 -0.0000
vn 0.7038 -0.7104 -0.0000
vn 0.6876 -0.7261 -0.0000
vn 0.6675 -0.7446 -0.0000
vn 0.9979 -0.0644 -0.0000
vn 0.1027 0.9947 -0.0000
vn -0.6448 0.7643 -0.0000
vn -0.6677 0.7444 -0.0000
vn -0.6857 0.7279 -0.0000
vn -0.7008 0.7134 -0.0000
vn -0.7141 0.7000 -0.0000
vn -0.7266 0.6871 -0.0000
vn -0.7388 0.6740 -0.0000
vn -0.7513 0.6599 -0.0000
vn -0.7648 0.6442 -0.0000
vn -0.7802 0.6256 -0.0000
vn -0.7983 0.6022 -0.0000
vn -0.9994 -0.0342 -0.0000
vn 0.9973 -0.0736 -0.0000
vn 0.9881 -0.1537 -0.0000
vn 0.9703 -0.2419 -0.0000
vn 0.9410 -0.3385 -0.0000
vn 0.8964 -0.4432 -0.0000
vn 0.8324 -0.5542 -0.0000
vn 0.7446 -0.6675 -0.0000
vn 0.6306 -0.7761 -0.0000
vn 0.4912 -0.8710 -0.0000
vn 0.3327 -0.9430 -0.0000
vn 0.1654 -0.9862 -0.0000
vn -0.0102 -0.9999 -0.0000
vn -0.1996 -0.9799 -0.0000
vn -0.3834 -0.9236 -0.0000
vn -0.5402 -0.8415 -0.0000
vn -0.6668 -0.7452 -0.0000
vn -0.7654 -0.6436 -0.0000
vn -0.8404 -0.5419 -0.0000
vn -0.8966 -0.4429 -0.0000
vn -0.9377 -0.3475 -0.0000
vn -0.9667 -0.2559 -0.0000
vn -0.9858 -0.1677 -0.0000
vn -0.9966 -0.0825 -0.0000
vn -1.0000 0.0012 -0.0000
vn -0.9961 0.0886 -0.0000
vn -0.9832 0.1823 -0.0000
vn -0.9598 0.2808 -0.0000
vn -0.9236 0.3835 -0.0000
vn -0.8724 0.4887 -0.0000
vn -0.8042 0.5944 -0.0000
vn -0.7166 0.6974 -0.0000
vn -0.6085 0.7936 -0.0000
vn -0.4795 0.8775 -0.0000
vn -0.3317 0.9434 -0.0000
vn -0.1695 0.9855 -0.0000
vn 0.0162 0.9999 -0.0000
vn 0.2394 0.9709 -0.0000
vn 0.4661 0.8847 -0.0000
vn 0.6500 0.7599 -0.0000
vn 0.7808 0.6248 -0.0000
vn 0.8666 0.4990 -0.0000
vn 0.9207 0.3902 -0.0000
vn 0.9544 0.2985 -0.0000
vn 0.9752 0.2213 -0.0000
vn 0.9878 0.1556 -0.0000
vn 0.9951 0.0985 -0.0000
vn 0.9989 0.0474 -0.0000
vn 1.0000 -0.0061 -0.0000
vn -1.0000 -0.0012 -0.0000
vn -0.9979 0.0643 -0.0000
vn -0.9861 0.1664 -0.0000
vn -0.9485 0.3168 -0.0000
vn -0.8639 0.5037 -0.0000
vn -0.7234 0.6904 -0.0000
vn -0.5508 0.8346 -0.0000
vn -0.3863 0.9224 -0.0000
vn -0.2539 0.9672 -0.0000
vn -0.1561 0.9877 -0.0000
vn -0.0861 0.9963 -0.0000
vn -0.0365 0.9993 -0.0000
vn -0.0014 1.0000 -0.0000
vn 0.0246 0.9997 -0.0000
vn 0.0464 0.9989 -0.0000
vn 0.0659 0.9978 -0.0000
vn 0.0841 0.9965 -0.0000
vn 0.1019 0.9948 -0.0000
vn 0.1390 0.9903 -0.0000
vn 0.1602 0.9871 -0.0000
vn 0.1848 0.9828 -0.0000
vn 0.2149 0.9766 -0.0000
vn 0.2539 0.9672 -0.0000
vn 0.3132 0.9497 -0.0000
vn 0.3886 0.9214 -0.0000
vn 0.4700 0.8827 -0.0000
vn 0.5586 0.8294 -0.0000
vn 0.6503 0.7597 -0.0000
vn 0.7390 0.6737 -0.0000
vn 0.8186 0.5744 -0.0000
vn 0.8842 0.4671 -0.0000
vn 0.9335 0.3586 -0.0000
vn 0.9670 0.2547 -0.0000
vn 0.9872 0.1594 -0.0000
vn 0.9972 0.0748 -0.0000
vn 0.9999 0.0167 -0.0000
vn 1.0000 -0.0043 -0.0000
vn 1.0000 -0.0097 -0.0000
vn 0.9999 -0.0162 -0.0000
vn 0.9997 -0.0237 -0.0000
vn 0.9995 -0.0323 -0.0000
vn 0.9991 -0.0418 -0.0000
vn 0.9986 -0.0520 -0.0000
vn 0.9980 -0.0628 -0.0000
vn 0.9973 -0.0740 -0.0000
vn 0.9964 -0.0853 -0.0000
vn 0.9953 -0.0967 -0.0000
vn 0.6930 0.7209 -0.0000
vn -0.8347 0.5507 -0.0000
vn -0.9998 0.0218 -0.0000
vn -0.9998 0.0214 -0.0000
vn -0.9998 0.0198 -0.0000
vn -0.9999 0.0166 -0.0000
vn -0.9999 0.0121 -0.0000
vn -1.0000 0.0063 -0.0000
vn -1.0000 -0.0007 -0.0000
vn -1.0000 -0.0085 -0.0000
vn -0.9999 -0.0170 -0.0000
vn -0.9997 -0.0256 -0.0000
vn -0.9994 -0.0341 -0.0000
vn -0.9987 -0.0512 -0.0000
vn -0.9954 -0.0959 -0.0000
vn -0.9860 -0.1668 -0.0000
vn -0.9677 -0.2520 -0.0000
vn -0.9364 -0.3508 -0.0000
vn -0.8881 -0.4596 -0.0000
vn -0.8207 -0.5713 -0.0000
vn -0.7359 -0.6771 -0.0000
vn -0.6398 -0.7686 -0.0000
vn -0.5408 -0.8412 -0.0000
vn -0.4469 -0.8946 -0.0000
vn -0.3633 -0.9317 -0.0000
vn -0.2985 -0.9544 -0.0000
vn -0.2472 -0.9690 -0.0000
vn -0.2034 -0.9791 -0.0000
vn -0.1709 -0.9853 -0.0000
vn -0.1452 -0.9894 -0.0000
vn -0.1239 -0.9923 -0.0000
vn -0.1053 -0.9944 -0.0000
vn -0.0884 -0.9961 -0.0000
vn -0.0723 -0.9974 -0.0000
vn -0.0562 -0.9984 -0.0000
vn -0.0394 -0.9992 -0.0000
vn -0.0209 -0.9998 -0.0000
vn 0.0064 -1.0000 -0.0000
vn 0.0529 -0.9986 -0.0000
vn 0.1196 -0.9928 -0.0000
vn 0.2060 -0.9785 -0.0000
vn 0.3163 -0.9486 -0.0000
vn 0.4515 -0.8923 -0.0000
vn 0.6034 -0.7974 -0.0000
vn 0.7513 -0.6600 -0.0000
vn 0.8695 -0.4939 -0.0000
vn 0.9449 -0.3273 -0.0000
vn 0.9828 -0.1849 -0.0000
vn 0.9970 -0.0774 -0.0000
vn 1.0000 -0.0074 -0.0000
vn 0.6973 -0.7168 -0.0000
vn -0.1830 -0.9831 -0.0000
vn -0.1632 -0.9866 -0.0000
vn -0.1439 -0.9896 -0.0000
vn -0.1250 -0.9922 -0.0000
vn -0.1065 -0.9943 -0.0000
vn -0.0883 -0.9961 -0.0000
vn -0.0703 -0.9975 -0.0000
vn -0.0526 -0.9986 -0.0000
vn -0.0350 -0.9994 -0.0000
vn 0.0315 -0.9995 -0.0000
vn 0.1418 -0.9899 -0.0000
vn 0.2791 -0.9603 -0.0000
vn 0.4112 -0.9115 -0.0000
vn 0.5363 -0.8441 -0.0000
vn 0.6511 -0.7590 -0.0000
vn 0.7522 -0.6589 -0.0000
vn 0.8365 -0.5480 -0.0000
vn 0.9021 -0.4315 -0.0000
vn 0.9492 -0.3147 -0.0000
vn 0.9794 -0.2021 -0.0000
vn 0.9953 -0.0969 -0.0000
vn 1.0000 -0.0001 -0.0000
vn 0.9957 0.0922 -0.0000
vn 0.9829 0.1843 -0.0000
vn 0.9609 0.2770 -0.0000
vn 0.9285 0.3713 -0.0000
vn 0.8837 0.4680 -0.0000
vn 0.8236 0.5671 -0.0000
vn 0.7444 0.6677 -0.0000
vn 0.6421 0.7666 -0.0000
vn 0.5136 0.8580 -0.0000
vn 0.3590 0.9333 -0.0000
vn 0.1840 0.9829 -0.0000
vn 0.0412 0.9992 -0.0000
vn -0.0196 0.9998 -0.0000
vn -0.0397 0.9992 -0.0000
vn -0.0605 0.9982 -0.0000
vn -0.0820 0.9966 -0.0000
vn -0.1041 0.9946 -0.0000
vn -0.1269 0.9919 -0.0000
vn -0.1504 0.9886 -0.0000
vn -0.1744 0.9847 -0.0000
vn -0.1991 0.9800 -0.0000
vn -0.2244 0.9745 -0.0000
vn -0.2502 0.9682 -0.0000
vn 0.6730 0.7397 -0.0000
vn 0.7460 -0.6660 -0.0000
vn -0.0123 -0.9999 -0.0000
vn 0.0128 -0.9999 -0.0000
vn 0.0248 -0.9997 -0.0000
vn 0.0362 -0.9993 -0.0000
vn 0.0473 -0.9989 -0.0000
vn 0.0581 -0.9983 -0.0000
vn 0.0688 -0.9976 -0.0000
vn 0.0796 -0.9968 -0.0000
vn 0.0905 -0.9959 -0.0000
vn 0.1016 -0.9948 -0.0000
vn 0.1132 -0.9936 -0.0000
vn 0.1251 -0.9921 -0.0000
vn 0.7741 -0.6331 -0.0000
vn 0.7234 0.6904 -0.0000
vn -0.1641 0.9865 -0.0000
vn -0.1543 0.9880 -0.0000
vn -0.1435 0.9897 -0.0000
vn -0.1316 0.9913 -0.0000
vn -0.1185 0.9930 -0.0000
vn -0.1044 0.9945 -0.0000
vn -0.0892 0.9960 -0.0000
vn -0.0730 0.9973 -0.0000
vn -0.0559 0.9984 -0.0000
vn -0.0379 0.9993 -0.0000
vn -0.0192 0.9998 -0.0000
vn 0.0088 1.0000 -0.0000
vn 0.7625 0.6470 -0.0000
vn 1.0000 -0.0019 -0.0000
vn 1.0000 -0.0080 -0.0000
vn 0.9999 -0.0168 -0.0000
vn 0.9996 -0.0269 -0.0000
vn 0.9993 -0.0386 -0.0000
vn 0.9977 -0.0676 -0.0000
vn 0.9963 -0.0857 -0.0000
vn 0.9943 -0.1069 -0.0000
vn 0.9913 -0.1319 -0.0000
vn 0.9868 -0.1619 -0.0000
vn 0.9802 -0.1981 -0.0000
vn 0.8293 0.5588 -0.0000
vn -0.7961 0.6052 -0.0000
vn -0.9940 -0.1095 -0.0000
vn -0.9952 -0.0976 -0.0000
vn -0.9962 -0.0870 -0.0000
vn -0.9970 -0.0773 -0.0000
vn -0.9977 -0.0681 -0.0000
vn -0.9983 -0.0591 -0.0000
vn -0.9987 -0.0501 -0.0000
vn -0.9992 -0.0410 -0.0000
vn -0.9995 -0.0316 -0.0000
vn -0.9998 -0.0217 -0.0000
vn -0.9999 -0.0111 -0.0000
vn -1.0000 -0.0029 -0.0000
vn -0.7153 0.6988 -0.0000
vn 0.1406 0.9901 -0.0000
vn 0.1544 0.9880 -0.0000
vn 0.1681 0.9858 -0.0000
vn 0.1818 0.9833 -0.0000
vn 0.1955 0.9807 -0.0000
vn 0.2094 0.9778 -0.0000
vn 0.2234 0.9747 -0.0000
vn 0.2375 0.9714 -0.0000
vn 0.2519 0.9678 -0.0000
vn 0.2665 0.9638 -0.0000
vn 0.2814 0.9596 -0.0000
vn -0.6639 0.7478 -0.0000
vn -0.8194 -0.5732 -0.0000
vn -0.2371 -0.9715 -0.0000
vn -0.2233 -0.9748 -0.0000
vn -0.2102 -0.9777 -0.0000
vn -0.1978 -0.9802 -0.0000
vn -0.1859 -0.9826 -0.0000
vn -0.1744 -0.9847 -0.0000
vn -0.1633 -0.9866 -0.0000
vn -0.1525 -0.9883 -0.0000
vn -0.1419 -0.9899 -0.0000
vn -0.1314 -0.9913 -0.0000
vn -0.1211 -0.9926 -0.0000
vn -0.7865 -0.6177 -0.0000
vn -0.9683 0.2499 -0.0000
vn -0.8835 0.4684 -0.0000
vn -0.9074 0.4202 -0.0000
vn -0.9277 0.3732 -0.0000
vn -0.9449 0.3274 -0.0000
vn -0.9592 0.2827 -0.0000
vn -0.9710 0.2392 -0.0000
vn -0.9804 0.1969 -0.0000
vn -0.9878 0.1557 -0.0000
vn -0.9933 0.1154 -0.0000
vn -0.9971 0.0761 -0.0000
vn -0.9993 0.0377 -0.0000
vn -1.0000 0.0009 -0.0000
vn -0.9976 -0.0694 -0.0000
vn -0.9943 -0.1063 -0.0000
vn -0.9893 -0.1457 -0.0000
vn -0.9822 -0.1881 -0.0000
vn -0.9722 -0.2341 -0.0000
vn -0.9587 -0.2844 -0.0000
vn -0.9406 -0.3395 -0.0000
vn -0.9165 -0.3999 -0.0000
vn -0.8849 -0.4658 -0.0000
vn -0.8436 -0.5370 -0.0000
vn -0.9519 -0.3065 -0.0000
vt 0.800000 0.000000
vt 0.806154 0.000000
vt 0.803077 0.000000
vt 0.809231 0.000000
vt 0.796923 0.000000
vt 0.812308 0.000000
vt 0.793846 0.000000
vt 0.815385 0.000000
vt 0.790769 0.000000
vt 0.818462 0.000000
vt 0.787692 0.000000
vt 0.821538 0.000000
vt 0.784615 0.000000
vt 0.824615 0.000000
vt 0.781538 0.000000
vt 0.827692 0.000000
vt 0.778462 0.000000
vt 0.830769 0.000000
vt 0.775385 0.000000
vt 0.833846 0.000000
vt 0.772308 0.000000
vt 0.836923 0.000000
vt 0.769231 0.000000
vt 0.840000 0.000000
vt 0.766154 0.000000
vt 0.843077 0.000000
vt 0.763077 0.000000
vt 0.846154 0.000000
vt 0.036923 0.000000
vt 0.043077 0.000000
vt 0.040000 0.000000
vt 0.880000 0.000000
vt 0.886154 0.000000
vt 0.883077 0.000000
vt 0.876923 0.000000
vt 0.046154 0.000000
vt 0.873846 0.000000
vt 0.870769 0.000000
vt 0.867692 0.000000
vt 0.864615 0.000000
vt 0.049231 0.000000
vt 0.861538 0.000000
vt 0.858462 0.000000
vt 0.855385 0.000000
vt 0.720000 0.000000
vt 0.726154 0.000000
vt 0.723077 0.000000
vt 0.852308 0.000000
vt 0.729231 0.000000
vt 0.849231 0.000000
vt 0.732308 0.000000
vt 0.052308 0.000000
vt 0.735385 0.000000
vt 0.738462 0.000000
vt 0.741538 0.000000
vt 0.744615 0.000000
vt 0.747692 0.000000
vt 0.750769 0.000000
vt 0.760000 0.000000
vt 0.753846 0.000000
vt 0.756923 0.000000
vt 0.033846 0.000000
vt 0.055385 0.000000
vt 0.030769 0.000000
vt 0.058462 0.000000
vt 0.027692 0.000000
vt 0.889231 0.000000
vt 0.892308 0.000000
vt 0.061538 0.000000
vt 0.895385 0.000000
vt 0.024615 0.000000
vt 0.898462 0.000000
vt 0.901538 0.000000
vt 0.904615 0.000000
vt 0.907692 0.000000
vt 0.910769 0.000000
vt 0.913846 0.000000
vt 0.064615 0.000000
vt 0.916923 0.000000
vt 0.021538 0.000000
vt 0.716923 0.000000
vt 0.920000 0.000000
vt 0.713846 0.000000
vt 0.923077 0.000000
vt 0.710769 0.000000
vt 0.680000 0.000000
vt 0.926154 0.000000
vt 0.707692 0.000000
vt 0.704615 0.000000
vt 0.701538 0.000000
vt 0.698462 0.000000
vt 0.695385 0.000000
vt 0.692308 0.000000
vt 0.683077 0.000000
vt 0.676923 0.000000
vt 0.689231 0.000000
vt 0.686154 0.000000
vt 0.067692 0.000000
vt 0.018462 0.000000
vt 0.070769 0.000000
vt 0.015385 0.000000
vt 0.073846 0.000000
vt 0.012308 0.000000
vt 0.076923 0.000000
vt 0.009231 0.000000
vt 0.006154 0.000000
vt 0.003077 0.000000
vt 0.000000 0.000000
vt 0.636923 0.000000
vt 0.643077 0.000000
vt 0.640000 0.000000
vt 0.646154 0.000000
vt 0.649231 0.000000
vt 0.652308 0.000000
vt 0.655385 0.000000
vt 0.658462 0.000000
vt 0.661538 0.000000
vt 0.664615 0.000000
vt 0.667692 0.000000
vt 0.670769 0.000000
vt 0.633846 0.000000
vt 0.673846 0.000000
vt 0.630769 0.000000
vt 0.627692 0.000000
vt 0.624615 0.000000
vt 0.621538 0.000000
vt 0.929231 0.000000
vt 0.932308 0.000000
vt 0.618462 0.000000
vt 0.116923 0.000000
vt 0.113846 0.000000
vt 0.935385 0.000000
vt 0.110769 0.000000
vt 0.107692 0.000000
vt 0.120000 0.000000
vt 0.104615 0.000000
vt 0.938462 0.000000
vt 0.123077 0.000000
vt 0.101538 0.000000
vt 0.098462 0.000000
vt 0.126154 0.000000
vt 0.941538 0.000000
vt 0.615385 0.000000
vt 0.095385 0.000000
vt 0.129231 0.000000
vt 0.944615 0.000000
vt 0.092308 0.000000
vt 0.947692 0.000000
vt 0.132308 0.000000
vt 0.089231 0.000000
vt 0.950769 0.000000
vt 0.612308 0.000000
vt 0.086154 0.000000
vt 0.135385 0.000000
vt 0.953846 0.000000
vt 0.083077 0.000000
vt 0.956923 0.000000
vt 0.138462 0.000000
vt 0.080000 0.000000
vt 0.960000 0.000000
vt 0.609231 0.000000
vt 0.141538 0.000000
vt 0.963077 0.000000
vt 0.224615 0.000000
vt 0.966154 0.000000
vt 0.144615 0.000000
vt 0.221538 0.000000
vt 0.606154 0.000000
vt 0.969231 0.000000
vt 0.147692 0.000000
vt 0.218462 0.000000
vt 0.972308 0.000000
vt 0.603077 0.000000
vt 0.150769 0.000000
vt 0.215385 0.000000
vt 0.975385 0.000000
vt 0.212308 0.000000
vt 0.153846 0.000000
vt 0.978462 0.000000
vt 0.600000 0.000000
vt 0.372308 0.000000
vt 0.378462 0.000000
vt 0.375385 0.000000
vt 0.156923 0.000000
vt 0.209231 0.000000
vt 0.981538 0.000000
vt 0.369231 0.000000
vt 0.160000 0.000000
vt 0.206154 0.000000
vt 0.596923 0.000000
vt 0.366154 0.000000
vt 0.984615 0.000000
vt 0.163077 0.000000
vt 0.381538 0.000000
vt 0.363077 0.000000
vt 0.203077 0.000000
vt 0.166154 0.000000
vt 0.987692 0.000000
vt 0.384615 0.000000
vt 0.360000 0.000000
vt 0.593846 0.000000
vt 0.200000 0.000000
vt 0.169231 0.000000
vt 0.387692 0.000000
vt 0.356923 0.000000
vt 0.990769 0.000000
vt 0.172308 0.000000
vt 0.196923 0.000000
vt 0.390769 0.000000
vt 0.353846 0.000000
vt 0.175385 0.000000
vt 0.193846 0.000000
vt 0.393846 0.000000
vt 0.993846 0.000000
vt 0.590769 0.000000
vt 0.178462 0.000000
vt 0.350769 0.000000
vt 0.181538 0.000000
vt 0.190769 0.000000
vt 0.396923 0.000000
vt 0.184615 0.000000
vt 0.187692 0.000000
vt 0.347692 0.000000
vt 0.996923 0.000000
vt 0.400000 0.000000
vt 0.587692 0.000000
vt 0.344615 0.000000
vt 0.403077 0.000000
vt 1.000000 0.000000
vt 0.341538 0.000000
vt 0.406154 0.000000
vt 0.584615 0.000000
vt 0.227692 0.000000
vt 0.338462 0.000000
vt 0.409231 0.000000
vt 0.335385 0.000000
vt 0.581538 0.000000
vt 0.529231 0.000000
vt 0.412308 0.000000
vt 0.415385 0.000000
vt 0.578462 0.000000
vt 0.332308 0.000000
vt 0.575385 0.000000
vt 0.418462 0.000000
vt 0.572308 0.000000
vt 0.329231 0.000000
vt 0.569231 0.000000
vt 0.532308 0.000000
vt 0.526154 0.000000
vt 0.535385 0.000000
vt 0.538462 0.000000
vt 0.541538 0.000000
vt 0.544615 0.000000
vt 0.547692 0.000000
vt 0.566154 0.000000
vt 0.550769 0.000000
vt 0.553846 0.000000
vt 0.556923 0.000000
vt 0.560000 0.000000
vt 0.563077 0.000000
vt 0.326154 0.000000
vt 0.421538 0.000000
vt 0.230769 0.000000
vt 0.323077 0.000000
vt 0.424615 0.000000
vt 0.233846 0.000000
vt 0.320000 0.000000
vt 0.316923 0.000000
vt 0.236923 0.000000
vt 0.523077 0.000000
vt 0.427692 0.000000
vt 0.313846 0.000000
vt 0.240000 0.000000
vt 0.310769 0.000000
vt 0.243077 0.000000
vt 0.307692 0.000000
vt 0.520000 0.000000
vt 0.430769 0.000000
vt 0.304615 0.000000
vt 0.246154 0.000000
vt 0.301538 0.000000
vt 0.298462 0.000000
vt 0.249231 0.000000
vt 0.295385 0.000000
vt 0.433846 0.000000
vt 0.292308 0.000000
vt 0.516923 0.000000
vt 0.252308 0.000000
vt 0.289231 0.000000
vt 0.286154 0.000000
vt 0.255385 0.000000
vt 0.283077 0.000000
vt 0.280000 0.000000
vt 0.258462 0.000000
vt 0.276923 0.000000
vt 0.273846 0.000000
vt 0.261538 0.000000
vt 0.270769 0.000000
vt 0.436923 0.000000
vt 0.267692 0.000000
vt 0.264615 0.000000
vt 0.513846 0.000000
vt 0.440000 0.000000
vt 0.510769 0.000000
vt 0.443077 0.000000
vt 0.507692 0.000000
vt 0.446154 0.000000
vt 0.449231 0.000000
vt 0.504615 0.000000
vt 0.452308 0.000000
vt 0.501538 0.000000
vt 0.455385 0.000000
vt 0.458462 0.000000
vt 0.498462 0.000000
vt 0.461538 0.000000
vt 0.464615 0.000000
vt 0.467692 0.000000
vt 0.495385 0.000000
vt 0.470769 0.000000
vt 0.473846 0.000000
vt 0.476923 0.000000
vt 0.492308 0.000000
vt 0.480000 0.000000
vt 0.483077 0.000000
vt 0.489231 0.000000
vt 0.486154 0.000000
vt 0.413223 0.000000
vt 0.421488 0.000000
vt 0.417355 0.000000
vt 0.099174 0.000000
vt 0.103306 0.000000
vt 0.524793 0.000000
vt 0.157025 0.000000
vt 0.528926 0.000000
vt 0.425620 0.000000
vt 0.161157 0.000000
vt 0.004132 0.000000
vt 0.429752 0.000000
vt 0.520661 0.000000
vt 0.409091 0.000000
vt 0.165289 0.000000
vt 0.008264 0.000000
vt 0.433884 0.000000
vt 0.516529 0.000000
vt 0.169421 0.000000
vt 0.012397 0.000000
vt 0.512397 0.000000
vt 0.438017 0.000000
vt 0.095041 0.000000
vt 0.173554 0.000000
vt 0.508264 0.000000
vt 0.404959 0.000000
vt 0.442149 0.000000
vt 0.016529 0.000000
vt 0.090909 0.000000
vt 0.504132 0.000000
vt 0.177686 0.000000
vt 0.446281 0.000000
vt 0.020661 0.000000
vt 0.500000 0.000000
vt 0.086777 0.000000
vt 0.181818 0.000000
vt 0.450413 0.000000
vt 0.495868 0.000000
vt 0.024793 0.000000
vt 0.400826 0.000000
vt 0.185950 0.000000
vt 0.082645 0.000000
vt 0.454545 0.000000
vt 0.491736 0.000000
vt 0.190083 0.000000
vt 0.028926 0.000000
vt 0.458678 0.000000
vt 0.078512 0.000000
vt 0.487603 0.000000
vt 0.194215 0.000000
vt 0.462810 0.000000
vt 0.033058 0.000000
vt 0.483471 0.000000
vt 0.396694 0.000000
vt 0.074380 0.000000
vt 0.466942 0.000000
vt 0.198347 0.000000
vt 0.479339 0.000000
vt 0.037190 0.000000
vt 0.070248 0.000000
vt 0.471074 0.000000
vt 0.202479 0.000000
vt 0.475207 0.000000
vt 0.041322 0.000000
vt 0.206612 0.000000
vt 0.210744 0.000000
vt 0.392562 0.000000
vt 0.066116 0.000000
vt 0.045455 0.000000
vt 0.061983 0.000000
vt 0.057851 0.000000
vt 0.053719 0.000000
vt 0.049587 0.000000
vt 0.388430 0.000000
vt 0.384298 0.000000
vt 0.128099 0.000000
vt 0.132231 0.000000
vt 0.123967 0.000000
vt 0.136364 0.000000
vt 0.214876 0.000000
vt 0.219008 0.000000
vt 0.380165 0.000000
vt 0.376033 0.000000
vt 0.268595 0.000000
vt 0.371901 0.000000
vt 0.272727 0.000000
vt 0.264463 0.000000
vt 0.276859 0.000000
vt 0.367769 0.000000
vt 0.280992 0.000000
vt 0.115702 0.000000
vt 0.223140 0.000000
vt 0.227273 0.000000
vt 0.285124 0.000000
vt 0.289256 0.000000
vt 0.363636 0.000000
vt 0.359504 0.000000
vt 0.293388 0.000000
vt 0.355372 0.000000
vt 0.351240 0.000000
vt 0.297521 0.000000
vt 0.347107 0.000000
vt 0.301653 0.000000
vt 0.342975 0.000000
vt 0.338843 0.000000
vt 0.305785 0.000000
vt 0.334711 0.000000
vt 0.309917 0.000000
vt 0.330579 0.000000
vt 0.314050 0.000000
vt 0.326446 0.000000
vt 0.987603 0.000000
vt 0.995868 0.000000
vt 0.991736 0.000000
vt 0.983471 0.000000
vt 0.322314 0.000000
vt 0.318182 0.000000
vt 0.119835 0.000000
vt 0.111570 0.000000
vt 0.107438 0.000000
vt 0.231405 0.000000
vt 0.235537 0.000000
vt 0.979339 0.000000
vt 0.148760 0.000000
vt 0.239669 0.000000
vt 0.243802 0.000000
vt 0.152893 0.000000
vt 0.144628 0.000000
vt 0.140496 0.000000
vt 0.247934 0.000000
vt 0.252066 0.000000
vt 0.256198 0.000000
vt 0.260331 0.000000
vt 0.533058 0.000000
vt 0.537190 0.000000
vt 0.541322 0.000000
vt 0.975207 0.000000
vt 0.545455 0.000000
vt 0.971074 0.000000
vt 0.549587 0.000000
vt 0.553719 0.000000
vt 0.966942 0.000000
vt 0.557851 0.000000
vt 0.962810 0.000000
vt 0.561983 0.000000
vt 0.566116 0.000000
vt 0.958678 0.000000
vt 0.570248 0.000000
vt 0.954545 0.000000
vt 0.574380 0.000000
vt 0.578512 0.000000
vt 0.950413 0.000000
vt 0.582645 0.000000
vt 0.946281 0.000000
vt 0.586777 0.000000
vt 0.942149 0.000000
vt 0.876033 0.000000
vt 0.590909 0.000000
vt 0.880165 0.000000
vt 0.871901 0.000000
vt 0.867769 0.000000
vt 0.884298 0.000000
vt 0.863636 0.000000
vt 0.595041 0.000000
vt 0.888430 0.000000
vt 0.859504 0.000000
vt 0.938017 0.000000
vt 0.673554 0.000000
vt 0.681818 0.000000
vt 0.677686 0.000000
vt 0.599174 0.000000
vt 0.855372 0.000000
vt 0.892562 0.000000
vt 0.669421 0.000000
vt 0.665289 0.000000
vt 0.603306 0.000000
vt 0.851240 0.000000
vt 0.685950 0.000000
vt 0.661157 0.000000
vt 0.933884 0.000000
vt 0.607438 0.000000
vt 0.657025 0.000000
vt 0.896694 0.000000
vt 0.847107 0.000000
vt 0.652893 0.000000
vt 0.611570 0.000000
vt 0.648760 0.000000
vt 0.690083 0.000000
vt 0.615702 0.000000
vt 0.644628 0.000000
vt 0.640496 0.000000
vt 0.619835 0.000000
vt 0.636364 0.000000
vt 0.842975 0.000000
vt 0.623967 0.000000
vt 0.632231 0.000000
vt 0.628099 0.000000
vt 0.900826 0.000000
vt 0.929752 0.000000
vt 0.694215 0.000000
vt 0.838843 0.000000
vt 0.698347 0.000000
vt 0.834711 0.000000
vt 0.904959 0.000000
vt 0.925620 0.000000
vt 0.921488 0.000000
vt 0.917355 0.000000
vt 0.913223 0.000000
vt 0.909091 0.000000
vt 0.830579 0.000000
vt 0.702479 0.000000
vt 0.826446 0.000000
vt 0.706612 0.000000
vt 0.822314 0.000000
vt 0.710744 0.000000
vt 0.818182 0.000000
vt 0.714876 0.000000
vt 0.814050 0.000000
vt 0.719008 0.000000
vt 0.809917 0.000000
vt 0.723140 0.000000
vt 0.805785 0.000000
vt 0.727273 0.000000
vt 0.801653 0.000000
vt 0.797521 0.000000
vt 0.731405 0.000000
vt 0.735537 0.000000
vt 0.739669 0.000000
vt 0.793388 0.000000
vt 0.743802 0.000000
vt 0.747934 0.000000
vt 0.789256 0.000000
vt 0.752066 0.000000
vt 0.756198 0.000000
vt 0.785124 0.000000
vt 0.760331 0.000000
vt 0.764463 0.000000
vt 0.780992 0.000000
vt 0.768595 0.000000
vt 0.772727 0.000000
vt 0.776860 0.000000
vt 0.135802 0.000000
vt 0.148148 0.000000
vt 0.141975 0.000000
vt 0.129630 0.000000
vt 0.123457 0.000000
vt 0.117284 0.000000
vt 0.111111 0.000000
vt 0.104938 0.000000
vt 0.098765 0.000000
vt 0.092593 0.000000
vt 0.086420 0.000000
vt 0.080247 0.000000
vt 0.074074 0.000000
vt 0.067901 0.000000
vt 0.061728 0.000000
vt 0.055556 0.000000
vt 0.049383 0.000000
vt 0.043210 0.000000
vt 0.037037 0.000000
vt 0.030864 0.000000
vt 0.024691 0.000000
vt 0.018519 0.000000
vt 0.012346 0.000000
vt 0.006173 0.000000
vt 0.679012 0.000000
vt 0.672840 0.000000
vt 0.666667 0.000000
vt 0.660494 0.000000
vt 0.654321 0.000000
vt 0.648148 0.000000
vt 0.641975 0.000000
vt 0.635802 0.000000
vt 0.629630 0.000000
vt 0.623457 0.000000
vt 0.617284 0.000000
vt 0.611111 0.000000
vt 0.604938 0.000000
vt 0.598765 0.000000
vt 0.592593 0.000000
vt 0.586420 0.000000
vt 0.580247 0.000000
vt 0.574074 0.000000
vt 0.567901 0.000000
vt 0.561728 0.000000
vt 0.555556 0.000000
vt 0.549383 0.000000
vt 0.524691 0.000000
vt 0.179012 0.000000
vt 0.172840 0.000000
vt 0.166667 0.000000
vt 0.160494 0.000000
vt 0.154321 0.000000
vt 0.185185 0.000000
vt 0.191358 0.000000
vt 0.197531 0.000000
vt 0.203704 0.000000
vt 0.209877 0.000000
vt 0.216049 0.000000
vt 0.543210 0.000000
vt 0.530864 0.000000
vt 0.518519 0.000000
vt 0.222222 0.000000
vt 0.537037 0.000000
vt 0.228395 0.000000
vt 0.512346 0.000000
vt 0.234568 0.000000
vt 0.506173 0.000000
vt 0.240741 0.000000
vt 0.246914 0.000000
vt 0.919753 0.000000
vt 0.932099 0.000000
vt 0.925926 0.000000
vt 0.493827 0.000000
vt 0.938272 0.000000
vt 0.253086 0.000000
vt 0.944444 0.000000
vt 0.913580 0.000000
vt 0.950617 0.000000
vt 0.907407 0.000000
vt 0.487654 0.000000
vt 0.259259 0.000000
vt 0.956790 0.000000
vt 0.759259 0.000000
vt 0.771605 0.000000
vt 0.765432 0.000000
vt 0.901235 0.000000
vt 0.777778 0.000000
vt 0.962963 0.000000
vt 0.895062 0.000000
vt 0.783951 0.000000
vt 0.481481 0.000000
vt 0.753086 0.000000
vt 0.969136 0.000000
vt 0.265432 0.000000
vt 0.888889 0.000000
vt 0.790123 0.000000
vt 0.746914 0.000000
vt 0.975309 0.000000
vt 0.882716 0.000000
vt 0.796296 0.000000
vt 0.740741 0.000000
vt 0.981481 0.000000
vt 0.876543 0.000000
vt 0.475309 0.000000
vt 0.802469 0.000000
vt 0.271605 0.000000
vt 0.734568 0.000000
vt 0.870370 0.000000
vt 0.987654 0.000000
vt 0.808642 0.000000
vt 0.728395 0.000000
vt 0.864198 0.000000
vt 0.993827 0.000000
vt 0.722222 0.000000
vt 0.814815 0.000000
vt 0.469136 0.000000
vt 0.858025 0.000000
vt 0.277778 0.000000
vt 0.716049 0.000000
vt 0.820988 0.000000
vt 0.851852 0.000000
vt 0.845679 0.000000
vt 0.709877 0.000000
vt 0.827160 0.000000
vt 0.703704 0.000000
vt 0.833333 0.000000
vt 0.462963 0.000000
vt 0.283951 0.000000
vt 0.697531 0.000000
vt 0.839506 0.000000
vt 0.691358 0.000000
vt 0.685185 0.000000
vt 0.290123 0.000000
vt 0.456790 0.000000
vt 0.296296 0.000000
vt 0.450617 0.000000
vt 0.302469 0.000000
vt 0.444444 0.000000
vt 0.308642 0.000000
vt 0.438272 0.000000
vt 0.314815 0.000000
vt 0.432099 0.000000
vt 0.320988 0.000000
vt 0.327161 0.000000
vt 0.425926 0.000000
vt 0.333333 0.000000
vt 0.419753 0.000000
vt 0.339506 0.000000
vt 0.345679 0.000000
vt 0.413580 0.000000
vt 0.351852 0.000000
vt 0.358025 0.000000
vt 0.364198 0.000000
vt 0.370370 0.000000
vt 0.407407 0.000000
vt 0.376543 0.000000
vt 0.401235 0.000000
vt 0.395062 0.000000
vt 0.388889 0.000000
vt 0.382716 0.000000
vt 0.821918 0.000000
vt 0.849315 0.000000
vt 0.835616 0.000000
vt 0.301370 0.000000
vt 0.328767 0.000000
vt 0.315068 0.000000
vt 0.863014 0.000000
vt 0.287671 0.000000
vt 0.876712 0.000000
vt 0.273973 0.000000
vt 0.890411 0.000000
vt 0.260274 0.000000
vt 0.904110 0.000000
vt 0.246575 0.000000
vt 0.917808 0.000000
vt 0.232877 0.000000
vt 0.931507 0.000000
vt 0.219178 0.000000
vt 0.945205 0.000000
vt 0.205479 0.000000
vt 0.958904 0.000000
vt 0.191781 0.000000
vt 0.972603 0.000000
vt 0.178082 0.000000
vt 0.986301 0.000000
vt 0.164384 0.000000
vt 0.150685 0.000000
vt 0.013699 0.000000
vt 0.027397 0.000000
vt 0.041096 0.000000
vt 0.054795 0.000000
vt 0.068493 0.000000
vt 0.082192 0.000000
vt 0.095890 0.000000
vt 0.109589 0.000000
vt 0.123288 0.000000
vt 0.136986 0.000000
vt 0.808219 0.000000
vt 0.794521 0.000000
vt 0.780822 0.000000
vt 0.767123 0.000000
vt 0.753425 0.000000
vt 0.739726 0.000000
vt 0.726027 0.000000
vt 0.712329 0.000000
vt 0.698630 0.000000
vt 0.684932 0.000000
vt 0.671233 0.000000
vt 0.657534 0.000000
vt 0.643836 0.000000
vt 0.630137 0.000000
vt 0.616438 0.000000
vt 0.589041 0.000000
vt 0.547945 0.000000
vt 0.506849 0.000000
vt 0.493151 0.000000
vt 0.479452 0.000000
vt 0.465753 0.000000
vt 0.452055 0.000000
vt 0.438356 0.000000
vt 0.424658 0.000000
vt 0.410959 0.000000
vt 0.397260 0.000000
vt 0.602740 0.000000
vt 0.575342 0.000000
vt 0.561644 0.000000
vt 0.534247 0.000000
vt 0.520548 0.000000
vt 0.383562 0.000000
vt 0.369863 0.000000
vt 0.356164 0.000000
vt 0.342466 0.000000
vt 0.304348 0.000000
vt 0.314010 0.000000
vt 0.309179 0.000000
vt 0.318841 0.000000
vt 0.323671 0.000000
vt 0.328502 0.000000
vt 0.299517 0.000000
vt 0.294686 0.000000
vt 0.289855 0.000000
vt 0.338164 0.000000
vt 0.285024 0.000000
vt 0.342995 0.000000
vt 0.280193 0.000000
vt 0.347826 0.000000
vt 0.275362 0.000000
vt 0.352657 0.000000
vt 0.270531 0.000000
vt 0.357488 0.000000
vt 0.265700 0.000000
vt 0.362319 0.000000
vt 0.260870 0.000000
vt 0.367150 0.000000
vt 0.256039 0.000000
vt 0.371981 0.000000
vt 0.251208 0.000000
vt 0.246377 0.000000
vt 0.241546 0.000000
vt 0.483092 0.000000
vt 0.492754 0.000000
vt 0.487923 0.000000
vt 0.478261 0.000000
vt 0.473430 0.000000
vt 0.468599 0.000000
vt 0.463768 0.000000
vt 0.458937 0.000000
vt 0.454106 0.000000
vt 0.449275 0.000000
vt 0.439614 0.000000
vt 0.434783 0.000000
vt 0.429952 0.000000
vt 0.425121 0.000000
vt 0.420290 0.000000
vt 0.415459 0.000000
vt 0.410628 0.000000
vt 0.405797 0.000000
vt 0.400966 0.000000
vt 0.396135 0.000000
vt 0.391304 0.000000
vt 0.386473 0.000000
vt 0.381643 0.000000
vt 0.376812 0.000000
vt 0.236715 0.000000
vt 0.231884 0.000000
vt 0.227053 0.000000
vt 0.217391 0.000000
vt 0.497585 0.000000
vt 0.502415 0.000000
vt 0.507246 0.000000
vt 0.212560 0.000000
vt 0.512077 0.000000
vt 0.516908 0.000000
vt 0.521739 0.000000
vt 0.207729 0.000000
vt 0.526570 0.000000
vt 0.531401 0.000000
vt 0.536232 0.000000
vt 0.202899 0.000000
vt 0.541063 0.000000
vt 0.545894 0.000000
vt 0.550725 0.000000
vt 0.198068 0.000000
vt 0.193237 0.000000
vt 0.188406 0.000000
vt 0.183575 0.000000
vt 0.178744 0.000000
vt 0.173913 0.000000
vt 0.169082 0.000000
vt 0.164251 0.000000
vt 0.159420 0.000000
vt 0.154589 0.000000
vt 0.149758 0.000000
vt 0.144928 0.000000
vt 0.140097 0.000000
vt 0.135266 0.000000
vt 0.130435 0.000000
vt 0.125604 0.000000
vt 0.120773 0.000000
vt 0.115942 0.000000
vt 0.106280 0.000000
vt 0.101449 0.000000
vt 0.096618 0.000000
vt 0.091787 0.000000
vt 0.086957 0.000000
vt 0.082126 0.000000
vt 0.077295 0.000000
vt 0.072464 0.000000
vt 0.067633 0.000000
vt 0.062802 0.000000
vt 0.057971 0.000000
vt 0.560386 0.000000
vt 0.053140 0.000000
vt 0.618357 0.000000
vt 0.628019 0.000000
vt 0.623188 0.000000
vt 0.613527 0.000000
vt 0.608696 0.000000
vt 0.603865 0.000000
vt 0.599034 0.000000
vt 0.594203 0.000000
vt 0.589372 0.000000
vt 0.584541 0.000000
vt 0.579710 0.000000
vt 0.574879 0.000000
vt 0.570048 0.000000
vt 0.565217 0.000000
vt 0.048309 0.000000
vt 0.043478 0.000000
vt 0.038647 0.000000
vt 0.632850 0.000000
vt 0.637681 0.000000
vt 0.642512 0.000000
vt 0.647343 0.000000
vt 0.652174 0.000000
vt 0.657005 0.000000
vt 0.033816 0.000000
vt 0.661836 0.000000
vt 0.671498 0.000000
vt 0.028986 0.000000
vt 0.676328 0.000000
vt 0.681159 0.000000
vt 0.685990 0.000000
vt 0.024155 0.000000
vt 0.690821 0.000000
vt 0.019324 0.000000
vt 0.014493 0.000000
vt 0.009662 0.000000
vt 0.004831 0.000000
vt 0.995169 0.000000
vt 0.990338 0.000000
vt 0.985507 0.000000
vt 0.980676 0.000000
vt 0.975845 0.000000
vt 0.971014 0.000000
vt 0.966184 0.000000
vt 0.961353 0.000000
vt 0.956522 0.000000
vt 0.951691 0.000000
vt 0.946860 0.000000
vt 0.942029 0.000000
vt 0.937198 0.000000
vt 0.932367 0.000000
vt 0.927536 0.000000
vt 0.922705 0.000000
vt 0.917874 0.000000
vt 0.913043 0.000000
vt 0.908213 0.000000
vt 0.903382 0.000000
vt 0.898551 0.000000
vt 0.893720 0.000000
vt 0.874396 0.000000
vt 0.869565 0.000000
vt 0.864734 0.000000
vt 0.859903 0.000000
vt 0.855072 0.000000
vt 0.850242 0.000000
vt 0.845411 0.000000
vt 0.840580 0.000000
vt 0.835749 0.000000
vt 0.830918 0.000000
vt 0.826087 0.000000
vt 0.821256 0.000000
vt 0.695652 0.000000
vt 0.816425 0.000000
vt 0.884058 0.000000
vt 0.879227 0.000000
vt 0.700483 0.000000
vt 0.705314 0.000000
vt 0.811594 0.000000
vt 0.710145 0.000000
vt 0.806763 0.000000
vt 0.714976 0.000000
vt 0.801932 0.000000
vt 0.719807 0.000000
vt 0.797101 0.000000
vt 0.724638 0.000000
vt 0.792271 0.000000
vt 0.729469 0.000000
vt 0.787440 0.000000
vt 0.734300 0.000000
vt 0.782609 0.000000
vt 0.739130 0.000000
vt 0.743961 0.000000
vt 0.772947 0.000000
vt 0.748792 0.000000
vt 0.768116 0.000000
vt 0.753623 0.000000
vt 0.758454 0.000000
vt 0.763285 0.000000
vt 0.346939 0.000000
vt 0.367347 0.000000
vt 0.357143 0.000000
vt 0.377551 0.000000
vt 0.336735 0.000000
vt 0.387755 0.000000
vt 0.326531 0.000000
vt 0.397959 0.000000
vt 0.316327 0.000000
vt 0.408163 0.000000
vt 0.306122 0.000000
vt 0.418367 0.000000
vt 0.295918 0.000000
vt 0.428571 0.000000
vt 0.285714 0.000000
vt 0.867347 0.000000
vt 0.877551 0.000000
vt 0.857143 0.000000
vt 0.887755 0.000000
vt 0.846939 0.000000
vt 0.897959 0.000000
vt 0.836735 0.000000
vt 0.438776 0.000000
vt 0.908163 0.000000
vt 0.275510 0.000000
vt 0.826531 0.000000
vt 0.918367 0.000000
vt 0.816327 0.000000
vt 0.928571 0.000000
vt 0.806122 0.000000
vt 0.938776 0.000000
vt 0.795918 0.000000
vt 0.265306 0.000000
vt 0.448980 0.000000
vt 0.948980 0.000000
vt 0.785714 0.000000
vt 0.959184 0.000000
vt 0.775510 0.000000
vt 0.255102 0.000000
vt 0.459184 0.000000
vt 0.969388 0.000000
vt 0.765306 0.000000
vt 0.979592 0.000000
vt 0.755102 0.000000
vt 0.244898 0.000000
vt 0.989796 0.000000
vt 0.469388 0.000000
vt 0.234694 0.000000
vt 0.479592 0.000000
vt 0.224490 0.000000
vt 0.489796 0.000000
vt 0.214286 0.000000
vt 0.510204 0.000000
vt 0.520408 0.000000
vt 0.204082 0.000000
vt 0.530612 0.000000
vt 0.193878 0.000000
vt 0.540816 0.000000
vt 0.724490 0.000000
vt 0.744898 0.000000
vt 0.734694 0.000000
vt 0.551020 0.000000
vt 0.714286 0.000000
vt 0.704082 0.000000
vt 0.183673 0.000000
vt 0.561224 0.000000
vt 0.693878 0.000000
vt 0.683673 0.000000
vt 0.571429 0.000000
vt 0.673469 0.000000
vt 0.581633 0.000000
vt 0.663265 0.000000
vt 0.173469 0.000000
vt 0.653061 0.000000
vt 0.591837 0.000000
vt 0.642857 0.000000
vt 0.602041 0.000000
vt 0.632653 0.000000
vt 0.622449 0.000000
vt 0.612245 0.000000
vt 0.163265 0.000000
vt 0.153061 0.000000
vt 0.010204 0.000000
vt 0.020408 0.000000
vt 0.142857 0.000000
vt 0.030612 0.000000
vt 0.040816 0.000000
vt 0.132653 0.000000
vt 0.051020 0.000000
vt 0.061224 0.000000
vt 0.122449 0.000000
vt 0.071429 0.000000
vt 0.081633 0.000000
vt 0.091837 0.000000
vt 0.112245 0.000000
vt 0.102041 0.000000
vt 0.964912 0.000000
vt 0.982456 0.000000
vt 0.017544 0.000000
vt 0.947368 0.000000
vt 0.929825 0.000000
vt 0.912281 0.000000
vt 0.035088 0.000000
vt 0.052632 0.000000
vt 0.070175 0.000000
vt 0.894737 0.000000
vt 0.087719 0.000000
vt 0.105263 0.000000
vt 0.877193 0.000000
vt 0.122807 0.000000
vt 0.456140 0.000000
vt 0.491228 0.000000
vt 0.473684 0.000000
vt 0.438596 0.000000
vt 0.140351 0.000000
vt 0.421053 0.000000
vt 0.859649 0.000000
vt 0.157895 0.000000
vt 0.403509 0.000000
vt 0.385965 0.000000
vt 0.175439 0.000000
vt 0.368421 0.000000
vt 0.192982 0.000000
vt 0.350877 0.000000
vt 0.210526 0.000000
vt 0.842105 0.000000
vt 0.315789 0.000000
vt 0.228070 0.000000
vt 0.298246 0.000000
vt 0.245614 0.000000
vt 0.280702 0.000000
vt 0.263158 0.000000
vt 0.824561 0.000000
vt 0.807018 0.000000
vt 0.789474 0.000000
vt 0.508772 0.000000
vt 0.771930 0.000000
vt 0.526316 0.000000
vt 0.543860 0.000000
vt 0.754386 0.000000
vt 0.561404 0.000000
vt 0.578947 0.000000
vt 0.596491 0.000000
vt 0.736842 0.000000
vt 0.614035 0.000000
vt 0.631579 0.000000
vt 0.719298 0.000000
vt 0.649123 0.000000
vt 0.701754 0.000000
vt 0.684211 0.000000
vt 0.196429 0.000000
vt 0.232143 0.000000
vt 0.178571 0.000000
vt 0.250000 0.000000
vt 0.160714 0.000000
vt 0.267857 0.000000
vt 0.125000 0.000000
vt 0.946429 0.000000
vt 0.982143 0.000000
vt 0.964286 0.000000
vt 0.107143 0.000000
vt 0.089286 0.000000
vt 0.303571 0.000000
vt 0.321429 0.000000
vt 0.053571 0.000000
vt 0.035714 0.000000
vt 0.339286 0.000000
vt 0.017857 0.000000
vt 0.696429 0.000000
vt 0.910714 0.000000
vt 0.892857 0.000000
vt 0.875000 0.000000
vt 0.839286 0.000000
vt 0.821429 0.000000
vt 0.803571 0.000000
vt 0.767857 0.000000
vt 0.750000 0.000000
vt 0.732143 0.000000
vt 0.678571 0.000000
vt 0.660714 0.000000
vt 0.625000 0.000000
vt 0.375000 0.000000
vt 0.607143 0.000000
vt 0.589286 0.000000
vt 0.392857 0.000000
vt 0.553571 0.000000
vt 0.535714 0.000000
vt 0.410714 0.000000
vt 0.517857 0.000000
vt 0.482143 0.000000
vt 0.464286 0.000000
vt 0.446429 0.000000
vt 0.000000 1.000000
vt 0.083333 1.000000
vt 0.083333 0.000000
vt 0.166667 1.000000
vt 0.250000 1.000000
vt 0.333333 1.000000
vt 0.416667 1.000000
vt 0.416667 0.000000
vt 0.500000 1.000000
vt 0.583333 1.000000
vt 0.583333 0.000000
vt 0.666667 1.000000
vt 0.750000 1.000000
vt 0.833333 1.000000
vt 0.916667 1.000000
vt 0.916667 0.000000
vt 1.000000 1.000000
vt 0.017544 1.000000
vt 0.035088 1.000000
vt 0.052632 1.000000
vt 0.070175 1.000000
vt 0.087719 1.000000
vt 0.105263 1.000000
vt 0.122807 1.000000
vt 0.140351 1.000000
vt 0.157895 1.000000
vt 0.175439 1.000000
vt 0.192982 1.000000
vt 0.210526 1.000000
vt 0.228070 1.000000
vt 0.245614 1.000000
vt 0.263158 1.000000
vt 0.280702 1.000000
vt 0.298246 1.000000
vt 0.315789 1.000000
vt 0.350877 1.000000
vt 0.368421 1.000000
vt 0.385965 1.000000
vt 0.403509 1.000000
vt 0.421053 1.000000
vt 0.438596 1.000000
vt 0.456140 1.000000
vt 0.473684 1.000000
vt 0.491228 1.000000
vt 0.508772 1.000000
vt 0.526316 1.000000
vt 0.543860 1.000000
vt 0.561404 1.000000
vt 0.578947 1.000000
vt 0.596491 1.000000
vt 0.614035 1.000000
vt 0.631579 1.000000
vt 0.649123 1.000000
vt 0.684211 1.000000
vt 0.701754 1.000000
vt 0.719298 1.000000
vt 0.736842 1.000000
vt 0.754386 1.000000
vt 0.771930 1.000000
vt 0.789474 1.000000
vt 0.807018 1.000000
vt 0.824561 1.000000
vt 0.842105 1.000000
vt 0.859649 1.000000
vt 0.877193 1.000000
vt 0.894737 1.000000
vt 0.912281 1.000000
vt 0.929825 1.000000
vt 0.947368 1.000000
vt 0.964912 1.000000
vt 0.982456 1.000000
vt 0.017241 1.000000
vt 0.017241 0.000000
vt 0.034483 1.000000
vt 0.034483 0.000000
vt 0.051724 1.000000
vt 0.051724 0.000000
vt 0.068966 1.000000
vt 0.068966 0.000000
vt 0.086207 1.000000
vt 0.086207 0.000000
vt 0.103448 1.000000
vt 0.103448 0.000000
vt 0.120690 1.000000
vt 0.120690 0.000000
vt 0.137931 1.000000
vt 0.137931 0.000000
vt 0.155172 1.000000
vt 0.155172 0.000000
vt 0.172414 1.000000
vt 0.172414 0.000000
vt 0.189655 1.000000
vt 0.189655 0.000000
vt 0.206897 1.000000
vt 0.206897 0.000000
vt 0.224138 1.000000
vt 0.224138 0.000000
vt 0.241379 1.000000
vt 0.241379 0.000000
vt 0.258621 1.000000
vt 0.258621 0.000000
vt 0.275862 1.000000
vt 0.275862 0.000000
vt 0.293103 1.000000
vt 0.293103 0.000000
vt 0.310345 1.000000
vt 0.310345 0.000000
vt 0.327586 1.000000
vt 0.327586 0.000000
vt 0.344828 1.000000
vt 0.344828 0.000000
vt 0.362069 1.000000
vt 0.362069 0.000000
vt 0.379310 1.000000
vt 0.379310 0.000000
vt 0.396552 1.000000
vt 0.396552 0.000000
vt 0.413793 1.000000
vt 0.413793 0.000000
vt 0.431034 1.000000
vt 0.431034 0.000000
vt 0.448276 1.000000
vt 0.448276 0.000000
vt 0.465517 1.000000
vt 0.465517 0.000000
vt 0.482759 1.000000
vt 0.482759 0.000000
vt 0.517241 1.000000
vt 0.517241 0.000000
vt 0.534483 1.000000
vt 0.534483 0.000000
vt 0.551724 1.000000
vt 0.551724 0.000000
vt 0.568965 1.000000
vt 0.568965 0.000000
vt 0.586207 1.000000
vt 0.586207 0.000000
vt 0.603448 1.000000
vt 0.603448 0.000000
vt 0.620690 1.000000
vt 0.620690 0.000000
vt 0.637931 1.000000
vt 0.637931 0.000000
vt 0.655172 1.000000
vt 0.655172 0.000000
vt 0.672414 1.000000
vt 0.672414 0.000000
vt 0.689655 1.000000
vt 0.689655 0.000000
vt 0.706897 1.000000
vt 0.706897 0.000000
vt 0.724138 1.000000
vt 0.724138 0.000000
vt 0.741379 1.000000
vt 0.741379 0.000000
vt 0.758621 1.000000
vt 0.758621 0.000000
vt 0.775862 1.000000
vt 0.775862 0.000000
vt 0.793103 1.000000
vt 0.793103 0.000000
vt 0.810345 1.000000
vt 0.810345 0.000000
vt 0.827586 1.000000
vt 0.827586 0.000000
vt 0.844828 1.000000
vt 0.844828 0.000000
vt 0.862069 1.000000
vt 0.862069 0.000000
vt 0.879310 1.000000
vt 0.879310 0.000000
vt 0.896552 1.000000
vt 0.896552 0.000000
vt 0.913793 1.000000
vt 0.913793 0.000000
vt 0.931035 1.000000
vt 0.931035 0.000000
vt 0.948276 1.000000
vt 0.948276 0.000000
vt 0.965517 1.000000
vt 0.965517 0.000000
vt 0.982759 1.000000
vt 0.982759 0.000000
vt 0.013514 1.000000
vt 0.013514 0.000000
vt 0.027027 1.000000
vt 0.027027 0.000000
vt 0.040541 1.000000
vt 0.040541 0.000000
vt 0.054054 1.000000
vt 0.054054 0.000000
vt 0.067568 1.000000
vt 0.067568 0.000000
vt 0.081081 1.000000
vt 0.081081 0.000000
vt 0.094595 1.000000
vt 0.094595 0.000000
vt 0.108108 1.000000
vt 0.108108 0.000000
vt 0.121622 1.000000
vt 0.121622 0.000000
vt 0.135135 1.000000
vt 0.135135 0.000000
vt 0.148649 1.000000
vt 0.148649 0.000000
vt 0.162162 1.000000
vt 0.162162 0.000000
vt 0.175676 1.000000
vt 0.175676 0.000000
vt 0.189189 1.000000
vt 0.189189 0.000000
vt 0.202703 1.000000
vt 0.202703 0.000000
vt 0.216216 1.000000
vt 0.216216 0.000000
vt 0.229730 1.000000
vt 0.229730 0.000000
vt 0.243243 1.000000
vt 0.243243 0.000000
vt 0.256757 1.000000
vt 0.256757 0.000000
vt 0.270270 1.000000
vt 0.270270 0.000000
vt 0.283784 1.000000
vt 0.283784 0.000000
vt 0.297297 1.000000
vt 0.297297 0.000000
vt 0.310811 1.000000
vt 0.310811 0.000000
vt 0.324324 1.000000
vt 0.324324 0.000000
vt 0.337838 1.000000
vt 0.337838 0.000000
vt 0.351351 1.000000
vt 0.351351 0.000000
vt 0.364865 1.000000
vt 0.364865 0.000000
vt 0.378378 1.000000
vt 0.378378 0.000000
vt 0.391892 1.000000
vt 0.391892 0.000000
vt 0.405405 1.000000
vt 0.405405 0.000000
vt 0.418919 1.000000
vt 0.418919 0.000000
vt 0.432432 1.000000
vt 0.432432 0.000000
vt 0.445946 1.000000
vt 0.445946 0.000000
vt 0.459459 1.000000
vt 0.459459 0.000000
vt 0.472973 1.000000
vt 0.472973 0.000000
vt 0.486486 1.000000
vt 0.486486 0.000000
vt 0.513514 1.000000
vt 0.513514 0.000000
vt 0.527027 1.000000
vt 0.527027 0.000000
vt 0.540541 1.000000
vt 0.540541 0.000000
vt 0.554054 1.000000
vt 0.554054 0.000000
vt 0.567568 1.000000
vt 0.567568 0.000000
vt 0.581081 1.000000
vt 0.581081 0.000000
vt 0.594595 1.000000
vt 0.594595 0.000000
vt 0.608108 1.000000
vt 0.608108 0.000000
vt 0.621622 1.000000
vt 0.621622 0.000000
vt 0.635135 1.000000
vt 0.635135 0.000000
vt 0.648649 1.000000
vt 0.648649 0.000000
vt 0.662162 1.000000
vt 0.662162 0.000000
vt 0.675676 1.000000
vt 0.675676 0.000000
vt 0.689189 1.000000
vt 0.689189 0.000000
vt 0.702703 1.000000
vt 0.702703 0.000000
vt 0.716216 1.000000
vt 0.716216 0.000000
vt 0.729730 1.000000
vt 0.729730 0.000000
vt 0.743243 1.000000
vt 0.743243 0.000000
vt 0.756757 1.000000
vt 0.756757 0.000000
vt 0.770270 1.000000
vt 0.770270 0.000000
vt 0.783784 1.000000
vt 0.783784 0.000000
vt 0.797297 1.000000
vt 0.797297 0.000000
vt 0.810811 1.000000
vt 0.810811 0.000000
vt 0.824324 1.000000
vt 0.824324 0.000000
vt 0.837838 1.000000
vt 0.837838 0.000000
vt 0.851351 1.000000
vt 0.851351 0.000000
vt 0.864865 1.000000
vt 0.864865 0.000000
vt 0.878378 1.000000
vt 0.878378 0.000000
vt 0.891892 1.000000
vt 0.891892 0.000000
vt 0.905405 1.000000
vt 0.905405 0.000000
vt 0.918919 1.000000
vt 0.918919 0.000000
vt 0.932432 1.000000
vt 0.932432 0.000000
vt 0.945946 1.000000
vt 0.945946 0.000000
vt 0.959459 1.000000
vt 0.959459 0.000000
vt 0.972973 1.000000
vt 0.972973 0.000000
vt 0.986486 1.000000
vt 0.986486 0.000000
vt 0.040000 1.000000
vt 0.080000 1.000000
vt 0.120000 1.000000
vt 0.160000 1.000000
vt 0.200000 1.000000
vt 0.240000 1.000000
vt 0.280000 1.000000
vt 0.320000 1.000000
vt 0.360000 1.000000
vt 0.400000 1.000000
vt 0.440000 1.000000
vt 0.480000 1.000000
vt 0.520000 1.000000
vt 0.560000 1.000000
vt 0.600000 1.000000
vt 0.640000 1.000000
vt 0.680000 1.000000
vt 0.720000 1.000000
vt 0.760000 1.000000
vt 0.800000 1.000000
vt 0.840000 1.000000
vt 0.880000 1.000000
vt 0.920000 1.000000
vt 0.960000 1.000000
vt 0.018182 1.000000
vt 0.018182 0.000000
vt 0.036364 1.000000
vt 0.036364 0.000000
vt 0.054545 1.000000
vt 0.054545 0.000000
vt 0.072727 1.000000
vt 0.072727 0.000000
vt 0.090909 1.000000
vt 0.109091 1.000000
vt 0.109091 0.000000
vt 0.127273 1.000000
vt 0.127273 0.000000
vt 0.145455 1.000000
vt 0.145455 0.000000
vt 0.163636 1.000000
vt 0.163636 0.000000
vt 0.181818 1.000000
vt 0.218182 1.000000
vt 0.218182 0.000000
vt 0.236364 1.000000
vt 0.236364 0.000000
vt 0.254545 1.000000
vt 0.254545 0.000000
vt 0.272727 1.000000
vt 0.290909 1.000000
vt 0.290909 0.000000
vt 0.309091 1.000000
vt 0.309091 0.000000
vt 0.327273 1.000000
vt 0.327273 0.000000
vt 0.345455 1.000000
vt 0.345455 0.000000
vt 0.363636 1.000000
vt 0.381818 1.000000
vt 0.381818 0.000000
vt 0.418182 1.000000
vt 0.418182 0.000000
vt 0.436364 1.000000
vt 0.436364 0.000000
vt 0.454545 1.000000
vt 0.472727 1.000000
vt 0.472727 0.000000
vt 0.490909 1.000000
vt 0.490909 0.000000
vt 0.509091 1.000000
vt 0.509091 0.000000
vt 0.527273 1.000000
vt 0.527273 0.000000
vt 0.545455 1.000000
vt 0.563636 1.000000
vt 0.563636 0.000000
vt 0.581818 1.000000
vt 0.581818 0.000000
vt 0.618182 1.000000
vt 0.618182 0.000000
vt 0.636364 1.000000
vt 0.654545 1.000000
vt 0.654545 0.000000
vt 0.672727 1.000000
vt 0.672727 0.000000
vt 0.690909 1.000000
vt 0.690909 0.000000
vt 0.709091 1.000000
vt 0.709091 0.000000
vt 0.727273 1.000000
vt 0.745455 1.000000
vt 0.745455 0.000000
vt 0.763636 1.000000
vt 0.763636 0.000000
vt 0.781818 1.000000
vt 0.781818 0.000000
vt 0.818182 1.000000
vt 0.836364 1.000000
vt 0.836364 0.000000
vt 0.854545 1.000000
vt 0.854545 0.000000
vt 0.872727 1.000000
vt 0.872727 0.000000
vt 0.890909 1.000000
vt 0.890909 0.000000
vt 0.909091 1.000000
vt 0.927273 1.000000
vt 0.927273 0.000000
vt 0.945455 1.000000
vt 0.945455 0.000000
vt 0.963636 1.000000
vt 0.963636 0.000000
vt 0.981818 1.000000
vt 0.981818 0.000000
vt 0.004808 1.000000
vt 0.004808 0.000000
vt 0.009615 1.000000
vt 0.009615 0.000000
vt 0.014423 1.000000
vt 0.014423 0.000000
vt 0.019231 1.000000
vt 0.019231 0.000000
vt 0.024038 1.000000
vt 0.024038 0.000000
vt 0.028846 1.000000
vt 0.028846 0.000000
vt 0.033654 1.000000
vt 0.033654 0.000000
vt 0.038462 1.000000
vt 0.038462 0.000000
vt 0.043269 1.000000
vt 0.043269 0.000000
vt 0.048077 1.000000
vt 0.048077 0.000000
vt 0.052885 1.000000
vt 0.052885 0.000000
vt 0.057692 1.000000
vt 0.057692 0.000000
vt 0.062500 1.000000
vt 0.062500 0.000000
vt 0.067308 1.000000
vt 0.067308 0.000000
vt 0.072115 1.000000
vt 0.072115 0.000000
vt 0.076923 1.000000
vt 0.081731 1.000000
vt 0.081731 0.000000
vt 0.086538 1.000000
vt 0.086538 0.000000
vt 0.091346 1.000000
vt 0.091346 0.000000
vt 0.096154 1.000000
vt 0.096154 0.000000
vt 0.100962 1.000000
vt 0.100962 0.000000
vt 0.105769 1.000000
vt 0.105769 0.000000
vt 0.110577 1.000000
vt 0.110577 0.000000
vt 0.115385 1.000000
vt 0.115385 0.000000
vt 0.120192 1.000000
vt 0.120192 0.000000
vt 0.125000 1.000000
vt 0.129808 1.000000
vt 0.129808 0.000000
vt 0.134615 1.000000
vt 0.134615 0.000000
vt 0.139423 1.000000
vt 0.139423 0.000000
vt 0.144231 1.000000
vt 0.144231 0.000000
vt 0.149038 1.000000
vt 0.149038 0.000000
vt 0.153846 1.000000
vt 0.158654 1.000000
vt 0.158654 0.000000
vt 0.163462 1.000000
vt 0.163462 0.000000
vt 0.168269 1.000000
vt 0.168269 0.000000
vt 0.173077 1.000000
vt 0.173077 0.000000
vt 0.177885 1.000000
vt 0.177885 0.000000
vt 0.182692 1.000000
vt 0.182692 0.000000
vt 0.187500 1.000000
vt 0.187500 0.000000
vt 0.192308 1.000000
vt 0.192308 0.000000
vt 0.197115 1.000000
vt 0.197115 0.000000
vt 0.201923 1.000000
vt 0.201923 0.000000
vt 0.206731 1.000000
vt 0.206731 0.000000
vt 0.211538 1.000000
vt 0.211538 0.000000
vt 0.216346 1.000000
vt 0.216346 0.000000
vt 0.221154 1.000000
vt 0.221154 0.000000
vt 0.225962 1.000000
vt 0.225962 0.000000
vt 0.230769 1.000000
vt 0.235577 1.000000
vt 0.235577 0.000000
vt 0.240385 1.000000
vt 0.240385 0.000000
vt 0.245192 1.000000
vt 0.245192 0.000000
vt 0.254808 1.000000
vt 0.254808 0.000000
vt 0.259615 1.000000
vt 0.259615 0.000000
vt 0.264423 1.000000
vt 0.264423 0.000000
vt 0.269231 1.000000
vt 0.269231 0.000000
vt 0.274038 1.000000
vt 0.274038 0.000000
vt 0.278846 1.000000
vt 0.278846 0.000000
vt 0.283654 1.000000
vt 0.283654 0.000000
vt 0.288462 1.000000
vt 0.288462 0.000000
vt 0.293269 1.000000
vt 0.293269 0.000000
vt 0.298077 1.000000
vt 0.298077 0.000000
vt 0.302885 1.000000
vt 0.302885 0.000000
vt 0.307692 1.000000
vt 0.312500 1.000000
vt 0.312500 0.000000
vt 0.317308 1.000000
vt 0.317308 0.000000
vt 0.322115 1.000000
vt 0.322115 0.000000
vt 0.326923 1.000000
vt 0.326923 0.000000
vt 0.331731 1.000000
vt 0.331731 0.000000
vt 0.336538 1.000000
vt 0.336538 0.000000
vt 0.341346 1.000000
vt 0.341346 0.000000
vt 0.346154 1.000000
vt 0.346154 0.000000
vt 0.350962 1.000000
vt 0.350962 0.000000
vt 0.355769 1.000000
vt 0.355769 0.000000
vt 0.360577 1.000000
vt 0.360577 0.000000
vt 0.365385 1.000000
vt 0.365385 0.000000
vt 0.370192 1.000000
vt 0.370192 0.000000
vt 0.375000 1.000000
vt 0.379808 1.000000
vt 0.379808 0.000000
vt 0.384615 1.000000
vt 0.389423 1.000000
vt 0.389423 0.000000
vt 0.394231 1.000000
vt 0.394231 0.000000
vt 0.399038 1.000000
vt 0.399038 0.000000
vt 0.403846 1.000000
vt 0.403846 0.000000
vt 0.408654 1.000000
vt 0.408654 0.000000
vt 0.413462 1.000000
vt 0.413462 0.000000
vt 0.418269 1.000000
vt 0.418269 0.000000
vt 0.423077 1.000000
vt 0.423077 0.000000
vt 0.427885 1.000000
vt 0.427885 0.000000
vt 0.432692 1.000000
vt 0.432692 0.000000
vt 0.437500 1.000000
vt 0.437500 0.000000
vt 0.442308 1.000000
vt 0.442308 0.000000
vt 0.447115 1.000000
vt 0.447115 0.000000
vt 0.451923 1.000000
vt 0.451923 0.000000
vt 0.456731 1.000000
vt 0.456731 0.000000
vt 0.461538 1.000000
vt 0.466346 1.000000
vt 0.466346 0.000000
vt 0.471154 1.000000
vt 0.471154 0.000000
vt 0.475962 1.000000
vt 0.475962 0.000000
vt 0.480769 1.000000
vt 0.480769 0.000000
vt 0.485577 1.000000
vt 0.485577 0.000000
vt 0.490385 1.000000
vt 0.490385 0.000000
vt 0.495192 1.000000
vt 0.495192 0.000000
vt 0.504808 1.000000
vt 0.504808 0.000000
vt 0.509615 1.000000
vt 0.509615 0.000000
vt 0.514423 1.000000
vt 0.514423 0.000000
vt 0.519231 1.000000
vt 0.519231 0.000000
vt 0.524038 1.000000
vt 0.524038 0.000000
vt 0.528846 1.000000
vt 0.528846 0.000000
vt 0.533654 1.000000
vt 0.533654 0.000000
vt 0.538462 1.000000
vt 0.543269 1.000000
vt 0.543269 0.000000
vt 0.548077 1.000000
vt 0.548077 0.000000
vt 0.552885 1.000000
vt 0.552885 0.000000
vt 0.557692 1.000000
vt 0.557692 0.000000
vt 0.562500 1.000000
vt 0.562500 0.000000
vt 0.567308 1.000000
vt 0.567308 0.000000
vt 0.572115 1.000000
vt 0.572115 0.000000
vt 0.576923 1.000000
vt 0.576923 0.000000
vt 0.581731 1.000000
vt 0.581731 0.000000
vt 0.586538 1.000000
vt 0.586538 0.000000
vt 0.591346 1.000000
vt 0.591346 0.000000
vt 0.596154 1.000000
vt 0.596154 0.000000
vt 0.600962 1.000000
vt 0.600962 0.000000
vt 0.605769 1.000000
vt 0.605769 0.000000
vt 0.610577 1.000000
vt 0.610577 0.000000
vt 0.615385 1.000000
vt 0.620192 1.000000
vt 0.620192 0.000000
vt 0.625000 1.000000
vt 0.629808 1.000000
vt 0.629808 0.000000
vt 0.634615 1.000000
vt 0.634615 0.000000
vt 0.639423 1.000000
vt 0.639423 0.000000
vt 0.644231 1.000000
vt 0.644231 0.000000
vt 0.649038 1.000000
vt 0.649038 0.000000
vt 0.653846 1.000000
vt 0.653846 0.000000
vt 0.658654 1.000000
vt 0.658654 0.000000
vt 0.663462 1.000000
vt 0.663462 0.000000
vt 0.668269 1.000000
vt 0.668269 0.000000
vt 0.673077 1.000000
vt 0.673077 0.000000
vt 0.677885 1.000000
vt 0.677885 0.000000
vt 0.682692 1.000000
vt 0.682692 0.000000
vt 0.687500 1.000000
vt 0.687500 0.000000
vt 0.692308 1.000000
vt 0.697115 1.000000
vt 0.697115 0.000000
vt 0.701923 1.000000
vt 0.701923 0.000000
vt 0.706731 1.000000
vt 0.706731 0.000000
vt 0.711538 1.000000
vt 0.711538 0.000000
vt 0.716346 1.000000
vt 0.716346 0.000000
vt 0.721154 1.000000
vt 0.721154 0.000000
vt 0.725962 1.000000
vt 0.725962 0.000000
vt 0.730769 1.000000
vt 0.730769 0.000000
vt 0.735577 1.000000
vt 0.735577 0.000000
vt 0.740385 1.000000
vt 0.740385 0.000000
vt 0.745192 1.000000
vt 0.745192 0.000000
vt 0.754808 1.000000
vt 0.754808 0.000000
vt 0.759615 1.000000
vt 0.759615 0.000000
vt 0.764423 1.000000
vt 0.764423 0.000000
vt 0.769231 1.000000
vt 0.774038 1.000000
vt 0.774038 0.000000
vt 0.778846 1.000000
vt 0.778846 0.000000
vt 0.783654 1.000000
vt 0.783654 0.000000
vt 0.788462 1.000000
vt 0.788462 0.000000
vt 0.793269 1.000000
vt 0.793269 0.000000
vt 0.798077 1.000000
vt 0.798077 0.000000
vt 0.802885 1.000000
vt 0.802885 0.000000
vt 0.807692 1.000000
vt 0.807692 0.000000
vt 0.812500 1.000000
vt 0.812500 0.000000
vt 0.817308 1.000000
vt 0.817308 0.000000
vt 0.822115 1.000000
vt 0.822115 0.000000
vt 0.826923 1.000000
vt 0.826923 0.000000
vt 0.831731 1.000000
vt 0.831731 0.000000
vt 0.836538 1.000000
vt 0.836538 0.000000
vt 0.841346 1.000000
vt 0.841346 0.000000
vt 0.846154 1.000000
vt 0.850962 1.000000
vt 0.850962 0.000000
vt 0.855769 1.000000
vt 0.855769 0.000000
vt 0.860577 1.000000
vt 0.860577 0.000000
vt 0.865385 1.000000
vt 0.865385 0.000000
vt 0.870192 1.000000
vt 0.870192 0.000000
vt 0.875000 1.000000
vt 0.879808 1.000000
vt 0.879808 0.000000
vt 0.884615 1.000000
vt 0.884615 0.000000
vt 0.889423 1.000000
vt 0.889423 0.000000
vt 0.894231 1.000000
vt 0.894231 0.000000
vt 0.899038 1.000000
vt 0.899038 0.000000
vt 0.903846 1.000000
vt 0.903846 0.000000
vt 0.908654 1.000000
vt 0.908654 0.000000
vt 0.913462 1.000000
vt 0.913462 0.000000
vt 0.918269 1.000000
vt 0.918269 0.000000
vt 0.923077 1.000000
vt 0.927885 1.000000
vt 0.927885 0.000000
vt 0.932692 1.000000
vt 0.932692 0.000000
vt 0.937500 1.000000
vt 0.937500 0.000000
vt 0.942308 1.000000
vt 0.942308 0.000000
vt 0.947115 1.000000
vt 0.947115 0.000000
vt 0.951923 1.000000
vt 0.951923 0.000000
vt 0.956731 1.000000
vt 0.956731 0.000000
vt 0.961538 1.000000
vt 0.961538 0.000000
vt 0.966346 1.000000
vt 0.966346 0.000000
vt 0.971154 1.000000
vt 0.971154 0.000000
vt 0.975962 1.000000
vt 0.975962 0.000000
vt 0.980769 1.000000
vt 0.980769 0.000000
vt 0.985577 1.000000
vt 0.985577 0.000000
vt 0.990385 1.000000
vt 0.990385 0.000000
vt 0.995192 1.000000
vt 0.995192 0.000000
vt 0.009009 1.000000
vt 0.009009 0.000000
vt 0.018018 1.000000
vt 0.018018 0.000000
vt 0.036036 1.000000
vt 0.036036 0.000000
vt 0.045045 1.000000
vt 0.045045 0.000000
vt 0.063063 1.000000
vt 0.063063 0.000000
vt 0.072072 1.000000
vt 0.072072 0.000000
vt 0.090090 1.000000
vt 0.090090 0.000000
vt 0.099099 1.000000
vt 0.099099 0.000000
vt 0.117117 1.000000
vt 0.117117 0.000000
vt 0.126126 1.000000
vt 0.126126 0.000000
vt 0.144144 1.000000
vt 0.144144 0.000000
vt 0.153153 1.000000
vt 0.153153 0.000000
vt 0.171171 1.000000
vt 0.171171 0.000000
vt 0.180180 1.000000
vt 0.180180 0.000000
vt 0.198198 1.000000
vt 0.198198 0.000000
vt 0.207207 1.000000
vt 0.207207 0.000000
vt 0.225225 1.000000
vt 0.225225 0.000000
vt 0.234234 1.000000
vt 0.234234 0.000000
vt 0.252252 1.000000
vt 0.252252 0.000000
vt 0.261261 1.000000
vt 0.261261 0.000000
vt 0.279279 1.000000
vt 0.279279 0.000000
vt 0.288288 1.000000
vt 0.288288 0.000000
vt 0.306306 1.000000
vt 0.306306 0.000000
vt 0.315315 1.000000
vt 0.315315 0.000000
vt 0.342342 1.000000
vt 0.342342 0.000000
vt 0.360360 1.000000
vt 0.360360 0.000000
vt 0.369369 1.000000
vt 0.369369 0.000000
vt 0.387387 1.000000
vt 0.387387 0.000000
vt 0.396396 1.000000
vt 0.396396 0.000000
vt 0.414414 1.000000
vt 0.414414 0.000000
vt 0.423423 1.000000
vt 0.423423 0.000000
vt 0.441441 1.000000
vt 0.441441 0.000000
vt 0.450450 1.000000
vt 0.450450 0.000000
vt 0.468468 1.000000
vt 0.468468 0.000000
vt 0.477477 1.000000
vt 0.477477 0.000000
vt 0.495495 1.000000
vt 0.495495 0.000000
vt 0.504505 1.000000
vt 0.504505 0.000000
vt 0.522523 1.000000
vt 0.522523 0.000000
vt 0.531532 1.000000
vt 0.531532 0.000000
vt 0.549550 1.000000
vt 0.549550 0.000000
vt 0.558559 1.000000
vt 0.558559 0.000000
vt 0.576577 1.000000
vt 0.576577 0.000000
vt 0.585586 1.000000
vt 0.585586 0.000000
vt 0.603604 1.000000
vt 0.603604 0.000000
vt 0.612613 1.000000
vt 0.612613 0.000000
vt 0.630631 1.000000
vt 0.630631 0.000000
vt 0.639640 1.000000
vt 0.639640 0.000000
vt 0.657658 1.000000
vt 0.657658 0.000000
vt 0.684685 1.000000
vt 0.684685 0.000000
vt 0.693694 1.000000
vt 0.693694 0.000000
vt 0.711712 1.000000
vt 0.711712 0.000000
vt 0.720721 1.000000
vt 0.720721 0.000000
vt 0.738739 1.000000
vt 0.738739 0.000000
vt 0.747748 1.000000
vt 0.747748 0.000000
vt 0.765766 1.000000
vt 0.765766 0.000000
vt 0.774775 1.000000
vt 0.774775 0.000000
vt 0.792793 1.000000
vt 0.792793 0.000000
vt 0.801802 1.000000
vt 0.801802 0.000000
vt 0.819820 1.000000
vt 0.819820 0.000000
vt 0.828829 1.000000
vt 0.828829 0.000000
vt 0.846847 1.000000
vt 0.846847 0.000000
vt 0.855856 1.000000
vt 0.855856 0.000000
vt 0.873874 1.000000
vt 0.873874 0.000000
vt 0.882883 1.000000
vt 0.882883 0.000000
vt 0.900901 1.000000
vt 0.900901 0.000000
vt 0.909910 1.000000
vt 0.909910 0.000000
vt 0.927928 1.000000
vt 0.927928 0.000000
vt 0.936937 1.000000
vt 0.936937 0.000000
vt 0.954955 1.000000
vt 0.954955 0.000000
vt 0.963964 1.000000
vt 0.963964 0.000000
vt 0.981982 1.000000
vt 0.981982 0.000000
vt 0.990991 1.000000
vt 0.990991 0.000000
vt 0.010989 1.000000
vt 0.010989 0.000000
vt 0.021978 1.000000
vt 0.021978 0.000000
vt 0.032967 1.000000
vt 0.032967 0.000000
vt 0.043956 1.000000
vt 0.043956 0.000000
vt 0.054945 1.000000
vt 0.054945 0.000000
vt 0.065934 1.000000
vt 0.065934 0.000000
vt 0.087912 1.000000
vt 0.087912 0.000000
vt 0.098901 1.000000
vt 0.098901 0.000000
vt 0.109890 1.000000
vt 0.109890 0.000000
vt 0.120879 1.000000
vt 0.120879 0.000000
vt 0.131868 1.000000
vt 0.131868 0.000000
vt 0.142857 1.000000
vt 0.164835 1.000000
vt 0.164835 0.000000
vt 0.175824 1.000000
vt 0.175824 0.000000
vt 0.186813 1.000000
vt 0.186813 0.000000
vt 0.197802 1.000000
vt 0.197802 0.000000
vt 0.208791 1.000000
vt 0.208791 0.000000
vt 0.219780 1.000000
vt 0.219780 0.000000
vt 0.241758 1.000000
vt 0.241758 0.000000
vt 0.252747 1.000000
vt 0.252747 0.000000
vt 0.263736 1.000000
vt 0.263736 0.000000
vt 0.274725 1.000000
vt 0.274725 0.000000
vt 0.285714 1.000000
vt 0.296703 1.000000
vt 0.296703 0.000000
vt 0.318681 1.000000
vt 0.318681 0.000000
vt 0.329670 1.000000
vt 0.329670 0.000000
vt 0.340659 1.000000
vt 0.340659 0.000000
vt 0.351648 1.000000
vt 0.351648 0.000000
vt 0.362637 1.000000
vt 0.362637 0.000000
vt 0.373626 1.000000
vt 0.373626 0.000000
vt 0.395604 1.000000
vt 0.395604 0.000000
vt 0.406593 1.000000
vt 0.406593 0.000000
vt 0.417582 1.000000
vt 0.417582 0.000000
vt 0.428571 1.000000
vt 0.439560 1.000000
vt 0.439560 0.000000
vt 0.450549 1.000000
vt 0.450549 0.000000
vt 0.472527 1.000000
vt 0.472527 0.000000
vt 0.483516 1.000000
vt 0.483516 0.000000
vt 0.494505 1.000000
vt 0.494505 0.000000
vt 0.505495 1.000000
vt 0.505495 0.000000
vt 0.516484 1.000000
vt 0.516484 0.000000
vt 0.527473 1.000000
vt 0.527473 0.000000
vt 0.549451 1.000000
vt 0.549451 0.000000
vt 0.560440 1.000000
vt 0.560440 0.000000
vt 0.571429 1.000000
vt 0.582418 1.000000
vt 0.582418 0.000000
vt 0.593407 1.000000
vt 0.593407 0.000000
vt 0.604396 1.000000
vt 0.604396 0.000000
vt 0.626374 1.000000
vt 0.626374 0.000000
vt 0.637363 1.000000
vt 0.637363 0.000000
vt 0.648352 1.000000
vt 0.648352 0.000000
vt 0.659341 1.000000
vt 0.659341 0.000000
vt 0.670330 1.000000
vt 0.670330 0.000000
vt 0.681319 1.000000
vt 0.681319 0.000000
vt 0.703297 1.000000
vt 0.703297 0.000000
vt 0.714286 1.000000
vt 0.725275 1.000000
vt 0.725275 0.000000
vt 0.736264 1.000000
vt 0.736264 0.000000
vt 0.747253 1.000000
vt 0.747253 0.000000
vt 0.758242 1.000000
vt 0.758242 0.000000
vt 0.780220 1.000000
vt 0.780220 0.000000
vt 0.791209 1.000000
vt 0.791209 0.000000
vt 0.802198 1.000000
vt 0.802198 0.000000
vt 0.813187 1.000000
vt 0.813187 0.000000
vt 0.824176 1.000000
vt 0.824176 0.000000
vt 0.835165 1.000000
vt 0.835165 0.000000
vt 0.857143 1.000000
vt 0.868132 1.000000
vt 0.868132 0.000000
vt 0.879121 1.000000
vt 0.879121 0.000000
vt 0.890110 1.000000
vt 0.890110 0.000000
vt 0.901099 1.000000
vt 0.901099 0.000000
vt 0.912088 1.000000
vt 0.912088 0.000000
vt 0.934066 1.000000
vt 0.934066 0.000000
vt 0.945055 1.000000
vt 0.945055 0.000000
vt 0.956044 1.000000
vt 0.956044 0.000000
vt 0.967033 1.000000
vt 0.967033 0.000000
vt 0.978022 1.000000
vt 0.978022 0.000000
vt 0.989011 1.000000
vt 0.989011 0.000000
vt 0.008772 1.000000
vt 0.008772 0.000000
vt 0.026316 1.000000
vt 0.026316 0.000000
vt 0.043860 1.000000
vt 0.043860 0.000000
vt 0.061404 1.000000
vt 0.061404 0.000000
vt 0.078947 1.000000
vt 0.078947 0.000000
vt 0.096491 1.000000
vt 0.096491 0.000000
vt 0.114035 1.000000
vt 0.114035 0.000000
vt 0.131579 1.000000
vt 0.131579 0.000000
vt 0.149123 1.000000
vt 0.149123 0.000000
vt 0.184211 1.000000
vt 0.184211 0.000000
vt 0.201754 1.000000
vt 0.201754 0.000000
vt 0.219298 1.000000
vt 0.219298 0.000000
vt 0.236842 1.000000
vt 0.236842 0.000000
vt 0.254386 1.000000
vt 0.254386 0.000000
vt 0.271930 1.000000
vt 0.271930 0.000000
vt 0.289474 1.000000
vt 0.289474 0.000000
vt 0.307018 1.000000
vt 0.307018 0.000000
vt 0.324561 1.000000
vt 0.324561 0.000000
vt 0.342105 1.000000
vt 0.342105 0.000000
vt 0.359649 1.000000
vt 0.359649 0.000000
vt 0.377193 1.000000
vt 0.377193 0.000000
vt 0.394737 1.000000
vt 0.394737 0.000000
vt 0.412281 1.000000
vt 0.412281 0.000000
vt 0.429825 1.000000
vt 0.429825 0.000000
vt 0.447368 1.000000
vt 0.447368 0.000000
vt 0.464912 1.000000
vt 0.464912 0.000000
vt 0.482456 1.000000
vt 0.482456 0.000000
vt 0.517544 1.000000
vt 0.517544 0.000000
vt 0.535088 1.000000
vt 0.535088 0.000000
vt 0.552632 1.000000
vt 0.552632 0.000000
vt 0.570175 1.000000
vt 0.570175 0.000000
vt 0.587719 1.000000
vt 0.587719 0.000000
vt 0.605263 1.000000
vt 0.605263 0.000000
vt 0.622807 1.000000
vt 0.622807 0.000000
vt 0.640351 1.000000
vt 0.640351 0.000000
vt 0.657895 1.000000
vt 0.657895 0.000000
vt 0.675439 1.000000
vt 0.675439 0.000000
vt 0.692982 1.000000
vt 0.692982 0.000000
vt 0.710526 1.000000
vt 0.710526 0.000000
vt 0.728070 1.000000
vt 0.728070 0.000000
vt 0.745614 1.000000
vt 0.745614 0.000000
vt 0.763158 1.000000
vt 0.763158 0.000000
vt 0.780702 1.000000
vt 0.780702 0.000000
vt 0.798246 1.000000
vt 0.798246 0.000000
vt 0.815789 1.000000
vt 0.815789 0.000000
vt 0.850877 1.000000
vt 0.850877 0.000000
vt 0.868421 1.000000
vt 0.868421 0.000000
vt 0.885965 1.000000
vt 0.885965 0.000000
vt 0.903509 1.000000
vt 0.903509 0.000000
vt 0.921053 1.000000
vt 0.921053 0.000000
vt 0.938596 1.000000
vt 0.938596 0.000000
vt 0.956140 1.000000
vt 0.956140 0.000000
vt 0.973684 1.000000
vt 0.973684 0.000000
vt 0.991228 1.000000
vt 0.991228 0.000000
vt 0.020833 1.000000
vt 0.020833 0.000000
vt 0.041667 1.000000
vt 0.041667 0.000000
vt 0.104167 1.000000
vt 0.104167 0.000000
vt 0.145833 1.000000
vt 0.145833 0.000000
vt 0.208333 1.000000
vt 0.208333 0.000000
vt 0.229167 1.000000
vt 0.229167 0.000000
vt 0.270833 1.000000
vt 0.270833 0.000000
vt 0.291667 1.000000
vt 0.291667 0.000000
vt 0.354167 1.000000
vt 0.354167 0.000000
vt 0.395833 1.000000
vt 0.395833 0.000000
vt 0.458333 1.000000
vt 0.458333 0.000000
vt 0.479167 1.000000
vt 0.479167 0.000000
vt 0.520833 1.000000
vt 0.520833 0.000000
vt 0.541667 1.000000
vt 0.541667 0.000000
vt 0.604167 1.000000
vt 0.604167 0.000000
vt 0.645833 1.000000
vt 0.645833 0.000000
vt 0.708333 1.000000
vt 0.708333 0.000000
vt 0.729167 1.000000
vt 0.729167 0.000000
vt 0.770833 1.000000
vt 0.770833 0.000000
vt 0.791667 1.000000
vt 0.791667 0.000000
vt 0.854167 1.000000
vt 0.854167 0.000000
vt 0.895833 1.000000
vt 0.895833 0.000000
vt 0.958333 1.000000
vt 0.958333 0.000000
vt 0.979167 1.000000
vt 0.979167 0.000000
vt 0.003968 1.000000
vt 0.003968 0.000000
vt 0.007937 1.000000
vt 0.007937 0.000000
vt 0.011905 1.000000
vt 0.011905 0.000000
vt 0.015873 1.000000
vt 0.015873 0.000000
vt 0.019841 1.000000
vt 0.019841 0.000000
vt 0.023810 1.000000
vt 0.023810 0.000000
vt 0.027778 1.000000
vt 0.027778 0.000000
vt 0.031746 1.000000
vt 0.031746 0.000000
vt 0.035714 1.000000
vt 0.039683 1.000000
vt 0.039683 0.000000
vt 0.043651 1.000000
vt 0.043651 0.000000
vt 0.047619 1.000000
vt 0.047619 0.000000
vt 0.051587 1.000000
vt 0.051587 0.000000
vt 0.055556 1.000000
vt 0.059524 1.000000
vt 0.059524 0.000000
vt 0.063492 1.000000
vt 0.063492 0.000000
vt 0.067460 1.000000
vt 0.067460 0.000000
vt 0.071429 1.000000
vt 0.075397 1.000000
vt 0.075397 0.000000
vt 0.079365 1.000000
vt 0.079365 0.000000
vt 0.087302 1.000000
vt 0.087302 0.000000
vt 0.091270 1.000000
vt 0.091270 0.000000
vt 0.095238 1.000000
vt 0.095238 0.000000
vt 0.099206 1.000000
vt 0.099206 0.000000
vt 0.103175 1.000000
vt 0.103175 0.000000
vt 0.107143 1.000000
vt 0.111111 1.000000
vt 0.115079 1.000000
vt 0.115079 0.000000
vt 0.119048 1.000000
vt 0.119048 0.000000
vt 0.123016 1.000000
vt 0.123016 0.000000
vt 0.126984 1.000000
vt 0.126984 0.000000
vt 0.130952 1.000000
vt 0.130952 0.000000
vt 0.134921 1.000000
vt 0.134921 0.000000
vt 0.138889 1.000000
vt 0.138889 0.000000
vt 0.146825 1.000000
vt 0.146825 0.000000
vt 0.150794 1.000000
vt 0.150794 0.000000
vt 0.154762 1.000000
vt 0.154762 0.000000
vt 0.158730 1.000000
vt 0.158730 0.000000
vt 0.162698 1.000000
vt 0.162698 0.000000
vt 0.170635 1.000000
vt 0.170635 0.000000
vt 0.174603 1.000000
vt 0.174603 0.000000
vt 0.178571 1.000000
vt 0.182540 1.000000
vt 0.182540 0.000000
vt 0.186508 1.000000
vt 0.186508 0.000000
vt 0.190476 1.000000
vt 0.190476 0.000000
vt 0.194444 1.000000
vt 0.194444 0.000000
vt 0.198413 1.000000
vt 0.198413 0.000000
vt 0.202381 1.000000
vt 0.202381 0.000000
vt 0.206349 1.000000
vt 0.206349 0.000000
vt 0.210317 1.000000
vt 0.210317 0.000000
vt 0.214286 1.000000
vt 0.218254 1.000000
vt 0.218254 0.000000
vt 0.222222 1.000000
vt 0.226190 1.000000
vt 0.226190 0.000000
vt 0.230159 1.000000
vt 0.230159 0.000000
vt 0.234127 1.000000
vt 0.234127 0.000000
vt 0.238095 1.000000
vt 0.238095 0.000000
vt 0.242063 1.000000
vt 0.242063 0.000000
vt 0.246032 1.000000
vt 0.246032 0.000000
vt 0.253968 1.000000
vt 0.253968 0.000000
vt 0.257937 1.000000
vt 0.257937 0.000000
vt 0.261905 1.000000
vt 0.261905 0.000000
vt 0.265873 1.000000
vt 0.265873 0.000000
vt 0.269841 1.000000
vt 0.269841 0.000000
vt 0.273810 1.000000
vt 0.273810 0.000000
vt 0.277778 1.000000
vt 0.281746 1.000000
vt 0.281746 0.000000
vt 0.289683 1.000000
vt 0.289683 0.000000
vt 0.293651 1.000000
vt 0.293651 0.000000
vt 0.297619 1.000000
vt 0.297619 0.000000
vt 0.301587 1.000000
vt 0.301587 0.000000
vt 0.305556 1.000000
vt 0.305556 0.000000
vt 0.309524 1.000000
vt 0.309524 0.000000
vt 0.313492 1.000000
vt 0.313492 0.000000
vt 0.317460 1.000000
vt 0.317460 0.000000
vt 0.321429 1.000000
vt 0.325397 1.000000
vt 0.325397 0.000000
vt 0.329365 1.000000
vt 0.329365 0.000000
vt 0.337302 1.000000
vt 0.337302 0.000000
vt 0.341270 1.000000
vt 0.341270 0.000000
vt 0.345238 1.000000
vt 0.345238 0.000000
vt 0.349206 1.000000
vt 0.349206 0.000000
vt 0.353175 1.000000
vt 0.353175 0.000000
vt 0.357143 1.000000
vt 0.361111 1.000000
vt 0.361111 0.000000
vt 0.365079 1.000000
vt 0.365079 0.000000
vt 0.369048 1.000000
vt 0.369048 0.000000
vt 0.373016 1.000000
vt 0.373016 0.000000
vt 0.376984 1.000000
vt 0.376984 0.000000
vt 0.380952 1.000000
vt 0.380952 0.000000
vt 0.384921 1.000000
vt 0.384921 0.000000
vt 0.388889 1.000000
vt 0.392857 1.000000
vt 0.396825 1.000000
vt 0.396825 0.000000
vt 0.400794 1.000000
vt 0.400794 0.000000
vt 0.404762 1.000000
vt 0.404762 0.000000
vt 0.408730 1.000000
vt 0.408730 0.000000
vt 0.412698 1.000000
vt 0.412698 0.000000
vt 0.420635 1.000000
vt 0.420635 0.000000
vt 0.424603 1.000000
vt 0.424603 0.000000
vt 0.432540 1.000000
vt 0.432540 0.000000
vt 0.436508 1.000000
vt 0.436508 0.000000
vt 0.440476 1.000000
vt 0.440476 0.000000
vt 0.444444 1.000000
vt 0.448413 1.000000
vt 0.448413 0.000000
vt 0.452381 1.000000
vt 0.452381 0.000000
vt 0.456349 1.000000
vt 0.456349 0.000000
vt 0.460317 1.000000
vt 0.460317 0.000000
vt 0.464286 1.000000
vt 0.468254 1.000000
vt 0.468254 0.000000
vt 0.472222 1.000000
vt 0.472222 0.000000
vt 0.476190 1.000000
vt 0.476190 0.000000
vt 0.480159 1.000000
vt 0.480159 0.000000
vt 0.484127 1.000000
vt 0.484127 0.000000
vt 0.488095 1.000000
vt 0.488095 0.000000
vt 0.492063 1.000000
vt 0.492063 0.000000
vt 0.496032 1.000000
vt 0.496032 0.000000
vt 0.503968 1.000000
vt 0.503968 0.000000
vt 0.507937 1.000000
vt 0.507937 0.000000
vt 0.511905 1.000000
vt 0.511905 0.000000
vt 0.515873 1.000000
vt 0.515873 0.000000
vt 0.519841 1.000000
vt 0.519841 0.000000
vt 0.523810 1.000000
vt 0.523810 0.000000
vt 0.527778 1.000000
vt 0.527778 0.000000
vt 0.531746 1.000000
vt 0.531746 0.000000
vt 0.535714 1.000000
vt 0.539683 1.000000
vt 0.539683 0.000000
vt 0.543651 1.000000
vt 0.543651 0.000000
vt 0.547619 1.000000
vt 0.547619 0.000000
vt 0.551587 1.000000
vt 0.551587 0.000000
vt 0.555556 1.000000
vt 0.559524 1.000000
vt 0.559524 0.000000
vt 0.563492 1.000000
vt 0.563492 0.000000
vt 0.567460 1.000000
vt 0.567460 0.000000
vt 0.575397 1.000000
vt 0.575397 0.000000
vt 0.579365 1.000000
vt 0.579365 0.000000
vt 0.587302 1.000000
vt 0.587302 0.000000
vt 0.591270 1.000000
vt 0.591270 0.000000
vt 0.595238 1.000000
vt 0.595238 0.000000
vt 0.599206 1.000000
vt 0.599206 0.000000
vt 0.603175 1.000000
vt 0.603175 0.000000
vt 0.607143 1.000000
vt 0.611111 1.000000
vt 0.615079 1.000000
vt 0.615079 0.000000
vt 0.619048 1.000000
vt 0.619048 0.000000
vt 0.623016 1.000000
vt 0.623016 0.000000
vt 0.626984 1.000000
vt 0.626984 0.000000
vt 0.630952 1.000000
vt 0.630952 0.000000
vt 0.634921 1.000000
vt 0.634921 0.000000
vt 0.638889 1.000000
vt 0.638889 0.000000
vt 0.642857 1.000000
vt 0.646825 1.000000
vt 0.646825 0.000000
vt 0.650794 1.000000
vt 0.650794 0.000000
vt 0.654762 1.000000
vt 0.654762 0.000000
vt 0.658730 1.000000
vt 0.658730 0.000000
vt 0.662698 1.000000
vt 0.662698 0.000000
vt 0.670635 1.000000
vt 0.670635 0.000000
vt 0.674603 1.000000
vt 0.674603 0.000000
vt 0.678571 1.000000
vt 0.682540 1.000000
vt 0.682540 0.000000
vt 0.686508 1.000000
vt 0.686508 0.000000
vt 0.690476 1.000000
vt 0.690476 0.000000
vt 0.694444 1.000000
vt 0.694444 0.000000
vt 0.698413 1.000000
vt 0.698413 0.000000
vt 0.702381 1.000000
vt 0.702381 0.000000
vt 0.706349 1.000000
vt 0.706349 0.000000
vt 0.710317 1.000000
vt 0.710317 0.000000
vt 0.718254 1.000000
vt 0.718254 0.000000
vt 0.722222 1.000000
vt 0.726190 1.000000
vt 0.726190 0.000000
vt 0.730159 1.000000
vt 0.730159 0.000000
vt 0.734127 1.000000
vt 0.734127 0.000000
vt 0.738095 1.000000
vt 0.738095 0.000000
vt 0.742063 1.000000
vt 0.742063 0.000000
vt 0.746032 1.000000
vt 0.746032 0.000000
vt 0.753968 1.000000
vt 0.753968 0.000000
vt 0.757937 1.000000
vt 0.757937 0.000000
vt 0.761905 1.000000
vt 0.761905 0.000000
vt 0.765873 1.000000
vt 0.765873 0.000000
vt 0.769841 1.000000
vt 0.769841 0.000000
vt 0.773810 1.000000
vt 0.773810 0.000000
vt 0.777778 1.000000
vt 0.781746 1.000000
vt 0.781746 0.000000
vt 0.785714 1.000000
vt 0.789683 1.000000
vt 0.789683 0.000000
vt 0.793651 1.000000
vt 0.793651 0.000000
vt 0.797619 1.000000
vt 0.797619 0.000000
vt 0.801587 1.000000
vt 0.801587 0.000000
vt 0.805556 1.000000
vt 0.805556 0.000000
vt 0.809524 1.000000
vt 0.809524 0.000000
vt 0.813492 1.000000
vt 0.813492 0.000000
vt 0.817460 1.000000
vt 0.817460 0.000000
vt 0.821429 1.000000
vt 0.825397 1.000000
vt 0.825397 0.000000
vt 0.829365 1.000000
vt 0.829365 0.000000
vt 0.837302 1.000000
vt 0.837302 0.000000
vt 0.841270 1.000000
vt 0.841270 0.000000
vt 0.845238 1.000000
vt 0.845238 0.000000
vt 0.849206 1.000000
vt 0.849206 0.000000
vt 0.853175 1.000000
vt 0.853175 0.000000
vt 0.861111 1.000000
vt 0.861111 0.000000
vt 0.865079 1.000000
vt 0.865079 0.000000
vt 0.869048 1.000000
vt 0.869048 0.000000
vt 0.873016 1.000000
vt 0.873016 0.000000
vt 0.876984 1.000000
vt 0.876984 0.000000
vt 0.880952 1.000000
vt 0.880952 0.000000
vt 0.884921 1.000000
vt 0.884921 0.000000
vt 0.888889 1.000000
vt 0.892857 1.000000
vt 0.896825 1.000000
vt 0.896825 0.000000
vt 0.900794 1.000000
vt 0.900794 0.000000
vt 0.904762 1.000000
vt 0.904762 0.000000
vt 0.908730 1.000000
vt 0.908730 0.000000
vt 0.912698 1.000000
vt 0.912698 0.000000
vt 0.920635 1.000000
vt 0.920635 0.000000
vt 0.924603 1.000000
vt 0.924603 0.000000
vt 0.928571 1.000000
vt 0.932540 1.000000
vt 0.932540 0.000000
vt 0.936508 1.000000
vt 0.936508 0.000000
vt 0.940476 1.000000
vt 0.940476 0.000000
vt 0.944444 1.000000
vt 0.948413 1.000000
vt 0.948413 0.000000
vt 0.952381 1.000000
vt 0.952381 0.000000
vt 0.956349 1.000000
vt 0.956349 0.000000
vt 0.960317 1.000000
vt 0.960317 0.000000
vt 0.964286 1.000000
vt 0.968254 1.000000
vt 0.968254 0.000000
vt 0.972222 1.000000
vt 0.972222 0.000000
vt 0.976190 1.000000
vt 0.976190 0.000000
vt 0.980159 1.000000
vt 0.980159 0.000000
vt 0.984127 1.000000
vt 0.984127 0.000000
vt 0.988095 1.000000
vt 0.988095 0.000000
vt 0.992063 1.000000
vt 0.992063 0.000000
vt 0.996032 1.000000
vt 0.996032 0.000000
s 0
f 261/1/1 263/2/1 262/3/1
f 261/1/1 264/4/1 263/2/1
f 260/5/1 264/4/1 261/1/1
f 260/5/1 265/6/1 264/4/1
f 259/7/1 265/6/1 260/5/1
f 259/7/1 266/8/1 265/6/1
f 258/9/1 266/8/1 259/7/1
f 258/9/1 267/10/1 266/8/1
f 257/11/1 267/10/1 258/9/1
f 257/11/1 268/12/1 267/10/1
f 256/13/1 268/12/1 257/11/1
f 256/13/1 269/14/1 268/12/1
f 255/15/1 269/14/1 256/13/1
f 255/15/1 270/16/1 269/14/1
f 254/17/1 270/16/1 255/15/1
f 254/17/1 271/18/1 270/16/1
f 253/19/1 271/18/1 254/17/1
f 253/19/1 272/20/1 271/18/1
f 252/21/1 272/20/1 253/19/1
f 252/21/1 273/22/1 272/20/1
f 251/23/1 273/22/1 252/21/1
f 251/23/1 274/24/1 273/22/1
f 250/25/1 274/24/1 251/23/1
f 250/25/1 275/26/1 274/24/1
f 249/27/1 275/26/1 250/25/1
f 249/27/1 276/28/1 275/26/1
f 13/29/1 15/30/1 14/31/1
f 287/32/1 289/33/1 288/34/1
f 286/35/1 289/33/1 287/32/1
f 13/29/1 16/36/1 15/30/1
f 285/37/1 289/33/1 286/35/1
f 284/38/1 289/33/1 285/37/1
f 283/39/1 289/33/1 284/38/1
f 282/40/1 289/33/1 283/39/1
f 13/29/1 17/41/1 16/36/1
f 281/42/1 289/33/1 282/40/1
f 280/43/1 289/33/1 281/42/1
f 279/44/1 289/33/1 280/43/1
f 235/45/1 237/46/1 236/47/1
f 278/48/1 289/33/1 279/44/1
f 235/45/1 238/49/1 237/46/1
f 277/50/1 289/33/1 278/48/1
f 235/45/1 239/51/1 238/49/1
f 276/28/1 289/33/1 277/50/1
f 13/29/1 18/52/1 17/41/1
f 235/45/1 240/53/1 239/51/1
f 249/27/1 289/33/1 276/28/1
f 235/45/1 241/54/1 240/53/1
f 235/45/1 242/55/1 241/54/1
f 235/45/1 243/56/1 242/55/1
f 235/45/1 244/57/1 243/56/1
f 235/45/1 245/58/1 244/57/1
f 248/59/1 289/33/1 249/27/1
f 235/45/1 246/60/1 245/58/1
f 235/45/1 247/61/1 246/60/1
f 235/45/1 248/59/1 247/61/1
f 235/45/1 289/33/1 248/59/1
f 12/62/1 18/52/1 13/29/1
f 12/62/1 19/63/1 18/52/1
f 11/64/1 19/63/1 12/62/1
f 11/64/1 20/65/1 19/63/1
f 10/66/1 20/65/1 11/64/1
f 235/45/1 290/67/1 289/33/1
f 235/45/1 291/68/1 290/67/1
f 10/66/1 21/69/1 20/65/1
f 235/45/1 292/70/1 291/68/1
f 9/71/1 21/69/1 10/66/1
f 235/45/1 293/72/1 292/70/1
f 235/45/1 294/73/1 293/72/1
f 235/45/1 295/74/1 294/73/1
f 235/45/1 296/75/1 295/74/1
f 235/45/1 297/76/1 296/75/1
f 235/45/1 298/77/1 297/76/1
f 9/71/1 22/78/1 21/69/1
f 235/45/1 299/79/1 298/77/1
f 8/80/1 22/78/1 9/71/1
f 234/81/1 299/79/1 235/45/1
f 234/81/1 300/82/1 299/79/1
f 233/83/1 300/82/1 234/81/1
f 233/83/1 301/84/1 300/82/1
f 232/85/1 301/84/1 233/83/1
f 232/85/1 222/86/1 301/84/1
f 222/86/1 302/87/1 301/84/1
f 231/88/1 222/86/1 232/85/1
f 230/89/1 222/86/1 231/88/1
f 229/90/1 222/86/1 230/89/1
f 228/91/1 222/86/1 229/90/1
f 227/92/1 222/86/1 228/91/1
f 226/93/1 222/86/1 227/92/1
f 226/93/1 223/94/1 222/86/1
f 221/95/1 302/87/1 222/86/1
f 225/96/1 223/94/1 226/93/1
f 224/97/1 223/94/1 225/96/1
f 8/80/1 23/98/1 22/78/1
f 7/99/1 23/98/1 8/80/1
f 7/99/1 24/100/1 23/98/1
f 6/101/1 24/100/1 7/99/1
f 6/101/1 25/102/1 24/100/1
f 5/103/1 25/102/1 6/101/1
f 5/103/1 26/104/1 25/102/1
f 4/105/1 26/104/1 5/103/1
f 4/105/1 3/106/1 26/104/1
f 3/106/1 2/107/1 26/104/1
f 2/107/1 1/108/1 26/104/1
f 208/109/1 210/110/1 209/111/1
f 208/109/1 211/112/1 210/110/1
f 208/109/1 212/113/1 211/112/1
f 208/109/1 213/114/1 212/113/1
f 208/109/1 214/115/1 213/114/1
f 208/109/1 215/116/1 214/115/1
f 208/109/1 216/117/1 215/116/1
f 208/109/1 217/118/1 216/117/1
f 208/109/1 218/119/1 217/118/1
f 208/109/1 219/120/1 218/119/1
f 207/121/1 219/120/1 208/109/1
f 207/121/1 220/122/1 219/120/1
f 207/121/1 221/95/1 220/122/1
f 207/121/1 302/87/1 221/95/1
f 206/123/1 302/87/1 207/121/1
f 205/124/1 302/87/1 206/123/1
f 204/125/1 302/87/1 205/124/1
f 203/126/1 302/87/1 204/125/1
f 203/126/1 303/127/1 302/87/1
f 203/126/1 304/128/1 303/127/1
f 202/129/1 39/130/1 203/126/1
f 39/130/1 38/131/1 203/126/1
f 38/131/1 304/128/1 203/126/1
f 38/131/1 305/132/1 304/128/1
f 37/133/1 305/132/1 38/131/1
f 36/134/1 305/132/1 37/133/1
f 202/129/1 40/135/1 39/130/1
f 35/136/1 305/132/1 36/134/1
f 35/136/1 306/137/1 305/132/1
f 202/129/1 41/138/1 40/135/1
f 34/139/1 306/137/1 35/136/1
f 33/140/1 306/137/1 34/139/1
f 202/129/1 42/141/1 41/138/1
f 33/140/1 307/142/1 306/137/1
f 201/143/1 42/141/1 202/129/1
f 32/144/1 307/142/1 33/140/1
f 201/143/1 43/145/1 42/141/1
f 32/144/1 308/146/1 307/142/1
f 31/147/1 308/146/1 32/144/1
f 31/147/1 309/148/1 308/146/1
f 201/143/1 44/149/1 43/145/1
f 30/150/1 309/148/1 31/147/1
f 30/150/1 310/151/1 309/148/1
f 200/152/1 44/149/1 201/143/1
f 29/153/1 310/151/1 30/150/1
f 200/152/1 45/154/1 44/149/1
f 29/153/1 311/155/1 310/151/1
f 28/156/1 311/155/1 29/153/1
f 28/156/1 312/157/1 311/155/1
f 200/152/1 46/158/1 45/154/1
f 27/159/1 312/157/1 28/156/1
f 27/159/1 313/160/1 312/157/1
f 199/161/1 46/158/1 200/152/1
f 199/161/1 47/162/1 46/158/1
f 27/159/1 314/163/1 313/160/1
f 74/164/1 314/163/1 27/159/1
f 74/164/1 315/165/1 314/163/1
f 199/161/1 48/166/1 47/162/1
f 73/167/1 315/165/1 74/164/1
f 198/168/1 48/166/1 199/161/1
f 73/167/1 316/169/1 315/165/1
f 198/168/1 49/170/1 48/166/1
f 72/171/1 316/169/1 73/167/1
f 72/171/1 317/172/1 316/169/1
f 197/173/1 49/170/1 198/168/1
f 197/173/1 50/174/1 49/170/1
f 71/175/1 317/172/1 72/171/1
f 71/175/1 318/176/1 317/172/1
f 70/177/1 318/176/1 71/175/1
f 197/173/1 51/178/1 50/174/1
f 70/177/1 319/179/1 318/176/1
f 196/180/1 51/178/1 197/173/1
f 122/181/1 124/182/1 123/183/1
f 196/180/1 52/184/1 51/178/1
f 69/185/1 319/179/1 70/177/1
f 69/185/1 320/186/1 319/179/1
f 121/187/1 124/182/1 122/181/1
f 196/180/1 53/188/1 52/184/1
f 68/189/1 320/186/1 69/185/1
f 195/190/1 53/188/1 196/180/1
f 120/191/1 124/182/1 121/187/1
f 68/189/1 321/192/1 320/186/1
f 195/190/1 54/193/1 53/188/1
f 120/191/1 125/194/1 124/182/1
f 119/195/1 125/194/1 120/191/1
f 67/196/1 321/192/1 68/189/1
f 195/190/1 55/197/1 54/193/1
f 67/196/1 322/198/1 321/192/1
f 119/195/1 126/199/1 125/194/1
f 118/200/1 126/199/1 119/195/1
f 194/201/1 55/197/1 195/190/1
f 66/202/1 322/198/1 67/196/1
f 194/201/1 56/203/1 55/197/1
f 118/200/1 127/204/1 126/199/1
f 117/205/1 127/204/1 118/200/1
f 66/202/1 323/206/1 322/198/1
f 194/201/1 57/207/1 56/203/1
f 65/208/1 323/206/1 66/202/1
f 117/205/1 128/209/1 127/204/1
f 116/210/1 128/209/1 117/205/1
f 194/201/1 58/211/1 57/207/1
f 64/212/1 323/206/1 65/208/1
f 116/210/1 129/213/1 128/209/1
f 64/212/1 324/214/1 323/206/1
f 193/215/1 58/211/1 194/201/1
f 193/215/1 59/216/1 58/211/1
f 115/217/1 129/213/1 116/210/1
f 193/215/1 60/218/1 59/216/1
f 63/219/1 324/214/1 64/212/1
f 115/217/1 130/220/1 129/213/1
f 193/215/1 61/221/1 60/218/1
f 62/222/1 324/214/1 63/219/1
f 193/215/1 62/222/1 61/221/1
f 114/223/1 130/220/1 115/217/1
f 193/215/1 324/214/1 62/222/1
f 193/215/1 325/224/1 324/214/1
f 114/223/1 131/225/1 130/220/1
f 192/226/1 325/224/1 193/215/1
f 113/227/1 131/225/1 114/223/1
f 113/227/1 132/228/1 131/225/1
f 192/226/1 326/229/1 325/224/1
f 112/230/1 132/228/1 113/227/1
f 112/230/1 133/231/1 132/228/1
f 191/232/1 326/229/1 192/226/1
f 191/232/1 75/233/1 326/229/1
f 111/234/1 133/231/1 112/230/1
f 111/234/1 134/235/1 133/231/1
f 110/236/1 134/235/1 111/234/1
f 190/237/1 173/238/1 191/232/1
f 173/238/1 75/233/1 191/232/1
f 110/236/1 135/239/1 134/235/1
f 110/236/1 136/240/1 135/239/1
f 189/241/1 173/238/1 190/237/1
f 109/242/1 136/240/1 110/236/1
f 188/243/1 173/238/1 189/241/1
f 109/242/1 137/244/1 136/240/1
f 187/245/1 173/238/1 188/243/1
f 108/246/1 137/244/1 109/242/1
f 186/247/1 173/238/1 187/245/1
f 186/247/1 174/248/1 173/238/1
f 172/249/1 75/233/1 173/238/1
f 186/247/1 175/250/1 174/248/1
f 186/247/1 176/251/1 175/250/1
f 186/247/1 177/252/1 176/251/1
f 186/247/1 178/253/1 177/252/1
f 186/247/1 179/254/1 178/253/1
f 185/255/1 179/254/1 186/247/1
f 185/255/1 180/256/1 179/254/1
f 185/255/1 181/257/1 180/256/1
f 185/255/1 182/258/1 181/257/1
f 185/255/1 183/259/1 182/258/1
f 185/255/1 184/260/1 183/259/1
f 107/261/1 137/244/1 108/246/1
f 107/261/1 138/262/1 137/244/1
f 172/249/1 76/263/1 75/233/1
f 106/264/1 138/262/1 107/261/1
f 106/264/1 139/265/1 138/262/1
f 172/249/1 77/266/1 76/263/1
f 105/267/1 139/265/1 106/264/1
f 104/268/1 139/265/1 105/267/1
f 172/249/1 78/269/1 77/266/1
f 171/270/1 78/269/1 172/249/1
f 104/268/1 140/271/1 139/265/1
f 103/272/1 140/271/1 104/268/1
f 171/270/1 79/273/1 78/269/1
f 102/274/1 140/271/1 103/272/1
f 171/270/1 80/275/1 79/273/1
f 101/276/1 140/271/1 102/274/1
f 170/277/1 80/275/1 171/270/1
f 101/276/1 141/278/1 140/271/1
f 100/279/1 141/278/1 101/276/1
f 170/277/1 81/280/1 80/275/1
f 99/281/1 141/278/1 100/279/1
f 98/282/1 141/278/1 99/281/1
f 170/277/1 82/283/1 81/280/1
f 97/284/1 141/278/1 98/282/1
f 97/284/1 142/285/1 141/278/1
f 96/286/1 142/285/1 97/284/1
f 169/287/1 82/283/1 170/277/1
f 169/287/1 83/288/1 82/283/1
f 95/289/1 142/285/1 96/286/1
f 94/290/1 142/285/1 95/289/1
f 169/287/1 84/291/1 83/288/1
f 93/292/1 142/285/1 94/290/1
f 92/293/1 142/285/1 93/292/1
f 169/287/1 85/294/1 84/291/1
f 91/295/1 142/285/1 92/293/1
f 90/296/1 142/285/1 91/295/1
f 169/287/1 86/297/1 85/294/1
f 89/298/1 142/285/1 90/296/1
f 89/298/1 143/299/1 142/285/1
f 88/300/1 143/299/1 89/298/1
f 169/287/1 87/301/1 86/297/1
f 87/301/1 143/299/1 88/300/1
f 169/287/1 143/299/1 87/301/1
f 168/302/1 143/299/1 169/287/1
f 168/302/1 144/303/1 143/299/1
f 167/304/1 144/303/1 168/302/1
f 167/304/1 145/305/1 144/303/1
f 166/306/1 145/305/1 167/304/1
f 166/306/1 146/307/1 145/305/1
f 166/306/1 147/308/1 146/307/1
f 165/309/1 147/308/1 166/306/1
f 165/309/1 148/310/1 147/308/1
f 164/311/1 148/310/1 165/309/1
f 164/311/1 149/312/1 148/310/1
f 164/311/1 150/313/1 149/312/1
f 163/314/1 150/313/1 164/311/1
f 163/314/1 151/315/1 150/313/1
f 163/314/1 152/316/1 151/315/1
f 163/314/1 153/317/1 152/316/1
f 162/318/1 153/317/1 163/314/1
f 162/318/1 154/319/1 153/317/1
f 162/318/1 155/320/1 154/319/1
f 162/318/1 156/321/1 155/320/1
f 161/322/1 156/321/1 162/318/1
f 161/322/1 157/323/1 156/321/1
f 161/322/1 158/324/1 157/323/1
f 160/325/1 158/324/1 161/322/1
f 160/325/1 159/326/1 158/324/1
f 427/327/1 429/328/1 428/329/1
f 351/330/1 327/108/1 352/331/1
f 454/332/1 365/333/1 455/334/1
f 427/327/1 430/335/1 429/328/1
f 454/332/1 366/336/1 365/333/1
f 351/330/1 328/337/1 327/108/1
f 427/327/1 431/338/1 430/335/1
f 453/339/1 366/336/1 454/332/1
f 426/340/1 431/338/1 427/327/1
f 453/339/1 367/341/1 366/336/1
f 351/330/1 329/342/1 328/337/1
f 426/340/1 432/343/1 431/338/1
f 452/344/1 367/341/1 453/339/1
f 452/344/1 368/345/1 367/341/1
f 351/330/1 330/346/1 329/342/1
f 451/347/1 368/345/1 452/344/1
f 426/340/1 433/348/1 432/343/1
f 350/349/1 330/346/1 351/330/1
f 451/347/1 369/350/1 368/345/1
f 450/351/1 369/350/1 451/347/1
f 425/352/1 433/348/1 426/340/1
f 425/352/1 434/353/1 433/348/1
f 350/349/1 331/354/1 330/346/1
f 349/355/1 331/354/1 350/349/1
f 449/356/1 369/350/1 450/351/1
f 449/356/1 370/357/1 369/350/1
f 425/352/1 435/358/1 434/353/1
f 349/355/1 332/359/1 331/354/1
f 448/360/1 370/357/1 449/356/1
f 348/361/1 332/359/1 349/355/1
f 448/360/1 371/362/1 370/357/1
f 425/352/1 436/363/1 435/358/1
f 447/364/1 371/362/1 448/360/1
f 348/361/1 333/365/1 332/359/1
f 424/366/1 436/363/1 425/352/1
f 447/364/1 372/367/1 371/362/1
f 347/368/1 333/365/1 348/361/1
f 424/366/1 437/369/1 436/363/1
f 446/370/1 372/367/1 447/364/1
f 446/370/1 373/371/1 372/367/1
f 347/368/1 334/372/1 333/365/1
f 424/366/1 438/373/1 437/369/1
f 346/374/1 334/372/1 347/368/1
f 445/375/1 373/371/1 446/370/1
f 445/375/1 374/376/1 373/371/1
f 424/366/1 439/377/1 438/373/1
f 346/374/1 335/378/1 334/372/1
f 444/379/1 374/376/1 445/375/1
f 423/380/1 439/377/1 424/366/1
f 345/381/1 335/378/1 346/374/1
f 423/380/1 440/382/1 439/377/1
f 444/379/1 375/383/1 374/376/1
f 443/384/1 375/383/1 444/379/1
f 345/381/1 336/385/1 335/378/1
f 344/386/1 336/385/1 345/381/1
f 423/380/1 441/387/1 440/382/1
f 443/384/1 376/388/1 375/383/1
f 442/389/1 376/388/1 443/384/1
f 344/386/1 337/390/1 336/385/1
f 423/380/1 442/389/1 441/387/1
f 423/380/1 376/388/1 442/389/1
f 423/380/1 377/391/1 376/388/1
f 423/380/1 378/392/1 377/391/1
f 422/393/1 378/392/1 423/380/1
f 343/394/1 337/390/1 344/386/1
f 343/394/1 338/395/1 337/390/1
f 342/396/1 338/395/1 343/394/1
f 342/396/1 341/397/1 338/395/1
f 341/397/1 340/398/1 338/395/1
f 340/398/1 339/399/1 338/395/1
f 421/400/1 378/392/1 422/393/1
f 420/401/1 358/402/1 421/400/1
f 358/402/1 378/392/1 421/400/1
f 420/401/1 359/403/1 358/402/1
f 357/404/1 378/392/1 358/402/1
f 360/405/1 379/406/1 357/404/1
f 379/406/1 378/392/1 357/404/1
f 360/405/1 380/407/1 379/406/1
f 419/408/1 359/403/1 420/401/1
f 418/409/1 392/410/1 419/408/1
f 392/410/1 359/403/1 419/408/1
f 417/411/1 392/410/1 418/409/1
f 417/411/1 393/412/1 392/410/1
f 391/413/1 359/403/1 392/410/1
f 417/411/1 394/414/1 393/412/1
f 416/415/1 394/414/1 417/411/1
f 416/415/1 395/416/1 394/414/1
f 391/413/1 355/417/1 359/403/1
f 355/417/1 360/405/1 359/403/1
f 355/417/1 380/407/1 360/405/1
f 355/417/1 381/418/1 380/407/1
f 355/417/1 382/419/1 381/418/1
f 416/415/1 396/420/1 395/416/1
f 416/415/1 397/421/1 396/420/1
f 415/422/1 397/421/1 416/415/1
f 414/423/1 397/421/1 415/422/1
f 414/423/1 398/424/1 397/421/1
f 413/425/1 398/424/1 414/423/1
f 412/426/1 398/424/1 413/425/1
f 412/426/1 399/427/1 398/424/1
f 411/428/1 399/427/1 412/426/1
f 411/428/1 400/429/1 399/427/1
f 410/430/1 400/429/1 411/428/1
f 409/431/1 400/429/1 410/430/1
f 409/431/1 401/432/1 400/429/1
f 408/433/1 401/432/1 409/431/1
f 408/433/1 402/434/1 401/432/1
f 407/435/1 402/434/1 408/433/1
f 407/435/1 403/436/1 402/434/1
f 406/437/1 403/436/1 407/435/1
f 566/438/1 568/439/1 567/440/1
f 566/438/1 565/441/1 568/439/1
f 565/441/1 569/229/1 568/439/1
f 405/442/1 403/436/1 406/437/1
f 405/442/1 404/443/1 403/436/1
f 391/413/1 356/444/1 355/417/1
f 354/445/1 382/419/1 355/417/1
f 353/446/1 383/447/1 354/445/1
f 383/447/1 382/419/1 354/445/1
f 353/446/1 384/448/1 383/447/1
f 564/449/1 569/229/1 565/441/1
f 391/413/1 363/450/1 356/444/1
f 363/450/1 353/446/1 356/444/1
f 363/450/1 384/448/1 353/446/1
f 363/450/1 385/451/1 384/448/1
f 363/450/1 386/452/1 385/451/1
f 391/413/1 364/453/1 363/450/1
f 362/454/1 386/452/1 363/450/1
f 361/455/1 387/456/1 362/454/1
f 387/456/1 386/452/1 362/454/1
f 361/455/1 388/457/1 387/456/1
f 391/413/1 361/455/1 364/453/1
f 391/413/1 388/457/1 361/455/1
f 391/413/1 389/458/1 388/457/1
f 391/413/1 390/459/1 389/458/1
f 564/449/1 456/460/1 569/229/1
f 564/449/1 457/461/1 456/460/1
f 564/449/1 458/462/1 457/461/1
f 563/463/1 458/462/1 564/449/1
f 563/463/1 459/464/1 458/462/1
f 562/465/1 459/464/1 563/463/1
f 562/465/1 460/466/1 459/464/1
f 562/465/1 461/467/1 460/466/1
f 561/468/1 461/467/1 562/465/1
f 561/468/1 462/469/1 461/467/1
f 560/470/1 462/469/1 561/468/1
f 560/470/1 463/471/1 462/469/1
f 560/470/1 464/472/1 463/471/1
f 559/473/1 464/472/1 560/470/1
f 559/473/1 465/474/1 464/472/1
f 558/475/1 465/474/1 559/473/1
f 558/475/1 466/476/1 465/474/1
f 558/475/1 467/477/1 466/476/1
f 557/478/1 467/477/1 558/475/1
f 557/478/1 468/479/1 467/477/1
f 556/480/1 468/479/1 557/478/1
f 556/480/1 469/481/1 468/479/1
f 555/482/1 539/483/1 556/480/1
f 539/483/1 469/481/1 556/480/1
f 539/483/1 470/484/1 469/481/1
f 555/482/1 540/485/1 539/483/1
f 538/486/1 470/484/1 539/483/1
f 537/487/1 470/484/1 538/486/1
f 555/482/1 541/488/1 540/485/1
f 536/489/1 470/484/1 537/487/1
f 536/489/1 471/490/1 470/484/1
f 555/482/1 542/491/1 541/488/1
f 535/492/1 471/490/1 536/489/1
f 554/493/1 542/491/1 555/482/1
f 490/494/1 492/495/1 491/496/1
f 535/492/1 472/497/1 471/490/1
f 534/498/1 472/497/1 535/492/1
f 554/493/1 543/499/1 542/491/1
f 489/500/1 492/495/1 490/494/1
f 488/501/1 492/495/1 489/500/1
f 534/498/1 473/502/1 472/497/1
f 533/503/1 473/502/1 534/498/1
f 488/501/1 493/504/1 492/495/1
f 487/505/1 493/504/1 488/501/1
f 553/506/1 543/499/1 554/493/1
f 533/503/1 474/507/1 473/502/1
f 486/508/1 493/504/1 487/505/1
f 553/506/1 544/509/1 543/499/1
f 532/510/1 474/507/1 533/503/1
f 485/511/1 493/504/1 486/508/1
f 532/510/1 475/512/1 474/507/1
f 484/513/1 493/504/1 485/511/1
f 484/513/1 494/514/1 493/504/1
f 532/510/1 476/515/1 475/512/1
f 483/516/1 494/514/1 484/513/1
f 482/517/1 494/514/1 483/516/1
f 532/510/1 477/518/1 476/515/1
f 481/519/1 494/514/1 482/517/1
f 531/520/1 477/518/1 532/510/1
f 531/520/1 478/521/1 477/518/1
f 480/522/1 494/514/1 481/519/1
f 531/520/1 479/523/1 478/521/1
f 479/523/1 494/514/1 480/522/1
f 531/520/1 494/514/1 479/523/1
f 553/506/1 545/524/1 544/509/1
f 552/525/1 545/524/1 553/506/1
f 531/520/1 495/526/1 494/514/1
f 530/527/1 495/526/1 531/520/1
f 530/527/1 496/528/1 495/526/1
f 529/529/1 496/528/1 530/527/1
f 552/525/1 546/530/1 545/524/1
f 551/531/1 550/532/1 552/525/1
f 550/532/1 549/533/1 552/525/1
f 549/533/1 548/534/1 552/525/1
f 548/534/1 547/535/1 552/525/1
f 547/535/1 546/530/1 552/525/1
f 528/536/1 496/528/1 529/529/1
f 528/536/1 497/537/1 496/528/1
f 527/538/1 497/537/1 528/536/1
f 527/538/1 498/539/1 497/537/1
f 526/540/1 498/539/1 527/538/1
f 526/540/1 499/541/1 498/539/1
f 525/542/1 499/541/1 526/540/1
f 525/542/1 500/543/1 499/541/1
f 524/544/1 500/543/1 525/542/1
f 524/544/1 501/545/1 500/543/1
f 523/546/1 501/545/1 524/544/1
f 523/546/1 502/547/1 501/545/1
f 522/548/1 502/547/1 523/546/1
f 522/548/1 503/549/1 502/547/1
f 521/550/1 503/549/1 522/548/1
f 520/551/1 503/549/1 521/550/1
f 520/551/1 504/552/1 503/549/1
f 520/551/1 505/553/1 504/552/1
f 520/551/1 506/554/1 505/553/1
f 519/555/1 506/554/1 520/551/1
f 519/555/1 507/556/1 506/554/1
f 519/555/1 508/557/1 507/556/1
f 518/558/1 508/557/1 519/555/1
f 518/558/1 509/559/1 508/557/1
f 518/558/1 510/560/1 509/559/1
f 517/561/1 510/560/1 518/558/1
f 517/561/1 511/562/1 510/560/1
f 517/561/1 512/563/1 511/562/1
f 516/564/1 512/563/1 517/561/1
f 516/564/1 513/565/1 512/563/1
f 516/564/1 514/566/1 513/565/1
f 515/567/1 514/566/1 516/564/1
f 592/568/1 594/569/1 593/570/1
f 591/571/1 594/569/1 592/568/1
f 590/572/1 594/569/1 591/571/1
f 589/573/1 594/569/1 590/572/1
f 588/574/1 594/569/1 589/573/1
f 587/575/1 594/569/1 588/574/1
f 586/576/1 594/569/1 587/575/1
f 585/577/1 594/569/1 586/576/1
f 584/578/1 594/569/1 585/577/1
f 583/579/1 594/569/1 584/578/1
f 582/580/1 594/569/1 583/579/1
f 581/581/1 594/569/1 582/580/1
f 580/582/1 594/569/1 581/581/1
f 579/583/1 594/569/1 580/582/1
f 578/584/1 594/569/1 579/583/1
f 577/585/1 594/569/1 578/584/1
f 576/586/1 594/569/1 577/585/1
f 575/587/1 594/569/1 576/586/1
f 574/588/1 594/569/1 575/587/1
f 573/589/1 594/569/1 574/588/1
f 572/590/1 594/569/1 573/589/1
f 571/591/1 594/569/1 572/590/1
f 570/108/1 594/569/1 571/591/1
f 680/592/1 594/569/1 570/108/1
f 679/593/1 594/569/1 680/592/1
f 678/594/1 594/569/1 679/593/1
f 677/595/1 594/569/1 678/594/1
f 676/596/1 594/569/1 677/595/1
f 675/597/1 594/569/1 676/596/1
f 674/598/1 594/569/1 675/597/1
f 673/599/1 594/569/1 674/598/1
f 672/600/1 594/569/1 673/599/1
f 671/601/1 594/569/1 672/600/1
f 670/602/1 594/569/1 671/601/1
f 669/603/1 594/569/1 670/602/1
f 668/604/1 594/569/1 669/603/1
f 667/605/1 666/606/1 668/604/1
f 666/606/1 665/607/1 668/604/1
f 665/607/1 664/608/1 668/604/1
f 664/608/1 663/609/1 668/604/1
f 663/609/1 662/610/1 668/604/1
f 662/610/1 661/611/1 668/604/1
f 661/611/1 660/612/1 668/604/1
f 660/612/1 659/613/1 668/604/1
f 659/613/1 655/614/1 668/604/1
f 655/614/1 599/615/1 668/604/1
f 599/615/1 598/616/1 668/604/1
f 598/616/1 597/617/1 668/604/1
f 597/617/1 596/618/1 668/604/1
f 596/618/1 595/619/1 668/604/1
f 595/619/1 594/569/1 668/604/1
f 655/614/1 600/620/1 599/615/1
f 655/614/1 601/621/1 600/620/1
f 655/614/1 602/622/1 601/621/1
f 655/614/1 603/623/1 602/622/1
f 655/614/1 604/624/1 603/623/1
f 655/614/1 605/625/1 604/624/1
f 659/613/1 658/626/1 655/614/1
f 658/626/1 656/627/1 655/614/1
f 654/628/1 605/625/1 655/614/1
f 654/628/1 606/629/1 605/625/1
f 658/626/1 657/630/1 656/627/1
f 654/628/1 607/631/1 606/629/1
f 653/632/1 607/631/1 654/628/1
f 653/632/1 608/633/1 607/631/1
f 652/634/1 608/633/1 653/632/1
f 652/634/1 609/635/1 608/633/1
f 651/360/1 609/635/1 652/634/1
f 651/360/1 610/636/1 609/635/1
f 719/637/1 721/638/1 720/639/1
f 650/640/1 610/636/1 651/360/1
f 719/637/1 722/641/1 721/638/1
f 650/640/1 611/642/1 610/636/1
f 719/637/1 723/643/1 722/641/1
f 718/644/1 723/643/1 719/637/1
f 718/644/1 724/645/1 723/643/1
f 717/646/1 724/645/1 718/644/1
f 649/647/1 611/642/1 650/640/1
f 649/647/1 612/648/1 611/642/1
f 717/646/1 725/649/1 724/645/1
f 693/650/1 695/651/1 694/652/1
f 716/653/1 725/649/1 717/646/1
f 693/650/1 696/654/1 695/651/1
f 716/653/1 726/655/1 725/649/1
f 715/656/1 726/655/1 716/653/1
f 693/650/1 697/657/1 696/654/1
f 648/658/1 612/648/1 649/647/1
f 692/659/1 697/657/1 693/650/1
f 715/656/1 727/660/1 726/655/1
f 648/658/1 613/661/1 612/648/1
f 714/662/1 727/660/1 715/656/1
f 692/659/1 698/663/1 697/657/1
f 691/664/1 698/663/1 692/659/1
f 714/662/1 728/665/1 727/660/1
f 713/666/1 728/665/1 714/662/1
f 691/664/1 699/667/1 698/663/1
f 690/668/1 699/667/1 691/664/1
f 713/666/1 729/669/1 728/665/1
f 712/670/1 729/669/1 713/666/1
f 647/671/1 613/661/1 648/658/1
f 690/668/1 700/672/1 699/667/1
f 647/671/1 614/673/1 613/661/1
f 689/674/1 700/672/1 690/668/1
f 711/675/1 729/669/1 712/670/1
f 711/675/1 730/676/1 729/669/1
f 689/674/1 701/677/1 700/672/1
f 688/678/1 701/677/1 689/674/1
f 710/679/1 730/676/1 711/675/1
f 710/679/1 731/680/1 730/676/1
f 687/681/1 701/677/1 688/678/1
f 687/681/1 702/682/1 701/677/1
f 646/683/1 614/673/1 647/671/1
f 709/684/1 731/680/1 710/679/1
f 709/684/1 732/229/1 731/680/1
f 646/683/1 615/685/1 614/673/1
f 686/686/1 702/682/1 687/681/1
f 686/686/1 703/687/1 702/682/1
f 709/684/1 708/688/1 732/229/1
f 708/688/1 707/689/1 732/229/1
f 685/690/1 703/687/1 686/686/1
f 685/690/1 704/691/1 703/687/1
f 684/692/1 704/691/1 685/690/1
f 684/692/1 705/693/1 704/691/1
f 645/694/1 615/685/1 646/683/1
f 645/694/1 616/695/1 615/685/1
f 683/696/1 705/693/1 684/692/1
f 683/696/1 706/697/1 705/693/1
f 682/698/1 706/697/1 683/696/1
f 682/698/1 681/699/1 706/697/1
f 645/694/1 617/700/1 616/695/1
f 644/701/1 617/700/1 645/694/1
f 644/701/1 618/702/1 617/700/1
f 643/703/1 618/702/1 644/701/1
f 643/703/1 619/704/1 618/702/1
f 642/705/1 619/704/1 643/703/1
f 642/705/1 620/706/1 619/704/1
f 641/707/1 620/706/1 642/705/1
f 641/707/1 621/708/1 620/706/1
f 640/709/1 621/708/1 641/707/1
f 640/709/1 622/710/1 621/708/1
f 640/709/1 623/711/1 622/710/1
f 639/712/1 623/711/1 640/709/1
f 639/712/1 624/713/1 623/711/1
f 638/714/1 624/713/1 639/712/1
f 638/714/1 625/715/1 624/713/1
f 638/714/1 626/716/1 625/715/1
f 637/717/1 626/716/1 638/714/1
f 637/717/1 627/718/1 626/716/1
f 637/717/1 628/719/1 627/718/1
f 637/717/1 629/720/1 628/719/1
f 637/717/1 630/721/1 629/720/1
f 636/722/1 630/721/1 637/717/1
f 636/722/1 631/723/1 630/721/1
f 635/724/1 631/723/1 636/722/1
f 634/725/1 631/723/1 635/724/1
f 633/726/1 631/723/1 634/725/1
f 632/727/1 631/723/1 633/726/1
f 793/728/1 795/729/1 794/730/1
f 755/731/1 757/732/1 756/733/1
f 793/728/1 796/734/1 795/729/1
f 754/735/1 757/732/1 755/731/1
f 793/728/1 797/736/1 796/734/1
f 753/737/1 757/732/1 754/735/1
f 793/728/1 798/738/1 797/736/1
f 752/739/1 757/732/1 753/737/1
f 793/728/1 799/740/1 798/738/1
f 751/741/1 757/732/1 752/739/1
f 793/728/1 800/742/1 799/740/1
f 750/743/1 757/732/1 751/741/1
f 793/728/1 801/744/1 800/742/1
f 749/745/1 757/732/1 750/743/1
f 793/728/1 802/746/1 801/744/1
f 748/747/1 757/732/1 749/745/1
f 793/728/1 803/748/1 802/746/1
f 747/749/1 757/732/1 748/747/1
f 793/728/1 804/750/1 803/748/1
f 746/751/1 757/732/1 747/749/1
f 793/728/1 805/752/1 804/750/1
f 745/753/1 757/732/1 746/751/1
f 793/728/1 806/229/1 805/752/1
f 744/754/1 757/732/1 745/753/1
f 793/728/1 733/108/1 806/229/1
f 793/728/1 734/755/1 733/108/1
f 793/728/1 735/756/1 734/755/1
f 793/728/1 736/757/1 735/756/1
f 793/728/1 737/758/1 736/757/1
f 793/728/1 738/759/1 737/758/1
f 793/728/1 739/760/1 738/759/1
f 793/728/1 740/761/1 739/760/1
f 793/728/1 741/762/1 740/761/1
f 793/728/1 742/763/1 741/762/1
f 793/728/1 743/764/1 742/763/1
f 793/728/1 744/754/1 743/764/1
f 793/728/1 792/765/1 744/754/1
f 792/765/1 791/766/1 744/754/1
f 791/766/1 790/767/1 744/754/1
f 790/767/1 789/768/1 744/754/1
f 789/768/1 788/769/1 744/754/1
f 788/769/1 787/770/1 744/754/1
f 787/770/1 786/771/1 744/754/1
f 786/771/1 785/772/1 744/754/1
f 785/772/1 784/773/1 744/754/1
f 784/773/1 783/774/1 744/754/1
f 783/774/1 782/775/1 744/754/1
f 782/775/1 781/776/1 744/754/1
f 781/776/1 780/777/1 744/754/1
f 780/777/1 779/778/1 744/754/1
f 779/778/1 778/779/1 744/754/1
f 778/779/1 776/780/1 744/754/1
f 776/780/1 773/781/1 744/754/1
f 773/781/1 770/782/1 744/754/1
f 770/782/1 769/783/1 744/754/1
f 769/783/1 768/784/1 744/754/1
f 768/784/1 767/785/1 744/754/1
f 767/785/1 766/786/1 744/754/1
f 766/786/1 765/787/1 744/754/1
f 765/787/1 764/788/1 744/754/1
f 764/788/1 763/789/1 744/754/1
f 763/789/1 762/790/1 744/754/1
f 762/790/1 757/732/1 744/754/1
f 777/791/1 776/780/1 778/779/1
f 775/792/1 773/781/1 776/780/1
f 774/793/1 773/781/1 775/792/1
f 772/794/2 770/782/2 773/781/2
f 771/795/1 770/782/1 772/794/1
f 761/796/1 757/732/1 762/790/1
f 760/797/1 757/732/1 761/796/1
f 759/798/1 757/732/1 760/797/1
f 758/799/3 757/732/3 759/798/3
f 870/800/1 872/801/1 871/802/1
f 870/800/1 873/803/1 872/801/1
f 870/800/1 874/804/1 873/803/1
f 870/800/1 875/805/1 874/804/1
f 869/806/1 875/805/1 870/800/1
f 868/807/1 875/805/1 869/806/1
f 868/807/1 876/713/1 875/805/1
f 867/808/1 876/713/1 868/807/1
f 867/808/1 877/809/1 876/713/1
f 866/810/1 877/809/1 867/808/1
f 866/810/1 878/811/1 877/809/1
f 865/812/1 878/811/1 866/810/1
f 865/812/1 879/813/1 878/811/1
f 864/814/1 879/813/1 865/812/1
f 864/814/1 880/815/1 879/813/1
f 863/816/1 880/815/1 864/814/1
f 863/816/1 881/817/1 880/815/1
f 862/818/1 881/817/1 863/816/1
f 862/818/1 882/819/1 881/817/1
f 861/820/1 882/819/1 862/818/1
f 861/820/1 883/821/1 882/819/1
f 860/822/1 883/821/1 861/820/1
f 860/822/1 884/823/1 883/821/1
f 859/824/1 884/823/1 860/822/1
f 858/825/1 884/823/1 859/824/1
f 857/826/1 884/823/1 858/825/1
f 907/827/1 909/828/1 908/829/1
f 906/830/1 909/828/1 907/827/1
f 905/831/1 909/828/1 906/830/1
f 904/832/1 909/828/1 905/831/1
f 903/833/1 909/828/1 904/832/1
f 902/834/1 909/828/1 903/833/1
f 901/835/1 909/828/1 902/834/1
f 900/836/1 909/828/1 901/835/1
f 899/705/1 909/828/1 900/836/1
f 898/837/1 909/828/1 899/705/1
f 897/838/1 909/828/1 898/837/1
f 896/839/1 909/828/1 897/838/1
f 895/840/1 909/828/1 896/839/1
f 894/841/1 909/828/1 895/840/1
f 893/842/1 909/828/1 894/841/1
f 892/843/1 909/828/1 893/842/1
f 891/844/1 909/828/1 892/843/1
f 890/845/1 909/828/1 891/844/1
f 889/846/1 909/828/1 890/845/1
f 888/847/1 909/828/1 889/846/1
f 887/848/1 909/828/1 888/847/1
f 886/849/1 909/828/1 887/848/1
f 885/850/1 909/828/1 886/849/1
f 884/823/1 909/828/1 885/850/1
f 857/826/1 909/828/1 884/823/1
f 856/851/1 909/828/1 857/826/1
f 855/852/1 909/828/1 856/851/1
f 854/853/1 909/828/1 855/852/1
f 853/629/1 909/828/1 854/853/1
f 852/854/1 909/828/1 853/629/1
f 852/854/1 910/855/1 909/828/1
f 852/854/1 911/856/1 910/855/1
f 852/854/1 912/857/1 911/856/1
f 851/858/1 912/857/1 852/854/1
f 851/858/1 913/859/1 912/857/1
f 851/858/1 914/860/1 913/859/1
f 851/858/1 915/861/1 914/860/1
f 850/862/1 915/861/1 851/858/1
f 850/862/1 916/863/1 915/861/1
f 850/862/1 917/864/1 916/863/1
f 850/862/1 918/865/1 917/864/1
f 849/866/1 918/865/1 850/862/1
f 849/866/1 919/867/1 918/865/1
f 849/866/1 920/868/1 919/867/1
f 849/866/1 921/869/1 920/868/1
f 848/870/1 921/869/1 849/866/1
f 848/870/1 922/612/1 921/869/1
f 847/871/1 922/612/1 848/870/1
f 846/872/1 922/612/1 847/871/1
f 845/873/1 922/612/1 846/872/1
f 844/874/1 922/612/1 845/873/1
f 843/875/1 922/612/1 844/874/1
f 842/876/1 922/612/1 843/875/1
f 841/877/1 922/612/1 842/876/1
f 840/878/1 922/612/1 841/877/1
f 839/879/1 922/612/1 840/878/1
f 838/880/1 922/612/1 839/879/1
f 837/881/1 922/612/1 838/880/1
f 836/882/1 922/612/1 837/881/1
f 835/883/1 922/612/1 836/882/1
f 834/884/1 922/612/1 835/883/1
f 833/885/1 922/612/1 834/884/1
f 832/886/1 831/887/1 833/885/1
f 831/887/1 830/574/1 833/885/1
f 830/574/1 829/888/1 833/885/1
f 829/888/1 828/889/1 833/885/1
f 828/889/1 827/890/1 833/885/1
f 827/890/1 826/891/1 833/885/1
f 826/891/1 825/892/1 833/885/1
f 825/892/1 824/893/1 833/885/1
f 824/893/1 823/894/1 833/885/1
f 823/894/1 822/895/1 833/885/1
f 822/895/1 821/896/1 833/885/1
f 821/896/1 820/897/1 833/885/1
f 820/897/1 922/612/1 833/885/1
f 820/897/1 819/898/1 922/612/1
f 819/898/1 923/899/1 922/612/1
f 818/900/1 923/899/1 819/898/1
f 935/901/1 937/902/1 936/903/1
f 934/904/1 937/902/1 935/901/1
f 933/905/1 937/902/1 934/904/1
f 932/906/1 937/902/1 933/905/1
f 931/907/1 937/902/1 932/906/1
f 930/908/1 937/902/1 931/907/1
f 929/909/1 937/902/1 930/908/1
f 928/910/1 937/902/1 929/909/1
f 927/911/1 937/902/1 928/910/1
f 926/912/1 937/902/1 927/911/1
f 925/913/1 937/902/1 926/912/1
f 924/914/1 937/902/1 925/913/1
f 923/899/1 937/902/1 924/914/1
f 818/900/1 937/902/1 923/899/1
f 817/915/1 937/902/1 818/900/1
f 816/916/1 937/902/1 817/915/1
f 815/917/1 937/902/1 816/916/1
f 815/917/1 938/918/1 937/902/1
f 815/917/1 939/919/1 938/918/1
f 815/917/1 940/920/1 939/919/1
f 815/917/1 941/921/1 940/920/1
f 815/917/1 942/922/1 941/921/1
f 815/917/1 943/923/1 942/922/1
f 814/924/1 943/923/1 815/917/1
f 814/924/1 944/925/1 943/923/1
f 814/924/1 945/594/1 944/925/1
f 814/924/1 946/926/1 945/594/1
f 813/927/1 946/926/1 814/924/1
f 813/927/1 947/928/1 946/926/1
f 813/927/1 948/929/1 947/928/1
f 813/927/1 949/930/1 948/929/1
f 812/931/1 949/930/1 813/927/1
f 812/931/1 950/932/1 949/930/1
f 811/933/1 950/932/1 812/931/1
f 810/934/1 950/932/1 811/933/1
f 809/935/1 950/932/1 810/934/1
f 808/936/1 950/932/1 809/935/1
f 807/108/1 950/932/1 808/936/1
f 1014/229/1 950/932/1 807/108/1
f 1013/937/1 950/932/1 1014/229/1
f 1012/938/1 950/932/1 1013/937/1
f 1011/939/1 950/932/1 1012/938/1
f 1010/940/1 950/932/1 1011/939/1
f 1009/941/1 950/932/1 1010/940/1
f 1008/942/1 950/932/1 1009/941/1
f 1007/943/1 950/932/1 1008/942/1
f 1006/944/1 950/932/1 1007/943/1
f 1005/945/1 950/932/1 1006/944/1
f 1004/946/1 950/932/1 1005/945/1
f 1003/947/1 950/932/1 1004/946/1
f 1002/948/1 950/932/1 1003/947/1
f 1001/949/1 1000/950/1 1002/948/1
f 1000/950/1 999/951/1 1002/948/1
f 999/951/1 998/952/1 1002/948/1
f 998/952/1 997/953/1 1002/948/1
f 997/953/1 996/954/1 1002/948/1
f 996/954/1 995/955/1 1002/948/1
f 995/955/1 994/956/1 1002/948/1
f 994/956/1 993/957/1 1002/948/1
f 993/957/1 992/958/1 1002/948/1
f 992/958/1 991/662/1 1002/948/1
f 991/662/1 988/959/1 1002/948/1
f 988/959/1 987/960/1 1002/948/1
f 987/960/1 986/961/1 1002/948/1
f 986/961/1 985/962/1 1002/948/1
f 985/962/1 984/963/1 1002/948/1
f 984/963/1 983/964/1 1002/948/1
f 983/964/1 982/965/1 1002/948/1
f 982/965/1 981/966/1 1002/948/1
f 981/966/1 980/967/1 1002/948/1
f 980/967/1 979/968/1 1002/948/1
f 979/968/1 978/969/1 1002/948/1
f 978/969/1 977/970/1 1002/948/1
f 977/970/1 950/932/1 1002/948/1
f 977/970/1 951/971/1 950/932/1
f 976/972/1 951/971/1 977/970/1
f 991/662/4 990/973/4 988/959/4
f 990/973/1 989/974/1 988/959/1
f 976/972/1 952/975/1 951/971/1
f 976/972/1 953/976/1 952/975/1
f 975/977/1 953/976/1 976/972/1
f 975/977/1 954/978/1 953/976/1
f 974/979/1 954/978/1 975/977/1
f 974/979/1 955/980/1 954/978/1
f 973/981/1 955/980/1 974/979/1
f 973/981/1 956/982/1 955/980/1
f 972/983/1 956/982/1 973/981/1
f 972/983/1 957/984/1 956/982/1
f 971/985/1 957/984/1 972/983/1
f 971/985/1 958/986/1 957/984/1
f 970/987/1 958/986/1 971/985/1
f 970/987/1 959/988/1 958/986/1
f 969/989/1 959/988/1 970/987/1
f 969/989/1 960/990/1 959/988/1
f 968/654/1 960/990/1 969/989/1
f 968/654/1 961/991/1 960/990/1
f 967/992/1 961/991/1 968/654/1
f 967/992/1 962/993/1 961/991/1
f 966/994/1 962/993/1 967/992/1
f 966/994/1 963/995/1 962/993/1
f 966/994/1 964/996/1 963/995/1
f 965/997/5 964/996/5 966/994/5
f 1027/629/1 1029/648/1 1028/635/1
f 1027/629/1 1030/685/1 1029/648/1
f 1026/623/1 1030/685/1 1027/629/1
f 1026/623/1 1031/702/1 1030/685/1
f 1025/620/1 1031/702/1 1026/623/1
f 1025/620/1 1032/708/1 1031/702/1
f 1025/620/1 1033/713/1 1032/708/1
f 1024/617/1 1033/713/1 1025/620/1
f 1024/617/1 1034/718/1 1033/713/1
f 1067/655/1 1069/229/1 1068/669/1
f 1067/655/1 1015/108/1 1069/229/1
f 1023/569/1 1034/718/1 1024/617/1
f 1023/569/1 1035/721/1 1034/718/1
f 1023/569/1 1036/726/1 1035/721/1
f 1022/571/1 1036/726/1 1023/569/1
f 1022/571/1 1037/722/1 1036/726/1
f 1021/574/1 1037/722/1 1022/571/1
f 1021/574/1 1038/712/1 1037/722/1
f 1021/574/1 1039/705/1 1038/712/1
f 1020/577/1 1039/705/1 1021/574/1
f 1020/577/1 1040/694/1 1039/705/1
f 1019/580/1 1040/694/1 1020/577/1
f 1019/580/1 1050/597/1 1040/694/1
f 1050/597/1 1049/600/1 1040/694/1
f 1049/600/1 1048/603/1 1040/694/1
f 1048/603/1 1047/606/1 1040/694/1
f 1047/606/1 1046/609/1 1040/694/1
f 1046/609/1 1045/612/1 1040/694/1
f 1045/612/1 1044/630/1 1040/694/1
f 1044/630/1 1043/628/1 1040/694/1
f 1043/628/1 1042/360/1 1040/694/1
f 1042/360/1 1041/658/1 1040/694/1
f 1018/583/1 1052/699/1 1019/580/1
f 1052/699/1 1051/594/1 1019/580/1
f 1051/594/1 1050/597/1 1019/580/1
f 1017/586/1 1054/681/1 1018/583/1
f 1054/681/1 1053/692/1 1018/583/1
f 1053/692/1 1052/699/1 1018/583/1
f 1017/586/1 1055/668/1 1054/681/1
f 1017/586/1 1056/650/1 1055/668/1
f 1016/589/1 1056/650/1 1017/586/1
f 1016/589/1 1057/654/1 1056/650/1
f 1016/589/1 1058/667/1 1057/654/1
f 1067/655/1 1016/589/1 1015/108/1
f 1067/655/1 1062/675/1 1016/589/1
f 1062/675/1 1061/688/1 1016/589/1
f 1061/688/1 1060/693/1 1016/589/1
f 1060/693/1 1059/682/1 1016/589/1
f 1059/682/1 1058/667/1 1016/589/1
f 1067/655/1 1063/662/1 1062/675/1
f 1067/655/1 1064/646/1 1063/662/1
f 1067/655/1 1065/639/1 1064/646/1
f 1067/655/1 1066/643/1 1065/639/1
f 1104/998/1 1106/999/1 1105/1000/1
f 1104/998/1 1107/1001/1 1106/999/1
f 1103/1002/1 1107/1001/1 1104/998/1
f 1103/1002/1 1108/1003/1 1107/1001/1
f 1102/1004/1 1108/1003/1 1103/1002/1
f 1102/1004/1 1109/1005/1 1108/1003/1
f 1101/1006/1 1109/1005/1 1102/1004/1
f 1101/1006/1 1110/1007/1 1109/1005/1
f 1100/1008/1 1110/1007/1 1101/1006/1
f 1100/1008/1 1111/1009/1 1110/1007/1
f 1099/1010/1 1111/1009/1 1100/1008/1
f 1099/1010/1 1112/1011/1 1111/1009/1
f 1098/1012/1 1155/1013/1 1099/1010/1
f 1155/1013/1 1112/1011/1 1099/1010/1
f 1098/1012/1 1156/1014/1 1155/1013/1
f 1154/1015/1 1112/1011/1 1155/1013/1
f 1098/1012/1 1157/1016/1 1156/1014/1
f 1153/1017/1 1112/1011/1 1154/1015/1
f 1098/1012/1 1158/1018/1 1157/1016/1
f 1152/1019/1 1112/1011/1 1153/1017/1
f 1152/1019/1 1113/1020/1 1112/1011/1
f 1098/1012/1 1159/1021/1 1158/1018/1
f 1097/1022/1 1159/1021/1 1098/1012/1
f 1151/1023/1 1113/1020/1 1152/1019/1
f 1097/1022/1 1160/1024/1 1159/1021/1
f 1150/1025/1 1113/1020/1 1151/1023/1
f 1097/1022/1 1161/1026/1 1160/1024/1
f 1149/1027/1 1113/1020/1 1150/1025/1
f 1097/1022/1 1162/1028/1 1161/1026/1
f 1148/1029/1 1113/1020/1 1149/1027/1
f 1096/1030/1 1162/1028/1 1097/1022/1
f 1148/1029/1 1114/1031/1 1113/1020/1
f 1096/1030/1 1163/1032/1 1162/1028/1
f 1147/1033/1 1114/1031/1 1148/1029/1
f 1096/1030/1 1164/1034/1 1163/1032/1
f 1146/1035/1 1114/1031/1 1147/1033/1
f 1095/1036/1 1164/1034/1 1096/1030/1
f 1146/1035/1 1115/1037/1 1114/1031/1
f 1095/1036/1 1165/1038/1 1164/1034/1
f 1145/1039/1 1115/1037/1 1146/1035/1
f 1095/1036/1 1166/1040/1 1165/1038/1
f 1144/1041/1 1115/1037/1 1145/1039/1
f 1094/1042/1 1166/1040/1 1095/1036/1
f 1094/1042/1 1167/1043/1 1166/1040/1
f 1144/1041/1 1116/1044/1 1115/1037/1
f 1168/229/1 1116/1044/1 1144/1041/1
f 1094/1042/1 1168/229/1 1167/1043/1
f 1094/1042/1 1116/1044/1 1168/229/1
f 1093/1045/1 1116/1044/1 1094/1042/1
f 1093/1045/1 1117/1046/1 1116/1044/1
f 1092/1047/1 1118/1048/1 1093/1045/1
f 1118/1048/1 1117/1046/1 1093/1045/1
f 1092/1047/1 1119/360/1 1118/1048/1
f 1091/1049/1 1119/360/1 1092/1047/1
f 1091/1049/1 1120/1050/1 1119/360/1
f 1091/1049/1 1121/1051/1 1120/1050/1
f 1090/1052/1 1121/1051/1 1091/1049/1
f 1090/1052/1 1122/1053/1 1121/1051/1
f 1089/1054/1 1122/1053/1 1090/1052/1
f 1089/1054/1 1123/1055/1 1122/1053/1
f 1141/1056/1 1143/1057/1 1142/1058/1
f 1089/1054/1 1124/1059/1 1123/1055/1
f 1140/1060/1 1143/1057/1 1141/1056/1
f 1139/1061/1 1143/1057/1 1140/1060/1
f 1088/1062/1 1124/1059/1 1089/1054/1
f 1088/1062/1 1125/1063/1 1124/1059/1
f 1138/1064/1 1143/1057/1 1139/1061/1
f 1137/1065/1 1143/1057/1 1138/1064/1
f 1088/1062/1 1126/1066/1 1125/1063/1
f 1136/1067/1 1143/1057/1 1137/1065/1
f 1088/1062/1 1127/1068/1 1126/1066/1
f 1135/1069/1 1143/1057/1 1136/1067/1
f 1087/1070/1 1127/1068/1 1088/1062/1
f 1134/1071/1 1143/1057/1 1135/1069/1
f 1087/1070/1 1128/1072/1 1127/1068/1
f 1133/1073/1 1143/1057/1 1134/1071/1
f 1087/1070/1 1129/1074/1 1128/1072/1
f 1132/1075/1 1143/1057/1 1133/1073/1
f 1131/1076/1 1143/1057/1 1132/1075/1
f 1087/1070/1 1130/1077/1 1129/1074/1
f 1130/1077/1 1143/1057/1 1131/1076/1
f 1087/1070/1 1143/1057/1 1130/1077/1
f 1086/1078/1 1143/1057/1 1087/1070/1
f 1086/1078/1 1070/108/1 1143/1057/1
f 1085/1079/1 1070/108/1 1086/1078/1
f 1085/1079/1 1071/1080/1 1070/108/1
f 1085/1079/1 1072/1081/1 1071/1080/1
f 1084/1082/1 1072/1081/1 1085/1079/1
f 1084/1082/1 1073/1083/1 1072/1081/1
f 1084/1082/1 1074/1084/1 1073/1083/1
f 1083/1085/1 1074/1084/1 1084/1082/1
f 1083/1085/1 1075/1086/1 1074/1084/1
f 1083/1085/1 1076/1087/1 1075/1086/1
f 1082/1088/1 1076/1087/1 1083/1085/1
f 1082/1088/1 1077/1089/1 1076/1087/1
f 1082/1088/1 1078/1090/1 1077/1089/1
f 1082/1088/1 1079/1091/1 1078/1090/1
f 1081/1092/1 1079/1091/1 1082/1088/1
f 1081/1092/1 1080/1093/1 1079/1091/1
f 1224/1094/1 1226/229/1 1225/1095/1
f 1224/1094/1 1169/108/1 1226/229/1
f 1224/1094/1 1170/1096/1 1169/108/1
f 1223/1097/1 1170/1096/1 1224/1094/1
f 1222/1098/1 1170/1096/1 1223/1097/1
f 1221/1099/1 1171/1100/1 1222/1098/1
f 1171/1100/1 1170/1096/1 1222/1098/1
f 1221/1099/1 1172/1101/1 1171/1100/1
f 1221/1099/1 1173/1102/1 1172/1101/1
f 1220/1103/1 1173/1102/1 1221/1099/1
f 1220/1103/1 1174/1104/1 1173/1102/1
f 1220/1103/1 1175/1105/1 1174/1104/1
f 1219/1106/1 1175/1105/1 1220/1103/1
f 1219/1106/1 1176/1107/1 1175/1105/1
f 1195/1108/1 1197/1109/1 1196/1110/1
f 1194/1111/1 1197/1109/1 1195/1108/1
f 1219/1106/1 1177/1112/1 1176/1107/1
f 1193/1113/1 1197/1109/1 1194/1111/1
f 1218/1114/1 1177/1112/1 1219/1106/1
f 1218/1114/1 1178/1115/1 1177/1112/1
f 1192/1116/1 1197/1109/1 1193/1113/1
f 1191/1117/1 1197/1109/1 1192/1116/1
f 1218/1114/1 1179/1118/1 1178/1115/1
f 1190/1119/1 1197/1109/1 1191/1117/1
f 1218/1114/1 1180/1120/1 1179/1118/1
f 1189/1121/1 1197/1109/1 1190/1119/1
f 1218/1114/1 1181/1122/1 1180/1120/1
f 1188/713/1 1197/1109/1 1189/1121/1
f 1217/1123/1 1181/1122/1 1218/1114/1
f 1187/1124/1 1197/1109/1 1188/713/1
f 1217/1123/1 1182/1125/1 1181/1122/1
f 1186/1126/1 1197/1109/1 1187/1124/1
f 1217/1123/1 1183/1127/1 1182/1125/1
f 1185/1128/1 1197/1109/1 1186/1126/1
f 1217/1123/1 1184/1129/1 1183/1127/1
f 1184/1129/1 1197/1109/1 1185/1128/1
f 1217/1123/1 1197/1109/1 1184/1129/1
f 1216/1130/1 1197/1109/1 1217/1123/1
f 1215/1131/1 1197/1109/1 1216/1130/1
f 1214/1132/1 1197/1109/1 1215/1131/1
f 1214/1132/1 1198/1133/1 1197/1109/1
f 1213/1134/1 1198/1133/1 1214/1132/1
f 1213/1134/1 1199/1135/1 1198/1133/1
f 1213/1134/1 1200/1136/1 1199/1135/1
f 1212/1137/1 1200/1136/1 1213/1134/1
f 1212/1137/1 1201/1138/1 1200/1136/1
f 1212/1137/1 1202/1139/1 1201/1138/1
f 1212/1137/1 1203/1140/1 1202/1139/1
f 1211/1141/1 1203/1140/1 1212/1137/1
f 1211/1141/1 1204/1142/1 1203/1140/1
f 1211/1141/1 1205/1143/1 1204/1142/1
f 1210/1144/1 1205/1143/1 1211/1141/1
f 1210/1144/1 1206/1145/1 1205/1143/1
f 1210/1144/1 1207/594/1 1206/1145/1
f 1209/1146/1 1207/594/1 1210/1144/1
f 1209/1146/1 1208/1147/1 1207/594/1
f 1238/1148/1 1240/1149/1 1239/1049/1
f 1237/1150/1 1240/1149/1 1238/1148/1
f 1237/1150/1 1241/1151/1 1240/1149/1
f 1236/1152/1 1241/1151/1 1237/1150/1
f 1235/1082/1 1241/1151/1 1236/1152/1
f 1235/1082/1 1242/1153/1 1241/1151/1
f 1234/1154/1 1242/1153/1 1235/1082/1
f 1280/1155/1 1282/1156/1 1281/1157/1
f 1280/1155/1 1283/229/1 1282/1156/1
f 1234/1154/1 1243/1012/1 1242/1153/1
f 1233/1158/1 1243/1012/1 1234/1154/1
f 1232/1159/1 1243/1012/1 1233/1158/1
f 1232/1159/1 1244/1160/1 1243/1012/1
f 1231/1089/1 1244/1160/1 1232/1159/1
f 1231/1089/1 1245/1161/1 1244/1160/1
f 1230/1162/1 1245/1161/1 1231/1089/1
f 1229/1163/1 1245/1161/1 1230/1162/1
f 1229/1163/1 1246/1164/1 1245/1161/1
f 1228/1165/1 1246/1164/1 1229/1163/1
f 1227/108/1 1246/1164/1 1228/1165/1
f 1227/108/1 1266/1166/1 1246/1164/1
f 1266/1166/1 1247/1000/1 1246/1164/1
f 1280/1155/1 1227/108/1 1283/229/1
f 1280/1155/1 1278/1167/1 1227/108/1
f 1278/1167/1 1277/1168/1 1227/108/1
f 1277/1168/1 1276/1169/1 1227/108/1
f 1276/1169/1 1275/1015/1 1227/108/1
f 1275/1015/1 1274/1170/1 1227/108/1
f 1274/1170/1 1273/1171/1 1227/108/1
f 1273/1171/1 1272/1172/1 1227/108/1
f 1272/1172/1 1271/1033/1 1227/108/1
f 1271/1033/1 1270/1173/1 1227/108/1
f 1270/1173/1 1269/1174/1 1227/108/1
f 1269/1174/1 1268/1175/1 1227/108/1
f 1268/1175/1 1267/1060/1 1227/108/1
f 1267/1060/1 1266/1166/1 1227/108/1
f 1265/1176/1 1247/1000/1 1266/1166/1
f 1264/1177/1 1247/1000/1 1265/1176/1
f 1263/1073/1 1247/1000/1 1264/1177/1
f 1262/1178/1 1247/1000/1 1263/1073/1
f 1262/1178/1 1248/1179/1 1247/1000/1
f 1261/1180/1 1248/1179/1 1262/1178/1
f 1260/1181/1 1248/1179/1 1261/1180/1
f 1259/1066/1 1248/1179/1 1260/1181/1
f 1259/1066/1 1249/1182/1 1248/1179/1
f 1258/1183/1 1249/1182/1 1259/1066/1
f 1257/1184/1 1249/1182/1 1258/1183/1
f 1257/1184/1 1250/1185/1 1249/1182/1
f 1256/1186/1 1250/1185/1 1257/1184/1
f 1280/1155/1 1279/1026/1 1278/1167/1
f 1255/360/1 1250/1185/1 1256/1186/1
f 1255/360/1 1251/1011/1 1250/1185/1
f 1254/1187/1 1251/1011/1 1255/360/1
f 1253/1188/1 1251/1011/1 1254/1187/1
f 1253/1188/1 1252/1189/1 1251/1011/1
f 1292/549/1 1284/108/1 1293/542/1
f 1284/108/1 1294/535/1 1293/542/1
f 1284/108/1 1295/229/1 1294/535/1
f 1292/549/1 1285/355/1 1284/108/1
f 1292/549/1 1288/422/1 1285/355/1
f 1288/422/1 1286/362/1 1285/355/1
f 1288/422/1 1287/412/1 1286/362/1
f 1292/549/1 1289/369/1 1288/422/1
f 1292/549/1 1290/464/1 1289/369/1
f 1292/549/1 1291/519/1 1290/464/1
f 1556/1/2 1557/3/2 1558/2/2
f 1556/1/2 1558/2/2 1559/4/2
f 1555/5/2 1556/1/2 1559/4/2
f 1555/5/2 1559/4/2 1560/6/2
f 1554/7/2 1555/5/2 1560/6/2
f 1554/7/2 1560/6/2 1561/8/2
f 1553/9/2 1554/7/2 1561/8/2
f 1553/9/2 1561/8/2 1562/10/2
f 1552/11/2 1553/9/2 1562/10/2
f 1552/11/2 1562/10/2 1563/12/2
f 1551/13/2 1552/11/2 1563/12/2
f 1551/13/2 1563/12/2 1564/14/2
f 1550/15/2 1551/13/2 1564/14/2
f 1550/15/2 1564/14/2 1565/16/2
f 1549/17/2 1550/15/2 1565/16/2
f 1549/17/2 1565/16/2 1566/18/2
f 1548/19/2 1549/17/2 1566/18/2
f 1548/19/2 1566/18/2 1567/20/2
f 1547/21/2 1548/19/2 1567/20/2
f 1547/21/2 1567/20/2 1568/22/2
f 1546/23/2 1547/21/2 1568/22/2
f 1546/23/2 1568/22/2 1569/24/2
f 1545/25/2 1546/23/2 1569/24/2
f 1545/25/2 1569/24/2 1570/26/2
f 1544/27/2 1545/25/2 1570/26/2
f 1544/27/2 1570/26/2 1571/28/2
f 1308/29/2 1309/31/2 1310/30/2
f 1582/32/2 1583/34/2 1584/33/2
f 1581/35/2 1582/32/2 1584/33/2
f 1308/29/2 1310/30/2 1311/36/2
f 1580/37/2 1581/35/2 1584/33/2
f 1579/38/2 1580/37/2 1584/33/2
f 1578/39/2 1579/38/2 1584/33/2
f 1577/40/2 1578/39/2 1584/33/2
f 1308/29/2 1311/36/2 1312/41/2
f 1576/42/2 1577/40/2 1584/33/2
f 1575/43/2 1576/42/2 1584/33/2
f 1574/44/2 1575/43/2 1584/33/2
f 1530/45/2 1531/47/2 1532/46/2
f 1573/48/2 1574/44/2 1584/33/2
f 1530/45/2 1532/46/2 1533/49/2
f 1572/50/2 1573/48/2 1584/33/2
f 1530/45/2 1533/49/2 1534/51/2
f 1571/28/2 1572/50/2 1584/33/2
f 1308/29/2 1312/41/2 1313/52/2
f 1530/45/2 1534/51/2 1535/53/2
f 1544/27/2 1571/28/2 1584/33/2
f 1530/45/2 1535/53/2 1536/54/2
f 1530/45/2 1536/54/2 1537/55/2
f 1530/45/2 1537/55/2 1538/56/2
f 1530/45/2 1538/56/2 1539/57/2
f 1530/45/2 1539/57/2 1540/58/2
f 1543/59/2 1544/27/2 1584/33/2
f 1530/45/2 1540/58/2 1541/60/2
f 1530/45/2 1541/60/2 1542/61/2
f 1530/45/2 1542/61/2 1543/59/2
f 1530/45/2 1543/59/2 1584/33/2
f 1307/62/2 1308/29/2 1313/52/2
f 1307/62/2 1313/52/2 1314/63/2
f 1306/64/2 1307/62/2 1314/63/2
f 1306/64/2 1314/63/2 1315/65/2
f 1305/66/2 1306/64/2 1315/65/2
f 1530/45/2 1584/33/2 1585/67/2
f 1530/45/2 1585/67/2 1586/68/2
f 1305/66/2 1315/65/2 1316/69/2
f 1530/45/2 1586/68/2 1587/70/2
f 1304/71/2 1305/66/2 1316/69/2
f 1530/45/2 1587/70/2 1588/72/2
f 1530/45/2 1588/72/2 1589/73/2
f 1530/45/2 1589/73/2 1590/74/2
f 1530/45/2 1590/74/2 1591/75/2
f 1530/45/2 1591/75/2 1592/76/2
f 1530/45/2 1592/76/2 1593/77/2
f 1304/71/2 1316/69/2 1317/78/2
f 1530/45/2 1593/77/2 1594/79/2
f 1303/80/2 1304/71/2 1317/78/2
f 1529/81/2 1530/45/2 1594/79/2
f 1529/81/2 1594/79/2 1595/82/2
f 1528/83/2 1529/81/2 1595/82/2
f 1528/83/2 1595/82/2 1596/84/2
f 1527/85/2 1528/83/2 1596/84/2
f 1527/85/2 1596/84/2 1517/86/2
f 1517/86/2 1596/84/2 1597/87/2
f 1526/88/2 1527/85/2 1517/86/2
f 1525/89/2 1526/88/2 1517/86/2
f 1524/90/2 1525/89/2 1517/86/2
f 1523/91/2 1524/90/2 1517/86/2
f 1522/92/2 1523/91/2 1517/86/2
f 1521/93/2 1522/92/2 1517/86/2
f 1521/93/2 1517/86/2 1518/94/2
f 1516/95/2 1517/86/2 1597/87/2
f 1520/96/2 1521/93/2 1518/94/2
f 1519/97/2 1520/96/2 1518/94/2
f 1303/80/2 1317/78/2 1318/98/2
f 1302/99/2 1303/80/2 1318/98/2
f 1302/99/2 1318/98/2 1319/100/2
f 1301/101/2 1302/99/2 1319/100/2
f 1301/101/2 1319/100/2 1320/102/2
f 1300/103/2 1301/101/2 1320/102/2
f 1300/103/2 1320/102/2 1321/104/2
f 1299/105/2 1300/103/2 1321/104/2
f 1299/105/2 1321/104/2 1298/106/2
f 1298/106/2 1321/104/2 1297/107/2
f 1297/107/2 1321/104/2 1296/108/2
f 1503/109/2 1504/111/2 1505/110/2
f 1503/109/2 1505/110/2 1506/112/2
f 1503/109/2 1506/112/2 1507/113/2
f 1503/109/2 1507/113/2 1508/114/2
f 1503/109/2 1508/114/2 1509/115/2
f 1503/109/2 1509/115/2 1510/116/2
f 1503/109/2 1510/116/2 1511/117/2
f 1503/109/2 1511/117/2 1512/118/2
f 1503/109/2 1512/118/2 1513/119/2
f 1503/109/2 1513/119/2 1514/120/2
f 1502/121/2 1503/109/2 1514/120/2
f 1502/121/2 1514/120/2 1515/122/2
f 1502/121/2 1515/122/2 1516/95/2
f 1502/121/2 1516/95/2 1597/87/2
f 1501/123/2 1502/121/2 1597/87/2
f 1500/124/2 1501/123/2 1597/87/2
f 1499/125/2 1500/124/2 1597/87/2
f 1498/126/2 1499/125/2 1597/87/2
f 1498/126/2 1597/87/2 1598/127/2
f 1498/126/2 1598/127/2 1599/128/2
f 1497/129/2 1498/126/2 1334/130/2
f 1334/130/2 1498/126/2 1333/131/2
f 1333/131/2 1498/126/2 1599/128/2
f 1333/131/2 1599/128/2 1600/132/2
f 1332/133/2 1333/131/2 1600/132/2
f 1331/134/2 1332/133/2 1600/132/2
f 1497/129/2 1334/130/2 1335/135/2
f 1330/136/2 1331/134/2 1600/132/2
f 1330/136/2 1600/132/2 1601/137/2
f 1497/129/2 1335/135/2 1336/138/2
f 1329/139/2 1330/136/2 1601/137/2
f 1328/140/2 1329/139/2 1601/137/2
f 1497/129/2 1336/138/2 1337/141/2
f 1328/140/2 1601/137/2 1602/142/2
f 1496/143/2 1497/129/2 1337/141/2
f 1327/144/2 1328/140/2 1602/142/2
f 1496/143/2 1337/141/2 1338/145/2
f 1327/144/2 1602/142/2 1603/146/2
f 1326/147/2 1327/144/2 1603/146/2
f 1326/147/2 1603/146/2 1604/148/2
f 1496/143/2 1338/145/2 1339/149/2
f 1325/150/2 1326/147/2 1604/148/2
f 1325/150/2 1604/148/2 1605/151/2
f 1495/152/2 1496/143/2 1339/149/2
f 1324/153/2 1325/150/2 1605/151/2
f 1495/152/2 1339/149/2 1340/154/2
f 1324/153/2 1605/151/2 1606/155/2
f 1323/156/2 1324/153/2 1606/155/2
f 1323/156/2 1606/155/2 1607/157/2
f 1495/152/2 1340/154/2 1341/158/2
f 1322/159/2 1323/156/2 1607/157/2
f 1322/159/2 1607/157/2 1608/160/2
f 1494/161/2 1495/152/2 1341/158/2
f 1494/161/2 1341/158/2 1342/162/2
f 1322/159/2 1608/160/2 1609/163/2
f 1369/164/2 1322/159/2 1609/163/2
f 1369/164/2 1609/163/2 1610/165/2
f 1494/161/2 1342/162/2 1343/166/2
f 1368/167/2 1369/164/2 1610/165/2
f 1493/168/2 1494/161/2 1343/166/2
f 1368/167/2 1610/165/2 1611/169/2
f 1493/168/2 1343/166/2 1344/170/2
f 1367/171/2 1368/167/2 1611/169/2
f 1367/171/2 1611/169/2 1612/172/2
f 1492/173/2 1493/168/2 1344/170/2
f 1492/173/2 1344/170/2 1345/174/2
f 1366/175/2 1367/171/2 1612/172/2
f 1366/175/2 1612/172/2 1613/176/2
f 1365/177/2 1366/175/2 1613/176/2
f 1492/173/2 1345/174/2 1346/178/2
f 1365/177/2 1613/176/2 1614/179/2
f 1491/180/2 1492/173/2 1346/178/2
f 1417/181/2 1418/183/2 1419/182/2
f 1491/180/2 1346/178/2 1347/184/2
f 1364/185/2 1365/177/2 1614/179/2
f 1364/185/2 1614/179/2 1615/186/2
f 1416/187/2 1417/181/2 1419/182/2
f 1491/180/2 1347/184/2 1348/188/2
f 1363/189/2 1364/185/2 1615/186/2
f 1490/190/2 1491/180/2 1348/188/2
f 1415/191/2 1416/187/2 1419/182/2
f 1363/189/2 1615/186/2 1616/192/2
f 1490/190/2 1348/188/2 1349/193/2
f 1415/191/2 1419/182/2 1420/194/2
f 1414/195/2 1415/191/2 1420/194/2
f 1362/196/2 1363/189/2 1616/192/2
f 1490/190/2 1349/193/2 1350/197/2
f 1362/196/2 1616/192/2 1617/198/2
f 1414/195/2 1420/194/2 1421/199/2
f 1413/200/2 1414/195/2 1421/199/2
f 1489/201/2 1490/190/2 1350/197/2
f 1361/202/2 1362/196/2 1617/198/2
f 1489/201/2 1350/197/2 1351/203/2
f 1413/200/2 1421/199/2 1422/204/2
f 1412/205/2 1413/200/2 1422/204/2
f 1361/202/2 1617/198/2 1618/206/2
f 1489/201/2 1351/203/2 1352/207/2
f 1360/208/2 1361/202/2 1618/206/2
f 1412/205/2 1422/204/2 1423/209/2
f 1411/210/2 1412/205/2 1423/209/2
f 1489/201/2 1352/207/2 1353/211/2
f 1359/212/2 1360/208/2 1618/206/2
f 1411/210/2 1423/209/2 1424/213/2
f 1359/212/2 1618/206/2 1619/214/2
f 1488/215/2 1489/201/2 1353/211/2
f 1488/215/2 1353/211/2 1354/216/2
f 1410/217/2 1411/210/2 1424/213/2
f 1488/215/2 1354/216/2 1355/218/2
f 1358/219/2 1359/212/2 1619/214/2
f 1410/217/2 1424/213/2 1425/220/2
f 1488/215/2 1355/218/2 1356/221/2
f 1357/222/2 1358/219/2 1619/214/2
f 1488/215/2 1356/221/2 1357/222/2
f 1409/223/2 1410/217/2 1425/220/2
f 1488/215/2 1357/222/2 1619/214/2
f 1488/215/2 1619/214/2 1620/224/2
f 1409/223/2 1425/220/2 1426/225/2
f 1487/226/2 1488/215/2 1620/224/2
f 1408/227/2 1409/223/2 1426/225/2
f 1408/227/2 1426/225/2 1427/228/2
f 1487/226/2 1620/224/2 1621/229/2
f 1407/230/2 1408/227/2 1427/228/2
f 1407/230/2 1427/228/2 1428/231/2
f 1486/232/2 1487/226/2 1621/229/2
f 1486/232/2 1621/229/2 1370/233/2
f 1406/234/2 1407/230/2 1428/231/2
f 1406/234/2 1428/231/2 1429/235/2
f 1405/236/2 1406/234/2 1429/235/2
f 1485/237/2 1486/232/2 1468/238/2
f 1468/238/2 1486/232/2 1370/233/2
f 1405/236/2 1429/235/2 1430/239/2
f 1405/236/2 1430/239/2 1431/240/2
f 1484/241/2 1485/237/2 1468/238/2
f 1404/242/2 1405/236/2 1431/240/2
f 1483/243/2 1484/241/2 1468/238/2
f 1404/242/2 1431/240/2 1432/244/2
f 1482/245/2 1483/243/2 1468/238/2
f 1403/246/2 1404/242/2 1432/244/2
f 1481/247/2 1482/245/2 1468/238/2
f 1481/247/2 1468/238/2 1469/248/2
f 1467/249/2 1468/238/2 1370/233/2
f 1481/247/2 1469/248/2 1470/250/2
f 1481/247/2 1470/250/2 1471/251/2
f 1481/247/2 1471/251/2 1472/252/2
f 1481/247/2 1472/252/2 1473/253/2
f 1481/247/2 1473/253/2 1474/254/2
f 1480/255/2 1481/247/2 1474/254/2
f 1480/255/2 1474/254/2 1475/256/2
f 1480/255/2 1475/256/2 1476/257/2
f 1480/255/2 1476/257/2 1477/258/2
f 1480/255/2 1477/258/2 1478/259/2
f 1480/255/2 1478/259/2 1479/260/2
f 1402/261/2 1403/246/2 1432/244/2
f 1402/261/2 1432/244/2 1433/262/2
f 1467/249/2 1370/233/2 1371/263/2
f 1401/264/2 1402/261/2 1433/262/2
f 1401/264/2 1433/262/2 1434/265/2
f 1467/249/2 1371/263/2 1372/266/2
f 1400/267/2 1401/264/2 1434/265/2
f 1399/268/2 1400/267/2 1434/265/2
f 1467/249/2 1372/266/2 1373/269/2
f 1466/270/2 1467/249/2 1373/269/2
f 1399/268/2 1434/265/2 1435/271/2
f 1398/272/2 1399/268/2 1435/271/2
f 1466/270/2 1373/269/2 1374/273/2
f 1397/274/2 1398/272/2 1435/271/2
f 1466/270/2 1374/273/2 1375/275/2
f 1396/276/2 1397/274/2 1435/271/2
f 1465/277/2 1466/270/2 1375/275/2
f 1396/276/2 1435/271/2 1436/278/2
f 1395/279/2 1396/276/2 1436/278/2
f 1465/277/2 1375/275/2 1376/280/2
f 1394/281/2 1395/279/2 1436/278/2
f 1393/282/2 1394/281/2 1436/278/2
f 1465/277/2 1376/280/2 1377/283/2
f 1392/284/2 1393/282/2 1436/278/2
f 1392/284/2 1436/278/2 1437/285/2
f 1391/286/2 1392/284/2 1437/285/2
f 1464/287/2 1465/277/2 1377/283/2
f 1464/287/2 1377/283/2 1378/288/2
f 1390/289/2 1391/286/2 1437/285/2
f 1389/290/2 1390/289/2 1437/285/2
f 1464/287/2 1378/288/2 1379/291/2
f 1388/292/2 1389/290/2 1437/285/2
f 1387/293/2 1388/292/2 1437/285/2
f 1464/287/2 1379/291/2 1380/294/2
f 1386/295/2 1387/293/2 1437/285/2
f 1385/296/2 1386/295/2 1437/285/2
f 1464/287/2 1380/294/2 1381/297/2
f 1384/298/2 1385/296/2 1437/285/2
f 1384/298/2 1437/285/2 1438/299/2
f 1383/300/2 1384/298/2 1438/299/2
f 1464/287/2 1381/297/2 1382/301/2
f 1382/301/2 1383/300/2 1438/299/2
f 1464/287/2 1382/301/2 1438/299/2
f 1463/302/2 1464/287/2 1438/299/2
f 1463/302/2 1438/299/2 1439/303/2
f 1462/304/2 1463/302/2 1439/303/2
f 1462/304/2 1439/303/2 1440/305/2
f 1461/306/2 1462/304/2 1440/305/2
f 1461/306/2 1440/305/2 1441/307/2
f 1461/306/2 1441/307/2 1442/308/2
f 1460/309/2 1461/306/2 1442/308/2
f 1460/309/2 1442/308/2 1443/310/2
f 1459/311/2 1460/309/2 1443/310/2
f 1459/311/2 1443/310/2 1444/312/2
f 1459/311/2 1444/312/2 1445/313/2
f 1458/314/2 1459/311/2 1445/313/2
f 1458/314/2 1445/313/2 1446/315/2
f 1458/314/2 1446/315/2 1447/316/2
f 1458/314/2 1447/316/2 1448/317/2
f 1457/318/2 1458/314/2 1448/317/2
f 1457/318/2 1448/317/2 1449/319/2
f 1457/318/2 1449/319/2 1450/320/2
f 1457/318/2 1450/320/2 1451/321/2
f 1456/322/2 1457/318/2 1451/321/2
f 1456/322/2 1451/321/2 1452/323/2
f 1456/322/2 1452/323/2 1453/324/2
f 1455/325/2 1456/322/2 1453/324/2
f 1455/325/2 1453/324/2 1454/326/2
f 1722/327/2 1723/329/2 1724/328/2
f 1646/330/2 1647/331/2 1622/108/2
f 1749/332/2 1750/334/2 1660/333/2
f 1722/327/2 1724/328/2 1725/335/2
f 1749/332/2 1660/333/2 1661/336/2
f 1646/330/2 1622/108/2 1623/337/2
f 1722/327/2 1725/335/2 1726/338/2
f 1748/339/2 1749/332/2 1661/336/2
f 1721/340/2 1722/327/2 1726/338/2
f 1748/339/2 1661/336/2 1662/341/2
f 1646/330/2 1623/337/2 1624/342/2
f 1721/340/2 1726/338/2 1727/343/2
f 1747/344/2 1748/339/2 1662/341/2
f 1747/344/2 1662/341/2 1663/345/2
f 1646/330/2 1624/342/2 1625/346/2
f 1746/347/2 1747/344/2 1663/345/2
f 1721/340/2 1727/343/2 1728/348/2
f 1645/349/2 1646/330/2 1625/346/2
f 1746/347/2 1663/345/2 1664/350/2
f 1745/351/2 1746/347/2 1664/350/2
f 1720/352/2 1721/340/2 1728/348/2
f 1720/352/2 1728/348/2 1729/353/2
f 1645/349/2 1625/346/2 1626/354/2
f 1644/355/2 1645/349/2 1626/354/2
f 1744/356/2 1745/351/2 1664/350/2
f 1744/356/2 1664/350/2 1665/357/2
f 1720/352/2 1729/353/2 1730/358/2
f 1644/355/2 1626/354/2 1627/359/2
f 1743/360/2 1744/356/2 1665/357/2
f 1643/361/2 1644/355/2 1627/359/2
f 1743/360/2 1665/357/2 1666/362/2
f 1720/352/2 1730/358/2 1731/363/2
f 1742/364/2 1743/360/2 1666/362/2
f 1643/361/2 1627/359/2 1628/365/2
f 1719/366/2 1720/352/2 1731/363/2
f 1742/364/2 1666/362/2 1667/367/2
f 1642/368/2 1643/361/2 1628/365/2
f 1719/366/2 1731/363/2 1732/369/2
f 1741/370/2 1742/364/2 1667/367/2
f 1741/370/2 1667/367/2 1668/371/2
f 1642/368/2 1628/365/2 1629/372/2
f 1719/366/2 1732/369/2 1733/373/2
f 1641/374/2 1642/368/2 1629/372/2
f 1740/375/2 1741/370/2 1668/371/2
f 1740/375/2 1668/371/2 1669/376/2
f 1719/366/2 1733/373/2 1734/377/2
f 1641/374/2 1629/372/2 1630/378/2
f 1739/379/2 1740/375/2 1669/376/2
f 1718/380/2 1719/366/2 1734/377/2
f 1640/381/2 1641/374/2 1630/378/2
f 1718/380/2 1734/377/2 1735/382/2
f 1739/379/2 1669/376/2 1670/383/2
f 1738/384/2 1739/379/2 1670/383/2
f 1640/381/2 1630/378/2 1631/385/2
f 1639/386/2 1640/381/2 1631/385/2
f 1718/380/2 1735/382/2 1736/387/2
f 1738/384/2 1670/383/2 1671/388/2
f 1737/389/2 1738/384/2 1671/388/2
f 1639/386/2 1631/385/2 1632/390/2
f 1718/380/2 1736/387/2 1737/389/2
f 1718/380/2 1737/389/2 1671/388/2
f 1718/380/2 1671/388/2 1672/391/2
f 1718/380/2 1672/391/2 1673/392/2
f 1717/393/2 1718/380/2 1673/392/2
f 1638/394/2 1639/386/2 1632/390/2
f 1638/394/2 1632/390/2 1633/395/2
f 1637/396/2 1638/394/2 1633/395/2
f 1637/396/2 1633/395/2 1636/397/2
f 1636/397/2 1633/395/2 1635/398/2
f 1635/398/2 1633/395/2 1634/399/2
f 1716/400/2 1717/393/2 1673/392/2
f 1715/401/2 1716/400/2 1653/402/2
f 1653/402/2 1716/400/2 1673/392/2
f 1715/401/2 1653/402/2 1654/403/2
f 1652/404/1 1653/402/1 1673/392/1
f 1655/405/2 1652/404/2 1674/406/2
f 1674/406/1 1652/404/1 1673/392/1
f 1655/405/2 1674/406/2 1675/407/2
f 1714/408/2 1715/401/2 1654/403/2
f 1713/409/2 1714/408/2 1687/410/2
f 1687/410/2 1714/408/2 1654/403/2
f 1712/411/2 1713/409/2 1687/410/2
f 1712/411/2 1687/410/2 1688/412/2
f 1686/413/2 1687/410/2 1654/403/2
f 1712/411/2 1688/412/2 1689/414/2
f 1711/415/2 1712/411/2 1689/414/2
f 1711/415/2 1689/414/2 1690/416/2
f 1686/413/2 1654/403/2 1650/417/2
f 1650/417/2 1654/403/2 1655/405/2
f 1650/417/2 1655/405/2 1675/407/2
f 1650/417/2 1675/407/2 1676/418/2
f 1650/417/2 1676/418/2 1677/419/2
f 1711/415/2 1690/416/2 1691/420/2
f 1711/415/2 1691/420/2 1692/421/2
f 1710/422/2 1711/415/2 1692/421/2
f 1709/423/2 1710/422/2 1692/421/2
f 1709/423/2 1692/421/2 1693/424/2
f 1708/425/2 1709/423/2 1693/424/2
f 1707/426/2 1708/425/2 1693/424/2
f 1707/426/2 1693/424/2 1694/427/2
f 1706/428/2 1707/426/2 1694/427/2
f 1706/428/2 1694/427/2 1695/429/2
f 1705/430/2 1706/428/2 1695/429/2
f 1704/431/2 1705/430/2 1695/429/2
f 1704/431/2 1695/429/2 1696/432/2
f 1703/433/2 1704/431/2 1696/432/2
f 1703/433/2 1696/432/2 1697/434/2
f 1702/435/2 1703/433/2 1697/434/2
f 1702/435/2 1697/434/2 1698/436/2
f 1701/437/2 1702/435/2 1698/436/2
f 1861/438/2 1862/440/2 1863/439/2
f 1861/438/2 1863/439/2 1860/441/2
f 1860/441/2 1863/439/2 1864/229/2
f 1700/442/2 1701/437/2 1698/436/2
f 1700/442/2 1698/436/2 1699/443/2
f 1686/413/2 1650/417/2 1651/444/2
f 1649/445/2 1650/417/2 1677/419/2
f 1648/446/2 1649/445/2 1678/447/2
f 1678/447/2 1649/445/2 1677/419/2
f 1648/446/2 1678/447/2 1679/448/2
f 1859/449/2 1860/441/2 1864/229/2
f 1686/413/2 1651/444/2 1658/450/2
f 1658/450/2 1651/444/2 1648/446/2
f 1658/450/2 1648/446/2 1679/448/2
f 1658/450/2 1679/448/2 1680/451/2
f 1658/450/2 1680/451/2 1681/452/2
f 1686/413/2 1658/450/2 1659/453/2
f 1657/454/1 1658/450/1 1681/452/1
f 1656/455/2 1657/454/2 1682/456/2
f 1682/456/1 1657/454/1 1681/452/1
f 1656/455/2 1682/456/2 1683/457/2
f 1686/413/2 1659/453/2 1656/455/2
f 1686/413/2 1656/455/2 1683/457/2
f 1686/413/2 1683/457/2 1684/458/2
f 1686/413/2 1684/458/2 1685/459/2
f 1859/449/2 1864/229/2 1751/460/2
f 1859/449/2 1751/460/2 1752/461/2
f 1859/449/2 1752/461/2 1753/462/2
f 1858/463/2 1859/449/2 1753/462/2
f 1858/463/2 1753/462/2 1754/464/2
f 1857/465/2 1858/463/2 1754/464/2
f 1857/465/2 1754/464/2 1755/466/2
f 1857/465/2 1755/466/2 1756/467/2
f 1856/468/2 1857/465/2 1756/467/2
f 1856/468/2 1756/467/2 1757/469/2
f 1855/470/2 1856/468/2 1757/469/2
f 1855/470/2 1757/469/2 1758/471/2
f 1855/470/2 1758/471/2 1759/472/2
f 1854/473/2 1855/470/2 1759/472/2
f 1854/473/2 1759/472/2 1760/474/2
f 1853/475/2 1854/473/2 1760/474/2
f 1853/475/2 1760/474/2 1761/476/2
f 1853/475/2 1761/476/2 1762/477/2
f 1852/478/2 1853/475/2 1762/477/2
f 1852/478/2 1762/477/2 1763/479/2
f 1851/480/2 1852/478/2 1763/479/2
f 1851/480/2 1763/479/2 1764/481/2
f 1850/482/2 1851/480/2 1834/483/2
f 1834/483/2 1851/480/2 1764/481/2
f 1834/483/2 1764/481/2 1765/484/2
f 1850/482/2 1834/483/2 1835/485/2
f 1833/486/2 1834/483/2 1765/484/2
f 1832/487/2 1833/486/2 1765/484/2
f 1850/482/2 1835/485/2 1836/488/2
f 1831/489/2 1832/487/2 1765/484/2
f 1831/489/2 1765/484/2 1766/490/2
f 1850/482/2 1836/488/2 1837/491/2
f 1830/492/2 1831/489/2 1766/490/2
f 1849/493/2 1850/482/2 1837/491/2
f 1785/494/2 1786/496/2 1787/495/2
f 1830/492/2 1766/490/2 1767/497/2
f 1829/498/2 1830/492/2 1767/497/2
f 1849/493/2 1837/491/2 1838/499/2
f 1784/500/2 1785/494/2 1787/495/2
f 1783/501/2 1784/500/2 1787/495/2
f 1829/498/2 1767/497/2 1768/502/2
f 1828/503/2 1829/498/2 1768/502/2
f 1783/501/2 1787/495/2 1788/504/2
f 1782/505/2 1783/501/2 1788/504/2
f 1848/506/2 1849/493/2 1838/499/2
f 1828/503/2 1768/502/2 1769/507/2
f 1781/508/2 1782/505/2 1788/504/2
f 1848/506/2 1838/499/2 1839/509/2
f 1827/510/2 1828/503/2 1769/507/2
f 1780/511/2 1781/508/2 1788/504/2
f 1827/510/2 1769/507/2 1770/512/2
f 1779/513/2 1780/511/2 1788/504/2
f 1779/513/2 1788/504/2 1789/514/2
f 1827/510/2 1770/512/2 1771/515/2
f 1778/516/2 1779/513/2 1789/514/2
f 1777/517/2 1778/516/2 1789/514/2
f 1827/510/2 1771/515/2 1772/518/2
f 1776/519/2 1777/517/2 1789/514/2
f 1826/520/2 1827/510/2 1772/518/2
f 1826/520/2 1772/518/2 1773/521/2
f 1775/522/2 1776/519/2 1789/514/2
f 1826/520/2 1773/521/2 1774/523/2
f 1774/523/2 1775/522/2 1789/514/2
f 1826/520/2 1774/523/2 1789/514/2
f 1848/506/2 1839/509/2 1840/524/2
f 1847/525/2 1848/506/2 1840/524/2
f 1826/520/2 1789/514/2 1790/526/2
f 1825/527/2 1826/520/2 1790/526/2
f 1825/527/2 1790/526/2 1791/528/2
f 1824/529/2 1825/527/2 1791/528/2
f 1847/525/2 1840/524/2 1841/530/2
f 1846/531/2 1847/525/2 1845/532/2
f 1845/532/2 1847/525/2 1844/533/2
f 1844/533/2 1847/525/2 1843/534/2
f 1843/534/2 1847/525/2 1842/535/2
f 1842/535/2 1847/525/2 1841/530/2
f 1823/536/2 1824/529/2 1791/528/2
f 1823/536/2 1791/528/2 1792/537/2
f 1822/538/2 1823/536/2 1792/537/2
f 1822/538/2 1792/537/2 1793/539/2
f 1821/540/2 1822/538/2 1793/539/2
f 1821/540/2 1793/539/2 1794/541/2
f 1820/542/2 1821/540/2 1794/541/2
f 1820/542/2 1794/541/2 1795/543/2
f 1819/544/2 1820/542/2 1795/543/2
f 1819/544/2 1795/543/2 1796/545/2
f 1818/546/2 1819/544/2 1796/545/2
f 1818/546/2 1796/545/2 1797/547/2
f 1817/548/2 1818/546/2 1797/547/2
f 1817/548/2 1797/547/2 1798/549/2
f 1816/550/2 1817/548/2 1798/549/2
f 1815/551/2 1816/550/2 1798/549/2
f 1815/551/2 1798/549/2 1799/552/2
f 1815/551/2 1799/552/2 1800/553/2
f 1815/551/2 1800/553/2 1801/554/2
f 1814/555/2 1815/551/2 1801/554/2
f 1814/555/2 1801/554/2 1802/556/2
f 1814/555/2 1802/556/2 1803/557/2
f 1813/558/2 1814/555/2 1803/557/2
f 1813/558/2 1803/557/2 1804/559/2
f 1813/558/2 1804/559/2 1805/560/2
f 1812/561/2 1813/558/2 1805/560/2
f 1812/561/2 1805/560/2 1806/562/2
f 1812/561/2 1806/562/2 1807/563/2
f 1811/564/2 1812/561/2 1807/563/2
f 1811/564/2 1807/563/2 1808/565/2
f 1811/564/2 1808/565/2 1809/566/2
f 1810/567/2 1811/564/2 1809/566/2
f 1887/568/2 1888/570/2 1889/569/2
f 1886/571/2 1887/568/2 1889/569/2
f 1885/572/2 1886/571/2 1889/569/2
f 1884/573/2 1885/572/2 1889/569/2
f 1883/574/2 1884/573/2 1889/569/2
f 1882/575/2 1883/574/2 1889/569/2
f 1881/576/2 1882/575/2 1889/569/2
f 1880/577/2 1881/576/2 1889/569/2
f 1879/578/2 1880/577/2 1889/569/2
f 1878/579/2 1879/578/2 1889/569/2
f 1877/580/2 1878/579/2 1889/569/2
f 1876/581/2 1877/580/2 1889/569/2
f 1875/582/2 1876/581/2 1889/569/2
f 1874/583/2 1875/582/2 1889/569/2
f 1873/584/2 1874/583/2 1889/569/2
f 1872/585/2 1873/584/2 1889/569/2
f 1871/586/2 1872/585/2 1889/569/2
f 1870/587/2 1871/586/2 1889/569/2
f 1869/588/2 1870/587/2 1889/569/2
f 1868/589/2 1869/588/2 1889/569/2
f 1867/590/2 1868/589/2 1889/569/2
f 1866/591/2 1867/590/2 1889/569/2
f 1865/108/2 1866/591/2 1889/569/2
f 1975/592/2 1865/108/2 1889/569/2
f 1974/593/2 1975/592/2 1889/569/2
f 1973/594/2 1974/593/2 1889/569/2
f 1972/595/2 1973/594/2 1889/569/2
f 1971/596/2 1972/595/2 1889/569/2
f 1970/597/2 1971/596/2 1889/569/2
f 1969/598/2 1970/597/2 1889/569/2
f 1968/599/2 1969/598/2 1889/569/2
f 1967/600/2 1968/599/2 1889/569/2
f 1966/601/2 1967/600/2 1889/569/2
f 1965/602/2 1966/601/2 1889/569/2
f 1964/603/2 1965/602/2 1889/569/2
f 1963/604/2 1964/603/2 1889/569/2
f 1962/605/2 1963/604/2 1961/606/2
f 1961/606/2 1963/604/2 1960/607/2
f 1960/607/2 1963/604/2 1959/608/2
f 1959/608/2 1963/604/2 1958/609/2
f 1958/609/2 1963/604/2 1957/610/2
f 1957/610/2 1963/604/2 1956/611/2
f 1956/611/2 1963/604/2 1955/612/2
f 1955/612/2 1963/604/2 1954/613/2
f 1954/613/2 1963/604/2 1950/614/2
f 1950/614/2 1963/604/2 1894/615/2
f 1894/615/2 1963/604/2 1893/616/2
f 1893/616/2 1963/604/2 1892/617/2
f 1892/617/2 1963/604/2 1891/618/2
f 1891/618/2 1963/604/2 1890/619/2
f 1890/619/2 1963/604/2 1889/569/2
f 1950/614/2 1894/615/2 1895/620/2
f 1950/614/2 1895/620/2 1896/621/2
f 1950/614/2 1896/621/2 1897/622/2
f 1950/614/2 1897/622/2 1898/623/2
f 1950/614/2 1898/623/2 1899/624/2
f 1950/614/2 1899/624/2 1900/625/2
f 1954/613/2 1950/614/2 1953/626/2
f 1953/626/2 1950/614/2 1951/627/2
f 1949/628/2 1950/614/2 1900/625/2
f 1949/628/2 1900/625/2 1901/629/2
f 1953/626/2 1951/627/2 1952/630/2
f 1949/628/2 1901/629/2 1902/631/2
f 1948/632/2 1949/628/2 1902/631/2
f 1948/632/2 1902/631/2 1903/633/2
f 1947/634/2 1948/632/2 1903/633/2
f 1947/634/2 1903/633/2 1904/635/2
f 1946/360/2 1947/634/2 1904/635/2
f 1946/360/2 1904/635/2 1905/636/2
f 2014/637/2 2015/639/2 2016/638/2
f 1945/640/2 1946/360/2 1905/636/2
f 2014/637/2 2016/638/2 2017/641/2
f 1945/640/2 1905/636/2 1906/642/2
f 2014/637/2 2017/641/2 2018/643/2
f 2013/644/2 2014/637/2 2018/643/2
f 2013/644/2 2018/643/2 2019/645/2
f 2012/646/2 2013/644/2 2019/645/2
f 1944/647/2 1945/640/2 1906/642/2
f 1944/647/2 1906/642/2 1907/648/2
f 2012/646/2 2019/645/2 2020/649/2
f 1988/650/2 1989/652/2 1990/651/2
f 2011/653/2 2012/646/2 2020/649/2
f 1988/650/2 1990/651/2 1991/654/2
f 2011/653/2 2020/649/2 2021/655/2
f 2010/656/2 2011/653/2 2021/655/2
f 1988/650/2 1991/654/2 1992/657/2
f 1943/658/2 1944/647/2 1907/648/2
f 1987/659/2 1988/650/2 1992/657/2
f 2010/656/2 2021/655/2 2022/660/2
f 1943/658/2 1907/648/2 1908/661/2
f 2009/662/2 2010/656/2 2022/660/2
f 1987/659/2 1992/657/2 1993/663/2
f 1986/664/2 1987/659/2 1993/663/2
f 2009/662/2 2022/660/2 2023/665/2
f 2008/666/2 2009/662/2 2023/665/2
f 1986/664/2 1993/663/2 1994/667/2
f 1985/668/2 1986/664/2 1994/667/2
f 2008/666/2 2023/665/2 2024/669/2
f 2007/670/2 2008/666/2 2024/669/2
f 1942/671/2 1943/658/2 1908/661/2
f 1985/668/2 1994/667/2 1995/672/2
f 1942/671/2 1908/661/2 1909/673/2
f 1984/674/2 1985/668/2 1995/672/2
f 2006/675/2 2007/670/2 2024/669/2
f 2006/675/2 2024/669/2 2025/676/2
f 1984/674/2 1995/672/2 1996/677/2
f 1983/678/2 1984/674/2 1996/677/2
f 2005/679/2 2006/675/2 2025/676/2
f 2005/679/2 2025/676/2 2026/680/2
f 1982/681/2 1983/678/2 1996/677/2
f 1982/681/2 1996/677/2 1997/682/2
f 1941/683/2 1942/671/2 1909/673/2
f 2004/684/2 2005/679/2 2026/680/2
f 2004/684/2 2026/680/2 2027/229/2
f 1941/683/2 1909/673/2 1910/685/2
f 1981/686/2 1982/681/2 1997/682/2
f 1981/686/2 1997/682/2 1998/687/2
f 2004/684/2 2027/229/2 2003/688/2
f 2003/688/2 2027/229/2 2002/689/2
f 1980/690/2 1981/686/2 1998/687/2
f 1980/690/2 1998/687/2 1999/691/2
f 1979/692/2 1980/690/2 1999/691/2
f 1979/692/2 1999/691/2 2000/693/2
f 1940/694/2 1941/683/2 1910/685/2
f 1940/694/2 1910/685/2 1911/695/2
f 1978/696/2 1979/692/2 2000/693/2
f 1978/696/2 2000/693/2 2001/697/2
f 1977/698/2 1978/696/2 2001/697/2
f 1977/698/2 2001/697/2 1976/699/2
f 1940/694/2 1911/695/2 1912/700/2
f 1939/701/2 1940/694/2 1912/700/2
f 1939/701/2 1912/700/2 1913/702/2
f 1938/703/2 1939/701/2 1913/702/2
f 1938/703/2 1913/702/2 1914/704/2
f 1937/705/2 1938/703/2 1914/704/2
f 1937/705/2 1914/704/2 1915/706/2
f 1936/707/2 1937/705/2 1915/706/2
f 1936/707/2 1915/706/2 1916/708/2
f 1935/709/2 1936/707/2 1916/708/2
f 1935/709/2 1916/708/2 1917/710/2
f 1935/709/2 1917/710/2 1918/711/2
f 1934/712/2 1935/709/2 1918/711/2
f 1934/712/2 1918/711/2 1919/713/2
f 1933/714/2 1934/712/2 1919/713/2
f 1933/714/2 1919/713/2 1920/715/2
f 1933/714/2 1920/715/2 1921/716/2
f 1932/717/2 1933/714/2 1921/716/2
f 1932/717/2 1921/716/2 1922/718/2
f 1932/717/2 1922/718/2 1923/719/2
f 1932/717/2 1923/719/2 1924/720/2
f 1932/717/2 1924/720/2 1925/721/2
f 1931/722/2 1932/717/2 1925/721/2
f 1931/722/2 1925/721/2 1926/723/2
f 1930/724/2 1931/722/2 1926/723/2
f 1929/725/2 1930/724/2 1926/723/2
f 1928/726/2 1929/725/2 1926/723/2
f 1927/727/2 1928/726/2 1926/723/2
f 2088/728/2 2089/730/2 2090/729/2
f 2050/731/2 2051/733/2 2052/732/2
f 2088/728/2 2090/729/2 2091/734/2
f 2049/735/2 2050/731/2 2052/732/2
f 2088/728/2 2091/734/2 2092/736/2
f 2048/737/2 2049/735/2 2052/732/2
f 2088/728/2 2092/736/2 2093/738/2
f 2047/739/2 2048/737/2 2052/732/2
f 2088/728/2 2093/738/2 2094/740/2
f 2046/741/2 2047/739/2 2052/732/2
f 2088/728/2 2094/740/2 2095/742/2
f 2045/743/2 2046/741/2 2052/732/2
f 2088/728/2 2095/742/2 2096/744/2
f 2044/745/2 2045/743/2 2052/732/2
f 2088/728/2 2096/744/2 2097/746/2
f 2043/747/2 2044/745/2 2052/732/2
f 2088/728/2 2097/746/2 2098/748/2
f 2042/749/2 2043/747/2 2052/732/2
f 2088/728/2 2098/748/2 2099/750/2
f 2041/751/2 2042/749/2 2052/732/2
f 2088/728/2 2099/750/2 2100/752/2
f 2040/753/2 2041/751/2 2052/732/2
f 2088/728/2 2100/752/2 2101/229/2
f 2039/754/2 2040/753/2 2052/732/2
f 2088/728/2 2101/229/2 2028/108/2
f 2088/728/2 2028/108/2 2029/755/2
f 2088/728/2 2029/755/2 2030/756/2
f 2088/728/2 2030/756/2 2031/757/2
f 2088/728/2 2031/757/2 2032/758/2
f 2088/728/2 2032/758/2 2033/759/2
f 2088/728/2 2033/759/2 2034/760/2
f 2088/728/2 2034/760/2 2035/761/2
f 2088/728/2 2035/761/2 2036/762/2
f 2088/728/2 2036/762/2 2037/763/2
f 2088/728/2 2037/763/2 2038/764/2
f 2088/728/2 2038/764/2 2039/754/2
f 2088/728/2 2039/754/2 2087/765/2
f 2087/765/2 2039/754/2 2086/766/2
f 2086/766/2 2039/754/2 2085/767/2
f 2085/767/2 2039/754/2 2084/768/2
f 2084/768/2 2039/754/2 2083/769/2
f 2083/769/2 2039/754/2 2082/770/2
f 2082/770/2 2039/754/2 2081/771/2
f 2081/771/2 2039/754/2 2080/772/2
f 2080/772/2 2039/754/2 2079/773/2
f 2079/773/2 2039/754/2 2078/774/2
f 2078/774/2 2039/754/2 2077/775/2
f 2077/775/2 2039/754/2 2076/776/2
f 2076/776/2 2039/754/2 2075/777/2
f 2075/777/2 2039/754/2 2074/778/2
f 2074/778/2 2039/754/2 2073/779/2
f 2073/779/2 2039/754/2 2071/780/2
f 2071/780/2 2039/754/2 2068/781/2
f 2068/781/2 2039/754/2 2065/782/2
f 2065/782/2 2039/754/2 2064/783/2
f 2064/783/2 2039/754/2 2063/784/2
f 2063/784/2 2039/754/2 2062/785/2
f 2062/785/2 2039/754/2 2061/786/2
f 2061/786/2 2039/754/2 2060/787/2
f 2060/787/2 2039/754/2 2059/788/2
f 2059/788/2 2039/754/2 2058/789/2
f 2058/789/2 2039/754/2 2057/790/2
f 2057/790/2 2039/754/2 2052/732/2
f 2072/791/1 2073/779/1 2071/780/1
f 2070/792/1 2071/780/1 2068/781/1
f 2069/793/1 2070/792/1 2068/781/1
f 2067/794/1 2068/781/1 2065/782/1
f 2066/795/1 2067/794/1 2065/782/1
f 2056/796/2 2057/790/2 2052/732/2
f 2055/797/2 2056/796/2 2052/732/2
f 2054/798/2 2055/797/2 2052/732/2
f 2053/799/6 2054/798/6 2052/732/6
f 2165/800/2 2166/802/2 2167/801/2
f 2165/800/2 2167/801/2 2168/803/2
f 2165/800/2 2168/803/2 2169/804/2
f 2165/800/2 2169/804/2 2170/805/2
f 2164/806/2 2165/800/2 2170/805/2
f 2163/807/2 2164/806/2 2170/805/2
f 2163/807/2 2170/805/2 2171/713/2
f 2162/808/2 2163/807/2 2171/713/2
f 2162/808/2 2171/713/2 2172/809/2
f 2161/810/2 2162/808/2 2172/809/2
f 2161/810/2 2172/809/2 2173/811/2
f 2160/812/2 2161/810/2 2173/811/2
f 2160/812/2 2173/811/2 2174/813/2
f 2159/814/2 2160/812/2 2174/813/2
f 2159/814/2 2174/813/2 2175/815/2
f 2158/816/2 2159/814/2 2175/815/2
f 2158/816/2 2175/815/2 2176/817/2
f 2157/818/2 2158/816/2 2176/817/2
f 2157/818/2 2176/817/2 2177/819/2
f 2156/820/2 2157/818/2 2177/819/2
f 2156/820/2 2177/819/2 2178/821/2
f 2155/822/2 2156/820/2 2178/821/2
f 2155/822/2 2178/821/2 2179/823/2
f 2154/824/2 2155/822/2 2179/823/2
f 2153/825/2 2154/824/2 2179/823/2
f 2152/826/2 2153/825/2 2179/823/2
f 2202/827/2 2203/829/2 2204/828/2
f 2201/830/2 2202/827/2 2204/828/2
f 2200/831/2 2201/830/2 2204/828/2
f 2199/832/2 2200/831/2 2204/828/2
f 2198/833/2 2199/832/2 2204/828/2
f 2197/834/2 2198/833/2 2204/828/2
f 2196/835/2 2197/834/2 2204/828/2
f 2195/836/2 2196/835/2 2204/828/2
f 2194/705/2 2195/836/2 2204/828/2
f 2193/837/2 2194/705/2 2204/828/2
f 2192/838/2 2193/837/2 2204/828/2
f 2191/839/2 2192/838/2 2204/828/2
f 2190/840/2 2191/839/2 2204/828/2
f 2189/841/2 2190/840/2 2204/828/2
f 2188/842/2 2189/841/2 2204/828/2
f 2187/843/2 2188/842/2 2204/828/2
f 2186/844/2 2187/843/2 2204/828/2
f 2185/845/2 2186/844/2 2204/828/2
f 2184/846/2 2185/845/2 2204/828/2
f 2183/847/2 2184/846/2 2204/828/2
f 2182/848/2 2183/847/2 2204/828/2
f 2181/849/2 2182/848/2 2204/828/2
f 2180/850/2 2181/849/2 2204/828/2
f 2179/823/2 2180/850/2 2204/828/2
f 2152/826/2 2179/823/2 2204/828/2
f 2151/851/2 2152/826/2 2204/828/2
f 2150/852/2 2151/851/2 2204/828/2
f 2149/853/2 2150/852/2 2204/828/2
f 2148/629/2 2149/853/2 2204/828/2
f 2147/854/2 2148/629/2 2204/828/2
f 2147/854/2 2204/828/2 2205/855/2
f 2147/854/2 2205/855/2 2206/856/2
f 2147/854/2 2206/856/2 2207/857/2
f 2146/858/2 2147/854/2 2207/857/2
f 2146/858/2 2207/857/2 2208/859/2
f 2146/858/2 2208/859/2 2209/860/2
f 2146/858/2 2209/860/2 2210/861/2
f 2145/862/2 2146/858/2 2210/861/2
f 2145/862/2 2210/861/2 2211/863/2
f 2145/862/2 2211/863/2 2212/864/2
f 2145/862/2 2212/864/2 2213/865/2
f 2144/866/2 2145/862/2 2213/865/2
f 2144/866/2 2213/865/2 2214/867/2
f 2144/866/2 2214/867/2 2215/868/2
f 2144/866/2 2215/868/2 2216/869/2
f 2143/870/2 2144/866/2 2216/869/2
f 2143/870/2 2216/869/2 2217/612/2
f 2142/871/2 2143/870/2 2217/612/2
f 2141/872/2 2142/871/2 2217/612/2
f 2140/873/2 2141/872/2 2217/612/2
f 2139/874/2 2140/873/2 2217/612/2
f 2138/875/2 2139/874/2 2217/612/2
f 2137/876/2 2138/875/2 2217/612/2
f 2136/877/2 2137/876/2 2217/612/2
f 2135/878/2 2136/877/2 2217/612/2
f 2134/879/2 2135/878/2 2217/612/2
f 2133/880/2 2134/879/2 2217/612/2
f 2132/881/2 2133/880/2 2217/612/2
f 2131/882/2 2132/881/2 2217/612/2
f 2130/883/2 2131/882/2 2217/612/2
f 2129/884/2 2130/883/2 2217/612/2
f 2128/885/2 2129/884/2 2217/612/2
f 2127/886/2 2128/885/2 2126/887/2
f 2126/887/2 2128/885/2 2125/574/2
f 2125/574/2 2128/885/2 2124/888/2
f 2124/888/2 2128/885/2 2123/889/2
f 2123/889/2 2128/885/2 2122/890/2
f 2122/890/2 2128/885/2 2121/891/2
f 2121/891/2 2128/885/2 2120/892/2
f 2120/892/2 2128/885/2 2119/893/2
f 2119/893/2 2128/885/2 2118/894/2
f 2118/894/2 2128/885/2 2117/895/2
f 2117/895/2 2128/885/2 2116/896/2
f 2116/896/2 2128/885/2 2115/897/2
f 2115/897/2 2128/885/2 2217/612/2
f 2115/897/2 2217/612/2 2114/898/2
f 2114/898/2 2217/612/2 2218/899/2
f 2113/900/2 2114/898/2 2218/899/2
f 2230/901/2 2231/903/2 2232/902/2
f 2229/904/2 2230/901/2 2232/902/2
f 2228/905/2 2229/904/2 2232/902/2
f 2227/906/2 2228/905/2 2232/902/2
f 2226/907/2 2227/906/2 2232/902/2
f 2225/908/2 2226/907/2 2232/902/2
f 2224/909/2 2225/908/2 2232/902/2
f 2223/910/2 2224/909/2 2232/902/2
f 2222/911/2 2223/910/2 2232/902/2
f 2221/912/2 2222/911/2 2232/902/2
f 2220/913/2 2221/912/2 2232/902/2
f 2219/914/2 2220/913/2 2232/902/2
f 2218/899/2 2219/914/2 2232/902/2
f 2113/900/2 2218/899/2 2232/902/2
f 2112/915/2 2113/900/2 2232/902/2
f 2111/916/2 2112/915/2 2232/902/2
f 2110/917/2 2111/916/2 2232/902/2
f 2110/917/2 2232/902/2 2233/918/2
f 2110/917/2 2233/918/2 2234/919/2
f 2110/917/2 2234/919/2 2235/920/2
f 2110/917/2 2235/920/2 2236/921/2
f 2110/917/2 2236/921/2 2237/922/2
f 2110/917/2 2237/922/2 2238/923/2
f 2109/924/2 2110/917/2 2238/923/2
f 2109/924/2 2238/923/2 2239/925/2
f 2109/924/2 2239/925/2 2240/594/2
f 2109/924/2 2240/594/2 2241/926/2
f 2108/927/2 2109/924/2 2241/926/2
f 2108/927/2 2241/926/2 2242/928/2
f 2108/927/2 2242/928/2 2243/929/2
f 2108/927/2 2243/929/2 2244/930/2
f 2107/931/2 2108/927/2 2244/930/2
f 2107/931/2 2244/930/2 2245/932/2
f 2106/933/2 2107/931/2 2245/932/2
f 2105/934/2 2106/933/2 2245/932/2
f 2104/935/2 2105/934/2 2245/932/2
f 2103/936/2 2104/935/2 2245/932/2
f 2102/108/2 2103/936/2 2245/932/2
f 2309/229/2 2102/108/2 2245/932/2
f 2308/937/2 2309/229/2 2245/932/2
f 2307/938/2 2308/937/2 2245/932/2
f 2306/939/2 2307/938/2 2245/932/2
f 2305/940/2 2306/939/2 2245/932/2
f 2304/941/2 2305/940/2 2245/932/2
f 2303/942/2 2304/941/2 2245/932/2
f 2302/943/2 2303/942/2 2245/932/2
f 2301/944/2 2302/943/2 2245/932/2
f 2300/945/2 2301/944/2 2245/932/2
f 2299/946/2 2300/945/2 2245/932/2
f 2298/947/2 2299/946/2 2245/932/2
f 2297/948/2 2298/947/2 2245/932/2
f 2296/949/2 2297/948/2 2295/950/2
f 2295/950/2 2297/948/2 2294/951/2
f 2294/951/2 2297/948/2 2293/952/2
f 2293/952/2 2297/948/2 2292/953/2
f 2292/953/2 2297/948/2 2291/954/2
f 2291/954/2 2297/948/2 2290/955/2
f 2290/955/2 2297/948/2 2289/956/2
f 2289/956/2 2297/948/2 2288/957/2
f 2288/957/2 2297/948/2 2287/958/2
f 2287/958/2 2297/948/2 2286/662/2
f 2286/662/2 2297/948/2 2283/959/2
f 2283/959/2 2297/948/2 2282/960/2
f 2282/960/2 2297/948/2 2281/961/2
f 2281/961/2 2297/948/2 2280/962/2
f 2280/962/2 2297/948/2 2279/963/2
f 2279/963/2 2297/948/2 2278/964/2
f 2278/964/2 2297/948/2 2277/965/2
f 2277/965/2 2297/948/2 2276/966/2
f 2276/966/2 2297/948/2 2275/967/2
f 2275/967/2 2297/948/2 2274/968/2
f 2274/968/2 2297/948/2 2273/969/2
f 2273/969/2 2297/948/2 2272/970/2
f 2272/970/2 2297/948/2 2245/932/2
f 2272/970/2 2245/932/2 2246/971/2
f 2271/972/2 2272/970/2 2246/971/2
f 2286/662/7 2283/959/7 2285/973/7
f 2285/973/2 2283/959/2 2284/974/2
f 2271/972/2 2246/971/2 2247/975/2
f 2271/972/2 2247/975/2 2248/976/2
f 2270/977/2 2271/972/2 2248/976/2
f 2270/977/2 2248/976/2 2249/978/2
f 2269/979/2 2270/977/2 2249/978/2
f 2269/979/2 2249/978/2 2250/980/2
f 2268/981/2 2269/979/2 2250/980/2
f 2268/981/2 2250/980/2 2251/982/2
f 2267/983/2 2268/981/2 2251/982/2
f 2267/983/2 2251/982/2 2252/984/2
f 2266/985/2 2267/983/2 2252/984/2
f 2266/985/2 2252/984/2 2253/986/2
f 2265/987/2 2266/985/2 2253/986/2
f 2265/987/2 2253/986/2 2254/988/2
f 2264/989/2 2265/987/2 2254/988/2
f 2264/989/2 2254/988/2 2255/990/2
f 2263/654/2 2264/989/2 2255/990/2
f 2263/654/2 2255/990/2 2256/991/2
f 2262/992/2 2263/654/2 2256/991/2
f 2262/992/2 2256/991/2 2257/993/2
f 2261/994/2 2262/992/2 2257/993/2
f 2261/994/2 2257/993/2 2258/995/2
f 2261/994/2 2258/995/2 2259/996/2
f 2260/997/8 2261/994/8 2259/996/8
f 2322/629/2 2323/635/2 2324/648/2
f 2322/629/2 2324/648/2 2325/685/2
f 2321/623/2 2322/629/2 2325/685/2
f 2321/623/2 2325/685/2 2326/702/2
f 2320/620/2 2321/623/2 2326/702/2
f 2320/620/2 2326/702/2 2327/708/2
f 2320/620/2 2327/708/2 2328/713/2
f 2319/617/2 2320/620/2 2328/713/2
f 2319/617/2 2328/713/2 2329/718/2
f 2362/655/2 2363/669/2 2364/229/2
f 2362/655/2 2364/229/2 2310/108/2
f 2318/569/2 2319/617/2 2329/718/2
f 2318/569/2 2329/718/2 2330/721/2
f 2318/569/2 2330/721/2 2331/726/2
f 2317/571/2 2318/569/2 2331/726/2
f 2317/571/2 2331/726/2 2332/722/2
f 2316/574/2 2317/571/2 2332/722/2
f 2316/574/2 2332/722/2 2333/712/2
f 2316/574/2 2333/712/2 2334/705/2
f 2315/577/2 2316/574/2 2334/705/2
f 2315/577/2 2334/705/2 2335/694/2
f 2314/580/2 2315/577/2 2335/694/2
f 2314/580/2 2335/694/2 2345/597/2
f 2345/597/2 2335/694/2 2344/600/2
f 2344/600/2 2335/694/2 2343/603/2
f 2343/603/2 2335/694/2 2342/606/2
f 2342/606/2 2335/694/2 2341/609/2
f 2341/609/2 2335/694/2 2340/612/2
f 2340/612/2 2335/694/2 2339/630/2
f 2339/630/2 2335/694/2 2338/628/2
f 2338/628/2 2335/694/2 2337/360/2
f 2337/360/2 2335/694/2 2336/658/2
f 2313/583/2 2314/580/2 2347/699/2
f 2347/699/2 2314/580/2 2346/594/2
f 2346/594/2 2314/580/2 2345/597/2
f 2312/586/2 2313/583/2 2349/681/2
f 2349/681/2 2313/583/2 2348/692/2
f 2348/692/2 2313/583/2 2347/699/2
f 2312/586/2 2349/681/2 2350/668/2
f 2312/586/2 2350/668/2 2351/650/2
f 2311/589/2 2312/586/2 2351/650/2
f 2311/589/2 2351/650/2 2352/654/2
f 2311/589/2 2352/654/2 2353/667/2
f 2362/655/2 2310/108/2 2311/589/2
f 2362/655/2 2311/589/2 2357/675/2
f 2357/675/2 2311/589/2 2356/688/2
f 2356/688/2 2311/589/2 2355/693/2
f 2355/693/2 2311/589/2 2354/682/2
f 2354/682/2 2311/589/2 2353/667/2
f 2362/655/2 2357/675/2 2358/662/2
f 2362/655/2 2358/662/2 2359/646/2
f 2362/655/2 2359/646/2 2360/639/2
f 2362/655/2 2360/639/2 2361/643/2
f 2399/998/2 2400/1000/2 2401/999/2
f 2399/998/2 2401/999/2 2402/1001/2
f 2398/1002/2 2399/998/2 2402/1001/2
f 2398/1002/2 2402/1001/2 2403/1003/2
f 2397/1004/2 2398/1002/2 2403/1003/2
f 2397/1004/2 2403/1003/2 2404/1005/2
f 2396/1006/2 2397/1004/2 2404/1005/2
f 2396/1006/2 2404/1005/2 2405/1007/2
f 2395/1008/2 2396/1006/2 2405/1007/2
f 2395/1008/2 2405/1007/2 2406/1009/2
f 2394/1010/2 2395/1008/2 2406/1009/2
f 2394/1010/2 2406/1009/2 2407/1011/2
f 2393/1012/2 2394/1010/2 2450/1013/2
f 2450/1013/2 2394/1010/2 2407/1011/2
f 2393/1012/2 2450/1013/2 2451/1014/2
f 2449/1015/2 2450/1013/2 2407/1011/2
f 2393/1012/2 2451/1014/2 2452/1016/2
f 2448/1017/2 2449/1015/2 2407/1011/2
f 2393/1012/2 2452/1016/2 2453/1018/2
f 2447/1019/2 2448/1017/2 2407/1011/2
f 2447/1019/2 2407/1011/2 2408/1020/2
f 2393/1012/2 2453/1018/2 2454/1021/2
f 2392/1022/2 2393/1012/2 2454/1021/2
f 2446/1023/2 2447/1019/2 2408/1020/2
f 2392/1022/2 2454/1021/2 2455/1024/2
f 2445/1025/2 2446/1023/2 2408/1020/2
f 2392/1022/2 2455/1024/2 2456/1026/2
f 2444/1027/2 2445/1025/2 2408/1020/2
f 2392/1022/2 2456/1026/2 2457/1028/2
f 2443/1029/2 2444/1027/2 2408/1020/2
f 2391/1030/2 2392/1022/2 2457/1028/2
f 2443/1029/2 2408/1020/2 2409/1031/2
f 2391/1030/2 2457/1028/2 2458/1032/2
f 2442/1033/2 2443/1029/2 2409/1031/2
f 2391/1030/2 2458/1032/2 2459/1034/2
f 2441/1035/2 2442/1033/2 2409/1031/2
f 2390/1036/2 2391/1030/2 2459/1034/2
f 2441/1035/2 2409/1031/2 2410/1037/2
f 2390/1036/2 2459/1034/2 2460/1038/2
f 2440/1039/2 2441/1035/2 2410/1037/2
f 2390/1036/2 2460/1038/2 2461/1040/2
f 2439/1041/2 2440/1039/2 2410/1037/2
f 2389/1042/2 2390/1036/2 2461/1040/2
f 2389/1042/2 2461/1040/2 2462/1043/2
f 2439/1041/2 2410/1037/2 2411/1044/2
f 2463/229/2 2439/1041/2 2411/1044/2
f 2389/1042/2 2462/1043/2 2463/229/2
f 2389/1042/2 2463/229/2 2411/1044/2
f 2388/1045/2 2389/1042/2 2411/1044/2
f 2388/1045/2 2411/1044/2 2412/1046/2
f 2387/1047/2 2388/1045/2 2413/1048/2
f 2413/1048/2 2388/1045/2 2412/1046/2
f 2387/1047/2 2413/1048/2 2414/360/2
f 2386/1049/2 2387/1047/2 2414/360/2
f 2386/1049/2 2414/360/2 2415/1050/2
f 2386/1049/2 2415/1050/2 2416/1051/2
f 2385/1052/2 2386/1049/2 2416/1051/2
f 2385/1052/2 2416/1051/2 2417/1053/2
f 2384/1054/2 2385/1052/2 2417/1053/2
f 2384/1054/2 2417/1053/2 2418/1055/2
f 2436/1056/2 2437/1058/2 2438/1057/2
f 2384/1054/2 2418/1055/2 2419/1059/2
f 2435/1060/2 2436/1056/2 2438/1057/2
f 2434/1061/2 2435/1060/2 2438/1057/2
f 2383/1062/2 2384/1054/2 2419/1059/2
f 2383/1062/2 2419/1059/2 2420/1063/2
f 2433/1064/2 2434/1061/2 2438/1057/2
f 2432/1065/2 2433/1064/2 2438/1057/2
f 2383/1062/2 2420/1063/2 2421/1066/2
f 2431/1067/2 2432/1065/2 2438/1057/2
f 2383/1062/2 2421/1066/2 2422/1068/2
f 2430/1069/2 2431/1067/2 2438/1057/2
f 2382/1070/2 2383/1062/2 2422/1068/2
f 2429/1071/2 2430/1069/2 2438/1057/2
f 2382/1070/2 2422/1068/2 2423/1072/2
f 2428/1073/2 2429/1071/2 2438/1057/2
f 2382/1070/2 2423/1072/2 2424/1074/2
f 2427/1075/2 2428/1073/2 2438/1057/2
f 2426/1076/2 2427/1075/2 2438/1057/2
f 2382/1070/2 2424/1074/2 2425/1077/2
f 2425/1077/2 2426/1076/2 2438/1057/2
f 2382/1070/2 2425/1077/2 2438/1057/2
f 2381/1078/2 2382/1070/2 2438/1057/2
f 2381/1078/2 2438/1057/2 2365/108/2
f 2380/1079/2 2381/1078/2 2365/108/2
f 2380/1079/2 2365/108/2 2366/1080/2
f 2380/1079/2 2366/1080/2 2367/1081/2
f 2379/1082/2 2380/1079/2 2367/1081/2
f 2379/1082/2 2367/1081/2 2368/1083/2
f 2379/1082/2 2368/1083/2 2369/1084/2
f 2378/1085/2 2379/1082/2 2369/1084/2
f 2378/1085/2 2369/1084/2 2370/1086/2
f 2378/1085/2 2370/1086/2 2371/1087/2
f 2377/1088/2 2378/1085/2 2371/1087/2
f 2377/1088/2 2371/1087/2 2372/1089/2
f 2377/1088/2 2372/1089/2 2373/1090/2
f 2377/1088/2 2373/1090/2 2374/1091/2
f 2376/1092/2 2377/1088/2 2374/1091/2
f 2376/1092/2 2374/1091/2 2375/1093/2
f 2519/1094/2 2520/1095/2 2521/229/2
f 2519/1094/2 2521/229/2 2464/108/2
f 2519/1094/2 2464/108/2 2465/1096/2
f 2518/1097/2 2519/1094/2 2465/1096/2
f 2517/1098/1 2518/1097/1 2465/1096/1
f 2516/1099/2 2517/1098/2 2466/1100/2
f 2466/1100/1 2517/1098/1 2465/1096/1
f 2516/1099/2 2466/1100/2 2467/1101/2
f 2516/1099/2 2467/1101/2 2468/1102/2
f 2515/1103/2 2516/1099/2 2468/1102/2
f 2515/1103/2 2468/1102/2 2469/1104/2
f 2515/1103/2 2469/1104/2 2470/1105/2
f 2514/1106/2 2515/1103/2 2470/1105/2
f 2514/1106/2 2470/1105/2 2471/1107/2
f 2490/1108/2 2491/1110/2 2492/1109/2
f 2489/1111/2 2490/1108/2 2492/1109/2
f 2514/1106/2 2471/1107/2 2472/1112/2
f 2488/1113/2 2489/1111/2 2492/1109/2
f 2513/1114/2 2514/1106/2 2472/1112/2
f 2513/1114/2 2472/1112/2 2473/1115/2
f 2487/1116/2 2488/1113/2 2492/1109/2
f 2486/1117/2 2487/1116/2 2492/1109/2
f 2513/1114/2 2473/1115/2 2474/1118/2
f 2485/1119/2 2486/1117/2 2492/1109/2
f 2513/1114/2 2474/1118/2 2475/1120/2
f 2484/1121/2 2485/1119/2 2492/1109/2
f 2513/1114/2 2475/1120/2 2476/1122/2
f 2483/713/2 2484/1121/2 2492/1109/2
f 2512/1123/2 2513/1114/2 2476/1122/2
f 2482/1124/2 2483/713/2 2492/1109/2
f 2512/1123/2 2476/1122/2 2477/1125/2
f 2481/1126/2 2482/1124/2 2492/1109/2
f 2512/1123/2 2477/1125/2 2478/1127/2
f 2480/1128/2 2481/1126/2 2492/1109/2
f 2512/1123/2 2478/1127/2 2479/1129/2
f 2479/1129/2 2480/1128/2 2492/1109/2
f 2512/1123/2 2479/1129/2 2492/1109/2
f 2511/1130/2 2512/1123/2 2492/1109/2
f 2510/1131/2 2511/1130/2 2492/1109/2
f 2509/1132/2 2510/1131/2 2492/1109/2
f 2509/1132/2 2492/1109/2 2493/1133/2
f 2508/1134/2 2509/1132/2 2493/1133/2
f 2508/1134/2 2493/1133/2 2494/1135/2
f 2508/1134/2 2494/1135/2 2495/1136/2
f 2507/1137/2 2508/1134/2 2495/1136/2
f 2507/1137/2 2495/1136/2 2496/1138/2
f 2507/1137/2 2496/1138/2 2497/1139/2
f 2507/1137/2 2497/1139/2 2498/1140/2
f 2506/1141/2 2507/1137/2 2498/1140/2
f 2506/1141/2 2498/1140/2 2499/1142/2
f 2506/1141/2 2499/1142/2 2500/1143/2
f 2505/1144/2 2506/1141/2 2500/1143/2
f 2505/1144/2 2500/1143/2 2501/1145/2
f 2505/1144/2 2501/1145/2 2502/594/2
f 2504/1146/2 2505/1144/2 2502/594/2
f 2504/1146/2 2502/594/2 2503/1147/2
f 2533/1148/2 2534/1049/2 2535/1149/2
f 2532/1150/2 2533/1148/2 2535/1149/2
f 2532/1150/2 2535/1149/2 2536/1151/2
f 2531/1152/2 2532/1150/2 2536/1151/2
f 2530/1082/2 2531/1152/2 2536/1151/2
f 2530/1082/2 2536/1151/2 2537/1153/2
f 2529/1154/2 2530/1082/2 2537/1153/2
f 2575/1155/2 2576/1157/2 2577/1156/2
f 2575/1155/2 2577/1156/2 2578/229/2
f 2529/1154/2 2537/1153/2 2538/1012/2
f 2528/1158/2 2529/1154/2 2538/1012/2
f 2527/1159/2 2528/1158/2 2538/1012/2
f 2527/1159/2 2538/1012/2 2539/1160/2
f 2526/1089/2 2527/1159/2 2539/1160/2
f 2526/1089/2 2539/1160/2 2540/1161/2
f 2525/1162/2 2526/1089/2 2540/1161/2
f 2524/1163/2 2525/1162/2 2540/1161/2
f 2524/1163/2 2540/1161/2 2541/1164/2
f 2523/1165/2 2524/1163/2 2541/1164/2
f 2522/108/2 2523/1165/2 2541/1164/2
f 2522/108/2 2541/1164/2 2561/1166/2
f 2561/1166/2 2541/1164/2 2542/1000/2
f 2575/1155/2 2578/229/2 2522/108/2
f 2575/1155/2 2522/108/2 2573/1167/2
f 2573/1167/2 2522/108/2 2572/1168/2
f 2572/1168/2 2522/108/2 2571/1169/2
f 2571/1169/2 2522/108/2 2570/1015/2
f 2570/1015/2 2522/108/2 2569/1170/2
f 2569/1170/2 2522/108/2 2568/1171/2
f 2568/1171/2 2522/108/2 2567/1172/2
f 2567/1172/2 2522/108/2 2566/1033/2
f 2566/1033/2 2522/108/2 2565/1173/2
f 2565/1173/2 2522/108/2 2564/1174/2
f 2564/1174/2 2522/108/2 2563/1175/2
f 2563/1175/2 2522/108/2 2562/1060/2
f 2562/1060/2 2522/108/2 2561/1166/2
f 2560/1176/2 2561/1166/2 2542/1000/2
f 2559/1177/2 2560/1176/2 2542/1000/2
f 2558/1073/2 2559/1177/2 2542/1000/2
f 2557/1178/2 2558/1073/2 2542/1000/2
f 2557/1178/2 2542/1000/2 2543/1179/2
f 2556/1180/2 2557/1178/2 2543/1179/2
f 2555/1181/2 2556/1180/2 2543/1179/2
f 2554/1066/2 2555/1181/2 2543/1179/2
f 2554/1066/2 2543/1179/2 2544/1182/2
f 2553/1183/2 2554/1066/2 2544/1182/2
f 2552/1184/2 2553/1183/2 2544/1182/2
f 2552/1184/2 2544/1182/2 2545/1185/2
f 2551/1186/2 2552/1184/2 2545/1185/2
f 2575/1155/2 2573/1167/2 2574/1026/2
f 2550/360/2 2551/1186/2 2545/1185/2
f 2550/360/2 2545/1185/2 2546/1011/2
f 2549/1187/2 2550/360/2 2546/1011/2
f 2548/1188/2 2549/1187/2 2546/1011/2
f 2548/1188/2 2546/1011/2 2547/1189/2
f 2587/549/2 2588/542/2 2579/108/2
f 2579/108/2 2588/542/2 2589/535/2
f 2579/108/2 2589/535/2 2590/229/2
f 2587/549/2 2579/108/2 2580/355/2
f 2587/549/2 2580/355/2 2583/422/2
f 2583/422/2 2580/355/2 2581/362/2
f 2583/422/2 2581/362/2 2582/412/2
f 2587/549/2 2583/422/2 2584/369/2
f 2587/549/2 2584/369/2 2585/464/2
f 2587/549/2 2585/464/2 2586/519/2
s 1
f 2592/1190/9 2594/1191/10 2593/1192/10 2591/108/9
f 2594/1191/10 2596/1193/10 2595/617/10 2593/1192/10
f 2596/1193/10 2598/1194/9 2597/1151/9 2595/617/10
f 2598/1194/9 2600/1195/9 2599/713/9 2597/1151/9
f 2600/1195/9 2602/1196/10 2601/1197/10 2599/713/9
f 2602/1196/10 2604/1198/10 2603/360/10 2601/1197/10
f 2604/1198/10 2606/1199/9 2605/1200/9 2603/360/10
f 2606/1199/9 2608/1201/11 2607/594/11 2605/1200/9
f 2608/1201/11 2610/1202/12 2609/1174/12 2607/594/11
f 2610/1202/12 2612/1203/10 2611/693/10 2609/1174/12
f 2612/1203/10 2614/1204/9 2613/1205/9 2611/693/10
f 2614/1204/9 2592/1206/9 2591/229/9 2613/1205/9
f 2616/1190/13 2618/1207/14 2617/1096/14 2615/108/13
f 2618/1207/14 2620/1208/15 2619/1100/15 2617/1096/14
f 2620/1208/15 2622/1209/16 2621/1101/16 2619/1100/15
f 2622/1209/16 2624/1210/17 2623/1102/17 2621/1101/16
f 2624/1210/17 2626/1211/18 2625/1104/18 2623/1102/17
f 2626/1211/18 2628/1212/19 2627/1105/19 2625/1104/18
f 2628/1212/19 2630/1213/20 2629/1107/20 2627/1105/19
f 2630/1213/20 2632/1214/21 2631/1112/21 2629/1107/20
f 2632/1214/21 2634/1215/22 2633/1115/22 2631/1112/21
f 2634/1215/22 2636/1216/23 2635/1118/23 2633/1115/22
f 2636/1216/23 2638/1217/24 2637/1120/24 2635/1118/23
f 2638/1217/24 2640/1218/25 2639/1122/25 2637/1120/24
f 2640/1218/25 2642/1219/26 2641/1125/26 2639/1122/25
f 2642/1219/26 2644/1220/27 2643/1127/27 2641/1125/26
f 2644/1220/27 2646/1221/28 2645/1129/28 2643/1127/27
f 2646/1221/28 2648/1222/29 2647/1128/29 2645/1129/28
f 2648/1222/29 2650/1223/30 2649/1126/30 2647/1128/29
f 2650/1223/30 2652/1224/31 2651/1124/31 2649/1126/30
f 2652/1224/31 2654/1195/32 2653/713/32 2651/1124/31
f 2654/1195/32 2656/1225/33 2655/1121/33 2653/713/32
f 2656/1225/33 2658/1226/34 2657/1119/34 2655/1121/33
f 2658/1226/34 2660/1227/35 2659/1117/35 2657/1119/34
f 2660/1227/35 2662/1228/36 2661/1116/36 2659/1117/35
f 2662/1228/36 2664/1229/37 2663/1113/37 2661/1116/36
f 2664/1229/37 2666/1230/9 2665/1111/9 2663/1113/37
f 2666/1230/9 2668/1231/11 2667/1108/11 2665/1111/9
f 2668/1231/11 2670/1232/38 2669/1110/38 2667/1108/11
f 2670/1232/38 2672/1233/39 2671/1109/39 2669/1110/38
f 2672/1233/39 2674/1234/40 2673/1133/40 2671/1109/39
f 2674/1234/40 2676/1235/41 2675/1135/41 2673/1133/40
f 2676/1235/41 2678/1236/42 2677/1136/42 2675/1135/41
f 2678/1236/42 2680/1237/43 2679/1138/43 2677/1136/42
f 2680/1237/43 2682/1238/44 2681/1139/44 2679/1138/43
f 2682/1238/44 2684/1239/45 2683/1140/45 2681/1139/44
f 2684/1239/45 2686/1240/46 2685/1142/46 2683/1140/45
f 2686/1240/46 2688/1241/47 2687/1143/47 2685/1142/46
f 2688/1241/47 2690/1242/48 2689/1145/48 2687/1143/47
f 2690/1242/48 2692/1201/49 2691/594/49 2689/1145/48
f 2692/1201/49 2694/1243/50 2693/1147/50 2691/594/49
f 2694/1243/50 2696/1244/51 2695/1146/51 2693/1147/50
f 2696/1244/51 2698/1245/52 2697/1144/52 2695/1146/51
f 2698/1245/52 2700/1246/53 2699/1141/53 2697/1144/52
f 2700/1246/53 2702/1247/54 2701/1137/54 2699/1141/53
f 2702/1247/54 2704/1248/55 2703/1134/55 2701/1137/54
f 2704/1248/55 2706/1249/56 2705/1132/56 2703/1134/55
f 2706/1249/56 2708/1250/57 2707/1131/57 2705/1132/56
f 2708/1250/57 2710/1251/58 2709/1130/58 2707/1131/57
f 2710/1251/58 2712/1252/59 2711/1123/59 2709/1130/58
f 2712/1252/59 2714/1253/60 2713/1114/60 2711/1123/59
f 2714/1253/60 2716/1254/61 2715/1106/61 2713/1114/60
f 2716/1254/61 2718/1255/62 2717/1103/62 2715/1106/61
f 2718/1255/62 2720/1256/9 2719/1099/9 2717/1103/62
f 2720/1256/9 2722/1257/11 2721/1098/11 2719/1099/9
f 2722/1257/11 2724/1258/12 2723/1097/12 2721/1098/11
f 2724/1258/12 2726/1259/10 2725/1094/10 2723/1097/12
f 2726/1259/10 2728/1260/10 2727/1095/10 2725/1094/10
f 2728/1260/10 2616/1206/13 2615/229/13 2727/1095/10
f 2730/1190/10 2732/1261/9 2731/1262/9 2729/108/10
f 2732/1261/9 2734/1263/9 2733/1264/9 2731/1262/9
f 2734/1263/9 2736/1265/63 2735/1266/63 2733/1264/9
f 2736/1265/63 2738/1267/64 2737/1268/64 2735/1266/63
f 2738/1267/64 2740/1269/65 2739/1270/65 2737/1268/64
f 2740/1269/65 2742/1271/66 2741/1272/66 2739/1270/65
f 2742/1271/66 2744/1273/67 2743/1274/67 2741/1272/66
f 2744/1273/67 2746/1275/68 2745/1276/68 2743/1274/67
f 2746/1275/68 2748/1277/69 2747/1278/69 2745/1276/68
f 2748/1277/69 2750/1279/70 2749/1280/70 2747/1278/69
f 2750/1279/70 2752/1281/71 2751/1282/71 2749/1280/70
f 2752/1281/71 2754/1283/72 2753/1284/72 2751/1282/71
f 2754/1283/72 2756/1285/73 2755/1286/73 2753/1284/72
f 2756/1285/73 2758/1287/74 2757/1288/74 2755/1286/73
f 2758/1287/74 2760/1289/75 2759/1290/75 2757/1288/74
f 2760/1289/75 2762/1291/76 2761/1292/76 2759/1290/75
f 2762/1291/76 2764/1293/77 2763/1294/77 2761/1292/76
f 2764/1293/77 2766/1295/78 2765/1296/78 2763/1294/77
f 2766/1295/78 2768/1297/79 2767/1298/79 2765/1296/78
f 2768/1297/79 2770/1299/80 2769/1300/80 2767/1298/79
f 2770/1299/80 2772/1301/81 2771/1302/81 2769/1300/80
f 2772/1301/81 2774/1303/82 2773/1304/82 2771/1302/81
f 2774/1303/82 2776/1305/83 2775/1306/83 2773/1304/82
f 2776/1305/83 2778/1307/84 2777/1308/84 2775/1306/83
f 2778/1307/84 2780/1309/85 2779/1310/85 2777/1308/84
f 2780/1309/85 2782/1311/86 2781/1312/86 2779/1310/85
f 2782/1311/86 2784/1313/87 2783/1314/87 2781/1312/86
f 2784/1313/87 2786/1315/88 2785/1316/88 2783/1314/87
f 2786/1315/88 2788/1198/89 2787/360/89 2785/1316/88
f 2788/1198/89 2790/1317/90 2789/1318/90 2787/360/89
f 2790/1317/90 2792/1319/91 2791/1320/91 2789/1318/90
f 2792/1319/91 2794/1321/92 2793/1322/92 2791/1320/91
f 2794/1321/92 2796/1323/93 2795/1324/93 2793/1322/92
f 2796/1323/93 2798/1325/94 2797/1326/94 2795/1324/93
f 2798/1325/94 2800/1327/95 2799/1328/95 2797/1326/94
f 2800/1327/95 2802/1329/96 2801/1330/96 2799/1328/95
f 2802/1329/96 2804/1331/97 2803/1332/97 2801/1330/96
f 2804/1331/97 2806/1333/98 2805/1334/98 2803/1332/97
f 2806/1333/98 2808/1335/99 2807/1336/99 2805/1334/98
f 2808/1335/99 2810/1337/100 2809/1338/100 2807/1336/99
f 2810/1337/100 2812/1339/101 2811/1340/101 2809/1338/100
f 2812/1339/101 2814/1341/102 2813/1342/102 2811/1340/101
f 2814/1341/102 2816/1343/103 2815/1344/103 2813/1342/102
f 2816/1343/103 2818/1345/104 2817/1346/104 2815/1344/103
f 2818/1345/104 2820/1347/105 2819/1348/105 2817/1346/104
f 2820/1347/105 2822/1349/106 2821/1350/106 2819/1348/105
f 2822/1349/106 2824/1351/107 2823/1352/107 2821/1350/106
f 2824/1351/107 2826/1353/108 2825/1354/108 2823/1352/107
f 2826/1353/108 2828/1355/109 2827/1356/109 2825/1354/108
f 2828/1355/109 2830/1357/110 2829/1358/110 2827/1356/109
f 2830/1357/110 2832/1359/111 2831/1360/111 2829/1358/110
f 2832/1359/111 2834/1361/112 2833/1362/112 2831/1360/111
f 2834/1361/112 2836/1363/11 2835/1364/11 2833/1362/112
f 2836/1363/11 2838/1365/11 2837/1366/11 2835/1364/11
f 2838/1365/11 2840/1367/113 2839/1368/113 2837/1366/11
f 2840/1367/113 2842/1369/114 2841/1370/114 2839/1368/113
f 2842/1369/114 2844/1371/10 2843/1372/10 2841/1370/114
f 2844/1371/10 2730/1206/10 2729/229/10 2843/1372/10
f 2846/1190/115 2848/1373/116 2847/1374/116 2845/108/115
f 2848/1373/116 2850/1375/117 2849/1376/117 2847/1374/116
f 2850/1375/117 2852/1377/118 2851/1378/118 2849/1376/117
f 2852/1377/118 2854/1379/119 2853/1380/119 2851/1378/118
f 2854/1379/119 2856/1381/120 2855/1382/120 2853/1380/119
f 2856/1381/120 2858/1383/121 2857/1384/121 2855/1382/120
f 2858/1383/121 2860/1385/122 2859/1386/122 2857/1384/121
f 2860/1385/122 2862/1387/123 2861/1388/123 2859/1386/122
f 2862/1387/123 2864/1389/124 2863/1390/124 2861/1388/123
f 2864/1389/124 2866/1391/125 2865/1392/125 2863/1390/124
f 2866/1391/125 2868/1393/126 2867/1394/126 2865/1392/125
f 2868/1393/126 2870/1395/127 2869/1396/127 2867/1394/126
f 2870/1395/127 2872/1397/128 2871/1398/128 2869/1396/127
f 2872/1397/128 2874/1399/129 2873/1400/129 2871/1398/128
f 2874/1399/129 2876/1401/130 2875/1402/130 2873/1400/129
f 2876/1401/130 2878/1403/131 2877/1404/131 2875/1402/130
f 2878/1403/131 2880/1405/132 2879/1406/132 2877/1404/131
f 2880/1405/132 2882/1407/133 2881/1408/133 2879/1406/132
f 2882/1407/133 2884/1409/134 2883/1410/134 2881/1408/133
f 2884/1409/134 2886/1411/135 2885/1412/135 2883/1410/134
f 2886/1411/135 2888/1413/136 2887/1414/136 2885/1412/135
f 2888/1413/136 2890/1415/137 2889/1416/137 2887/1414/136
f 2890/1415/137 2892/1417/138 2891/1418/138 2889/1416/137
f 2892/1417/138 2894/1419/139 2893/1420/139 2891/1418/138
f 2894/1419/139 2896/1421/140 2895/1422/140 2893/1420/139
f 2896/1421/140 2898/1423/141 2897/1424/141 2895/1422/140
f 2898/1423/141 2900/1425/142 2899/1426/142 2897/1424/141
f 2900/1425/142 2902/1427/143 2901/1428/143 2899/1426/142
f 2902/1427/143 2904/1429/144 2903/1430/144 2901/1428/143
f 2904/1429/144 2906/1431/145 2905/1432/145 2903/1430/144
f 2906/1431/145 2908/1433/146 2907/1434/146 2905/1432/145
f 2908/1433/146 2910/1435/147 2909/1436/147 2907/1434/146
f 2910/1435/147 2912/1437/148 2911/1438/148 2909/1436/147
f 2912/1437/148 2914/1439/149 2913/1440/149 2911/1438/148
f 2914/1439/149 2916/1441/150 2915/1442/150 2913/1440/149
f 2916/1441/150 2918/1443/151 2917/1444/151 2915/1442/150
f 2918/1443/151 2920/1198/152 2919/360/152 2917/1444/151
f 2920/1198/152 2922/1445/153 2921/1446/153 2919/360/152
f 2922/1445/153 2924/1447/154 2923/1448/154 2921/1446/153
f 2924/1447/154 2926/1449/155 2925/1450/155 2923/1448/154
f 2926/1449/155 2928/1451/156 2927/1452/156 2925/1450/155
f 2928/1451/156 2930/1453/157 2929/1454/157 2927/1452/156
f 2930/1453/157 2932/1455/158 2931/1456/158 2929/1454/157
f 2932/1455/158 2934/1457/159 2933/1458/159 2931/1456/158
f 2934/1457/159 2936/1459/160 2935/1460/160 2933/1458/159
f 2936/1459/160 2938/1461/161 2937/1462/161 2935/1460/160
f 2938/1461/161 2940/1463/162 2939/1464/162 2937/1462/161
f 2940/1463/162 2942/1465/163 2941/1466/163 2939/1464/162
f 2942/1465/163 2944/1467/164 2943/1468/164 2941/1466/163
f 2944/1467/164 2946/1469/165 2945/1470/165 2943/1468/164
f 2946/1469/165 2948/1471/166 2947/1472/166 2945/1470/165
f 2948/1471/166 2950/1473/167 2949/1474/167 2947/1472/166
f 2950/1473/167 2952/1475/168 2951/1476/168 2949/1474/167
f 2952/1475/168 2954/1477/169 2953/1478/169 2951/1476/168
f 2954/1477/169 2956/1479/170 2955/1480/170 2953/1478/169
f 2956/1479/170 2958/1481/171 2957/1482/171 2955/1480/170
f 2958/1481/171 2960/1483/172 2959/1484/172 2957/1482/171
f 2960/1483/172 2962/1485/173 2961/1486/173 2959/1484/172
f 2962/1485/173 2964/1487/174 2963/1488/174 2961/1486/173
f 2964/1487/174 2966/1489/175 2965/1490/175 2963/1488/174
f 2966/1489/175 2968/1491/176 2967/1492/176 2965/1490/175
f 2968/1491/176 2970/1493/177 2969/1494/177 2967/1492/176
f 2970/1493/177 2972/1495/178 2971/1496/178 2969/1494/177
f 2972/1495/178 2974/1497/179 2973/1498/179 2971/1496/178
f 2974/1497/179 2976/1499/180 2975/1500/180 2973/1498/179
f 2976/1499/180 2978/1501/181 2977/1502/181 2975/1500/180
f 2978/1501/181 2980/1503/182 2979/1504/182 2977/1502/181
f 2980/1503/182 2982/1505/183 2981/1506/183 2979/1504/182
f 2982/1505/183 2984/1507/184 2983/1508/184 2981/1506/183
f 2984/1507/184 2986/1509/185 2985/1510/185 2983/1508/184
f 2986/1509/185 2988/1511/186 2987/1512/186 2985/1510/185
f 2988/1511/186 2990/1513/187 2989/1514/187 2987/1512/186
f 2990/1513/187 2992/1515/188 2991/1516/188 2989/1514/187
f 2992/1515/188 2846/1206/115 2845/229/115 2991/1516/188
f 2994/1190/189 2996/1517/190 2995/31/190 2993/108/189
f 2996/1517/190 2998/1518/191 2997/159/191 2995/31/190
f 2998/1518/191 3000/1519/192 2999/135/192 2997/159/191
f 3000/1519/192 3002/1520/193 3001/188/193 2999/135/192
f 3002/1520/193 3004/1521/194 3003/202/194 3001/188/193
f 3004/1521/194 3006/1522/195 3005/273/195 3003/202/194
f 3006/1522/195 3008/1523/196 3007/293/196 3005/273/195
f 3008/1523/196 3010/1524/197 3009/267/197 3007/293/196
f 3010/1524/197 3012/1525/198 3011/200/198 3009/267/197
f 3012/1525/198 3014/1526/199 3013/225/199 3011/200/198
f 3014/1526/199 3016/1527/200 3015/303/200 3013/225/199
f 3016/1527/200 3018/1528/201 3017/323/201 3015/303/200
f 3018/1528/201 3020/1529/202 3019/277/202 3017/323/201
f 3020/1529/202 3022/1530/203 3021/259/203 3019/277/202
f 3022/1530/203 3024/1531/204 3023/180/204 3021/259/203
f 3024/1531/204 3026/1532/205 3025/111/205 3023/180/204
f 3026/1532/205 3028/1533/206 3027/86/206 3025/111/205
f 3028/1533/206 3030/1534/207 3029/45/207 3027/86/206
f 3030/1534/207 3032/1535/208 3031/59/208 3029/45/207
f 3032/1535/208 3034/1536/209 3033/1/209 3031/59/208
f 3034/1536/209 3036/1537/210 3035/24/210 3033/1/209
f 3036/1537/210 3038/1538/211 3037/32/211 3035/24/210
f 3038/1538/211 3040/1539/212 3039/82/212 3037/32/211
f 3040/1539/212 3042/1540/213 3041/160/213 3039/82/212
f 3042/1540/213 2994/1206/189 2993/229/189 3041/160/213
f 3044/1190/10 3046/1541/214 3045/1542/214 3043/108/10
f 3046/1541/214 3048/1543/215 3047/1544/215 3045/1542/214
f 3048/1543/215 3050/1545/216 3049/1546/216 3047/1544/215
f 3050/1545/216 3052/1547/217 3051/1548/217 3049/1546/216
f 3052/1547/217 3054/1549/218 3053/355/218 3051/1548/217
f 3054/1549/218 3056/1550/219 3055/1551/219 3053/355/218
f 3056/1550/219 3058/1552/220 3057/1553/220 3055/1551/219
f 3058/1552/220 3060/1554/221 3059/1555/221 3057/1553/220
f 3060/1554/221 3062/1556/222 3061/1557/222 3059/1555/221
f 3062/1556/222 3064/1558/223 3063/362/223 3061/1557/222
f 3064/1558/223 3066/1521/224 3065/202/224 3063/362/223
f 3066/1521/224 3068/1559/225 3067/1560/225 3065/202/224
f 3068/1559/225 3070/1561/226 3069/1562/226 3067/1560/225
f 3070/1561/226 3072/1563/227 3071/1564/227 3069/1562/226
f 3072/1563/227 3074/1565/228 3073/412/228 3071/1564/227
f 3074/1565/228 3076/1566/229 3075/1567/229 3073/412/228
f 3076/1566/229 3078/1568/230 3077/1569/230 3075/1567/229
f 3078/1568/230 3080/1570/231 3079/1571/231 3077/1569/230
f 3080/1570/231 3082/1572/232 3081/1573/232 3079/1571/231
f 3082/1572/232 3084/1574/233 3083/422/233 3081/1573/232
f 3084/1574/233 3086/1575/234 3085/1576/234 3083/422/233
f 3086/1575/234 3088/1526/235 3087/225/235 3085/1576/234
f 3088/1526/235 3090/1577/236 3089/1578/236 3087/225/235
f 3090/1577/236 3092/1579/237 3091/1580/237 3089/1578/236
f 3092/1579/237 3094/1581/238 3093/369/238 3091/1580/237
f 3094/1581/238 3096/1582/239 3095/1583/239 3093/369/238
f 3096/1582/239 3098/1584/240 3097/1585/240 3095/1583/239
f 3098/1584/240 3100/1586/241 3099/1587/241 3097/1585/240
f 3100/1586/241 3102/1588/242 3101/1589/242 3099/1587/241
f 3102/1588/242 3104/1590/243 3103/464/243 3101/1589/242
f 3104/1590/243 3106/1591/244 3105/1592/244 3103/464/243
f 3106/1591/244 3108/1593/245 3107/1594/245 3105/1592/244
f 3108/1593/245 3110/1531/246 3109/180/246 3107/1594/245
f 3110/1531/246 3112/1595/247 3111/1596/247 3109/180/246
f 3112/1595/247 3114/1597/248 3113/519/248 3111/1596/247
f 3114/1597/248 3116/1598/249 3115/1599/249 3113/519/248
f 3116/1598/249 3118/1600/250 3117/1601/250 3115/1599/249
f 3118/1600/250 3120/1602/251 3119/1603/251 3117/1601/250
f 3120/1602/251 3122/1604/252 3121/1605/252 3119/1603/251
f 3122/1604/252 3124/1606/253 3123/549/253 3121/1605/252
f 3124/1606/253 3126/1607/254 3125/1608/254 3123/549/253
f 3126/1607/254 3128/1609/255 3127/1610/255 3125/1608/254
f 3128/1609/255 3130/1611/256 3129/1612/256 3127/1610/255
f 3130/1611/256 3132/1536/257 3131/1/257 3129/1612/256
f 3132/1536/257 3134/1613/258 3133/542/258 3131/1/257
f 3134/1613/258 3136/1614/259 3135/1615/259 3133/542/258
f 3136/1614/259 3138/1616/260 3137/1617/260 3135/1615/259
f 3138/1616/260 3140/1618/261 3139/1619/261 3137/1617/260
f 3140/1618/261 3142/1620/262 3141/1621/262 3139/1619/261
f 3142/1620/262 3144/1622/263 3143/535/263 3141/1621/262
f 3144/1622/263 3146/1623/9 3145/1624/9 3143/535/263
f 3146/1623/9 3148/1625/11 3147/1626/11 3145/1624/9
f 3148/1625/11 3150/1627/12 3149/1628/12 3147/1626/11
f 3150/1627/12 3152/1629/10 3151/1630/10 3149/1628/12
f 3152/1629/10 3044/1206/10 3043/229/10 3151/1630/10
f 3154/1190/264 3156/1631/265 3155/1632/265 3153/108/264
f 3156/1631/265 3158/1633/266 3157/1634/266 3155/1632/265
f 3158/1633/266 3160/1635/267 3159/1636/267 3157/1634/266
f 3160/1635/267 3162/1637/268 3161/1638/268 3159/1636/267
f 3162/1637/268 3164/1639/269 3163/1640/269 3161/1638/268
f 3164/1639/269 3166/1641/270 3165/1642/270 3163/1640/269
f 3166/1641/270 3168/1643/271 3167/1644/271 3165/1642/270
f 3168/1643/271 3170/1645/272 3169/1646/272 3167/1644/271
f 3170/1645/272 3172/1647/273 3171/1648/273 3169/1646/272
f 3172/1647/273 3174/1649/274 3173/1650/274 3171/1648/273
f 3174/1649/274 3176/1651/275 3175/1652/275 3173/1650/274
f 3176/1651/275 3178/1653/276 3177/1654/276 3175/1652/275
f 3178/1653/276 3180/1655/277 3179/1656/277 3177/1654/276
f 3180/1655/277 3182/1657/278 3181/1658/278 3179/1656/277
f 3182/1657/278 3184/1659/279 3183/1660/279 3181/1658/278
f 3184/1659/279 3186/1661/280 3185/104/280 3183/1660/279
f 3186/1661/280 3188/1662/281 3187/1663/281 3185/104/280
f 3188/1662/281 3190/1664/282 3189/1665/282 3187/1663/281
f 3190/1664/282 3192/1666/283 3191/1667/283 3189/1665/282
f 3192/1666/283 3194/1668/284 3193/1669/284 3191/1667/283
f 3194/1668/284 3196/1670/285 3195/1671/285 3193/1669/284
f 3196/1670/285 3198/1672/286 3197/1673/286 3195/1671/285
f 3198/1672/286 3200/1674/287 3199/1675/287 3197/1673/286
f 3200/1674/287 3202/1676/288 3201/1677/288 3199/1675/287
f 3202/1676/288 3204/1678/289 3203/1679/289 3201/1677/288
f 3204/1678/289 3206/1680/290 3205/1154/290 3203/1679/289
f 3206/1680/290 3208/1681/291 3207/1682/291 3205/1154/290
f 3208/1681/291 3210/1683/292 3209/1684/292 3207/1682/291
f 3210/1683/292 3212/1685/293 3211/1686/293 3209/1684/292
f 3212/1685/293 3214/1687/294 3213/1688/294 3211/1686/293
f 3214/1687/294 3216/1689/295 3215/1690/295 3213/1688/294
f 3216/1689/295 3218/1691/296 3217/178/296 3215/1690/295
f 3218/1691/296 3220/1692/297 3219/1693/297 3217/178/296
f 3220/1692/297 3222/1694/298 3221/1695/298 3219/1693/297
f 3222/1694/298 3224/1696/299 3223/1697/299 3221/1695/298
f 3224/1696/299 3226/1698/300 3225/1699/300 3223/1697/299
f 3226/1698/300 3228/1700/301 3227/1701/301 3225/1699/300
f 3228/1700/301 3230/1702/302 3229/1703/302 3227/1701/301
f 3230/1702/302 3232/1704/303 3231/1705/303 3229/1703/302
f 3232/1704/303 3234/1706/304 3233/1707/304 3231/1705/303
f 3234/1706/304 3236/1708/305 3235/1709/305 3233/1707/304
f 3236/1708/305 3238/1710/306 3237/1711/306 3235/1709/305
f 3238/1710/306 3240/1712/307 3239/1713/307 3237/1711/306
f 3240/1712/307 3242/1714/308 3241/1715/308 3239/1713/307
f 3242/1714/308 3244/1716/309 3243/1717/309 3241/1715/308
f 3244/1716/309 3246/1718/310 3245/1719/310 3243/1717/309
f 3246/1718/310 3248/1720/311 3247/1721/311 3245/1719/310
f 3248/1720/311 3250/1722/312 3249/263/312 3247/1721/311
f 3250/1722/312 3252/1723/313 3251/1724/313 3249/263/312
f 3252/1723/313 3254/1725/314 3253/1726/314 3251/1724/313
f 3254/1725/314 3256/1727/315 3255/1728/315 3253/1726/314
f 3256/1727/315 3258/1194/316 3257/1151/316 3255/1728/315
f 3258/1194/316 3260/1729/317 3259/1730/317 3257/1151/316
f 3260/1729/317 3262/1731/318 3261/1732/318 3259/1730/317
f 3262/1731/318 3264/1733/319 3263/1734/319 3261/1732/318
f 3264/1733/319 3266/1735/320 3265/1736/320 3263/1734/319
f 3266/1735/320 3268/1737/321 3267/1738/321 3265/1736/320
f 3268/1737/321 3270/1739/322 3269/1740/322 3267/1738/321
f 3270/1739/322 3272/1741/323 3271/1742/323 3269/1740/322
f 3272/1741/323 3274/1743/324 3273/1744/324 3271/1742/323
f 3274/1743/324 3276/1745/325 3275/1746/325 3273/1744/324
f 3276/1745/325 3278/1747/326 3277/1748/326 3275/1746/325
f 3278/1747/326 3280/1749/327 3279/1750/327 3277/1748/326
f 3280/1749/327 3282/1751/328 3281/276/328 3279/1750/327
f 3282/1751/328 3284/1752/329 3283/1753/329 3281/276/328
f 3284/1752/329 3286/1754/330 3285/1755/330 3283/1753/329
f 3286/1754/330 3288/1756/331 3287/1757/331 3285/1755/330
f 3288/1756/331 3290/1758/332 3289/1759/332 3287/1757/331
f 3290/1758/332 3292/1760/333 3291/1761/333 3289/1759/332
f 3292/1760/333 3294/1762/334 3293/1763/334 3291/1761/333
f 3294/1762/334 3296/1764/335 3295/1765/335 3293/1763/334
f 3296/1764/335 3298/1766/336 3297/1767/336 3295/1765/335
f 3298/1766/336 3300/1768/336 3299/1769/336 3297/1767/336
f 3300/1768/336 3302/1770/337 3301/1771/337 3299/1769/336
f 3302/1770/337 3304/1772/338 3303/1773/338 3301/1771/337
f 3304/1772/338 3306/1774/339 3305/1775/339 3303/1773/338
f 3306/1774/339 3308/1776/340 3307/1777/340 3305/1775/339
f 3308/1776/340 3310/1778/341 3309/1179/341 3307/1777/340
f 3310/1778/341 3312/1779/341 3311/1780/341 3309/1179/341
f 3312/1779/341 3314/1781/342 3313/199/342 3311/1780/341
f 3314/1781/342 3316/1782/343 3315/1783/343 3313/199/342
f 3316/1782/343 3318/1784/344 3317/1785/344 3315/1783/343
f 3318/1784/344 3320/1786/345 3319/1787/345 3317/1785/344
f 3320/1786/345 3322/1788/346 3321/1789/346 3319/1787/345
f 3322/1788/346 3324/1790/347 3323/1791/347 3321/1789/346
f 3324/1790/347 3326/1792/348 3325/1793/348 3323/1791/347
f 3326/1792/348 3328/1794/349 3327/1795/349 3325/1793/348
f 3328/1794/349 3330/1796/350 3329/1797/350 3327/1795/349
f 3330/1796/350 3332/1798/351 3331/1799/351 3329/1797/350
f 3332/1798/351 3334/1800/352 3333/1801/352 3331/1799/351
f 3334/1800/352 3336/1802/353 3335/1803/353 3333/1801/352
f 3336/1802/353 3338/1804/354 3337/1805/354 3335/1803/353
f 3338/1804/354 3340/1806/355 3339/1807/355 3337/1805/354
f 3340/1806/355 3342/1808/356 3341/1809/356 3339/1807/355
f 3342/1808/356 3344/1810/357 3343/1811/357 3341/1809/356
f 3344/1810/357 3346/1812/358 3345/315/358 3343/1811/357
f 3346/1812/358 3348/1813/359 3347/1814/359 3345/315/358
f 3348/1813/359 3350/1815/360 3349/1816/360 3347/1814/359
f 3350/1815/360 3352/1817/361 3351/1818/361 3349/1816/360
f 3352/1817/361 3354/1819/362 3353/1820/362 3351/1818/361
f 3354/1819/362 3356/1821/363 3355/1822/363 3353/1820/362
f 3356/1821/363 3358/1823/364 3357/1824/364 3355/1822/363
f 3358/1823/364 3360/1825/365 3359/1826/365 3357/1824/364
f 3360/1825/365 3362/1198/366 3361/360/366 3359/1826/365
f 3362/1198/366 3364/1827/367 3363/1828/367 3361/360/366
f 3364/1827/367 3366/1829/368 3365/1830/368 3363/1828/367
f 3366/1829/368 3368/1831/369 3367/1832/369 3365/1830/368
f 3368/1831/369 3370/1833/370 3369/1834/370 3367/1832/369
f 3370/1833/370 3372/1835/371 3371/1836/371 3369/1834/370
f 3372/1835/371 3374/1837/372 3373/1838/372 3371/1836/371
f 3374/1837/372 3376/1839/373 3375/1840/373 3373/1838/372
f 3376/1839/373 3378/1841/374 3377/251/374 3375/1840/373
f 3378/1841/374 3380/1842/375 3379/1843/375 3377/251/374
f 3380/1842/375 3382/1844/376 3381/1845/376 3379/1843/375
f 3382/1844/376 3384/1846/377 3383/1847/377 3381/1845/376
f 3384/1846/377 3386/1848/378 3385/1849/378 3383/1847/377
f 3386/1848/378 3388/1850/379 3387/1851/379 3385/1849/378
f 3388/1850/379 3390/1852/380 3389/1853/380 3387/1851/379
f 3390/1852/380 3392/1854/381 3391/1855/381 3389/1853/380
f 3392/1854/381 3394/1856/382 3393/1857/382 3391/1855/381
f 3394/1856/382 3396/1858/383 3395/1859/383 3393/1857/382
f 3396/1858/383 3398/1860/384 3397/1861/384 3395/1859/383
f 3398/1860/384 3400/1862/385 3399/1863/385 3397/1861/384
f 3400/1862/385 3402/1864/386 3401/1865/386 3399/1863/385
f 3402/1864/386 3404/1866/387 3403/1867/387 3401/1865/386
f 3404/1866/387 3406/1868/388 3405/1869/388 3403/1867/387
f 3406/1868/388 3408/1870/389 3407/1871/389 3405/1869/388
f 3408/1870/389 3410/1872/390 3409/143/390 3407/1871/389
f 3410/1872/390 3412/1873/391 3411/1874/391 3409/143/390
f 3412/1873/391 3414/1875/392 3413/1178/392 3411/1874/391
f 3414/1875/392 3416/1876/393 3415/1877/393 3413/1178/392
f 3416/1876/393 3418/1878/394 3417/1879/394 3415/1877/393
f 3418/1878/394 3420/1880/395 3419/1881/395 3417/1879/394
f 3420/1880/395 3422/1882/396 3421/1883/396 3419/1881/395
f 3422/1882/396 3424/1884/397 3423/1885/397 3421/1883/396
f 3424/1884/397 3426/1886/398 3425/1887/398 3423/1885/397
f 3426/1886/398 3428/1888/399 3427/1889/399 3425/1887/398
f 3428/1888/399 3430/1890/400 3429/1891/400 3427/1889/399
f 3430/1890/400 3432/1892/401 3431/1893/401 3429/1891/400
f 3432/1892/401 3434/1894/402 3433/1895/402 3431/1893/401
f 3434/1894/402 3436/1896/403 3435/1897/403 3433/1895/402
f 3436/1896/403 3438/1898/404 3437/1899/404 3435/1897/403
f 3438/1898/404 3440/1900/405 3439/1901/405 3437/1899/404
f 3440/1900/405 3442/1902/406 3441/93/406 3439/1901/405
f 3442/1902/406 3444/1903/407 3443/1904/407 3441/93/406
f 3444/1903/407 3446/1905/408 3445/1906/408 3443/1904/407
f 3446/1905/408 3448/1907/409 3447/1908/409 3445/1906/408
f 3448/1907/409 3450/1909/410 3449/1910/410 3447/1908/409
f 3450/1909/410 3452/1911/411 3451/1912/411 3449/1910/410
f 3452/1911/411 3454/1913/412 3453/1914/412 3451/1912/411
f 3454/1913/412 3456/1915/413 3455/1916/413 3453/1914/412
f 3456/1915/413 3458/1917/414 3457/1918/414 3455/1916/413
f 3458/1917/414 3460/1919/415 3459/1920/415 3457/1918/414
f 3460/1919/415 3462/1921/159 3461/1922/159 3459/1920/415
f 3462/1921/159 3464/1923/416 3463/1924/416 3461/1922/159
f 3464/1923/416 3466/1202/417 3465/1174/417 3463/1924/416
f 3466/1202/417 3468/1925/418 3467/1926/418 3465/1174/417
f 3468/1925/418 3470/1927/419 3469/1928/419 3467/1926/418
f 3470/1927/419 3472/1929/420 3471/1930/420 3469/1928/419
f 3472/1929/420 3474/1931/421 3473/23/421 3471/1930/420
f 3474/1931/421 3476/1932/422 3475/1933/422 3473/23/421
f 3476/1932/422 3478/1934/423 3477/1935/423 3475/1933/422
f 3478/1934/423 3480/1936/424 3479/1937/424 3477/1935/423
f 3480/1936/424 3482/1938/425 3481/1939/425 3479/1937/424
f 3482/1938/425 3484/1940/426 3483/1941/426 3481/1939/425
f 3484/1940/426 3486/1942/427 3485/1943/427 3483/1941/426
f 3486/1942/427 3488/1944/428 3487/1945/428 3485/1943/427
f 3488/1944/428 3490/1946/429 3489/1947/429 3487/1945/428
f 3490/1946/429 3492/1948/430 3491/1949/430 3489/1947/429
f 3492/1948/430 3494/1950/431 3493/1951/431 3491/1949/430
f 3494/1950/431 3496/1952/432 3495/1953/432 3493/1951/431
f 3496/1952/432 3498/1954/433 3497/1955/433 3495/1953/432
f 3498/1954/433 3500/1956/434 3499/1957/434 3497/1955/433
f 3500/1956/434 3502/1958/435 3501/1959/435 3499/1957/434
f 3502/1958/435 3504/1960/436 3503/1961/436 3501/1959/435
f 3504/1960/436 3506/1962/437 3505/28/437 3503/1961/436
f 3506/1962/437 3508/1963/438 3507/1964/438 3505/28/437
f 3508/1963/438 3510/1965/277 3509/1966/277 3507/1964/438
f 3510/1965/277 3512/1967/439 3511/1968/439 3509/1966/277
f 3512/1967/439 3514/1969/440 3513/1970/440 3511/1968/439
f 3514/1969/440 3516/1971/441 3515/1972/441 3513/1970/440
f 3516/1971/441 3518/1973/442 3517/1169/442 3515/1972/441
f 3518/1973/442 3520/1974/443 3519/1975/443 3517/1169/442
f 3520/1974/443 3522/1976/444 3521/1977/444 3519/1975/443
f 3522/1976/444 3524/1978/445 3523/1979/445 3521/1977/444
f 3524/1978/445 3526/1980/446 3525/1981/446 3523/1979/445
f 3526/1980/446 3528/1982/447 3527/1983/447 3525/1981/446
f 3528/1982/447 3530/1984/448 3529/1985/448 3527/1983/447
f 3530/1984/448 3532/1986/449 3531/1987/449 3529/1985/448
f 3532/1986/449 3534/1988/450 3533/1989/450 3531/1987/449
f 3534/1988/450 3536/1990/451 3535/1991/451 3533/1989/450
f 3536/1990/451 3538/1992/452 3537/84/452 3535/1991/451
f 3538/1992/452 3540/1993/453 3539/1994/453 3537/84/452
f 3540/1993/453 3542/1995/454 3541/1996/454 3539/1994/453
f 3542/1995/454 3544/1997/455 3543/1998/455 3541/1996/454
f 3544/1997/455 3546/1999/456 3545/2000/456 3543/1998/455
f 3546/1999/456 3548/2001/457 3547/2002/457 3545/2000/456
f 3548/2001/457 3550/2003/458 3549/2004/458 3547/2002/457
f 3550/2003/458 3552/2005/459 3551/2006/459 3549/2004/458
f 3552/2005/459 3554/2007/460 3553/2008/460 3551/2006/459
f 3554/2007/460 3556/2009/461 3555/2010/461 3553/2008/460
f 3556/2009/461 3558/2011/462 3557/2012/462 3555/2010/461
f 3558/2011/462 3560/2013/463 3559/2014/463 3557/2012/462
f 3560/2013/463 3562/2015/464 3561/2016/464 3559/2014/463
f 3562/2015/464 3564/2017/465 3563/2018/465 3561/2016/464
f 3564/2017/465 3566/2019/466 3565/2020/466 3563/2018/465
f 3566/2019/466 3568/2021/467 3567/2022/467 3565/2020/466
f 3568/2021/467 3154/1206/264 3153/229/264 3567/2022/467
f 3570/1190/468 3572/1373/468 3571/1374/468 3569/108/468
f 3572/1373/468 3574/1375/468 3573/1376/468 3571/1374/468
f 3574/1375/468 3576/1377/468 3575/1378/468 3573/1376/468
f 3576/1377/468 3578/1379/468 3577/1380/468 3575/1378/468
f 3578/1379/468 3580/1381/468 3579/1382/468 3577/1380/468
f 3580/1381/468 3582/1383/468 3581/1384/468 3579/1382/468
f 3582/1383/468 3584/1385/468 3583/1386/468 3581/1384/468
f 3584/1385/468 3586/1387/468 3585/1388/468 3583/1386/468
f 3586/1387/468 3588/1389/468 3587/1390/468 3585/1388/468
f 3588/1389/468 3590/1391/468 3589/1392/468 3587/1390/468
f 3590/1391/468 3592/1393/469 3591/1394/469 3589/1392/468
f 3592/1393/469 3594/1395/470 3593/1396/470 3591/1394/469
f 3594/1395/470 3596/1397/471 3595/1398/471 3593/1396/470
f 3596/1397/471 3598/1399/472 3597/1400/472 3595/1398/471
f 3598/1399/472 3600/1401/473 3599/1402/473 3597/1400/472
f 3600/1401/473 3602/1403/474 3601/1404/474 3599/1402/473
f 3602/1403/474 3604/1405/475 3603/1406/475 3601/1404/474
f 3604/1405/475 3606/1407/476 3605/1408/476 3603/1406/475
f 3606/1407/476 3608/1409/477 3607/1410/477 3605/1408/476
f 3608/1409/477 3610/1411/478 3609/1412/478 3607/1410/477
f 3610/1411/478 3612/1413/479 3611/1414/479 3609/1412/478
f 3612/1413/479 3614/1415/480 3613/1416/480 3611/1414/479
f 3614/1415/480 3616/1417/481 3615/1418/481 3613/1416/480
f 3616/1417/481 3618/1419/482 3617/1420/482 3615/1418/481
f 3618/1419/482 3620/1421/483 3619/1422/483 3617/1420/482
f 3620/1421/483 3622/1423/484 3621/1424/484 3619/1422/483
f 3622/1423/484 3624/1425/485 3623/1426/485 3621/1424/484
f 3624/1425/485 3626/1427/486 3625/1428/486 3623/1426/485
f 3626/1427/486 3628/1429/487 3627/1430/487 3625/1428/486
f 3628/1429/487 3630/1431/488 3629/1432/488 3627/1430/487
f 3630/1431/488 3632/1433/489 3631/1434/489 3629/1432/488
f 3632/1433/489 3634/1435/490 3633/1436/490 3631/1434/489
f 3634/1435/490 3636/1437/491 3635/1438/491 3633/1436/490
f 3636/1437/491 3638/1439/492 3637/1440/492 3635/1438/491
f 3638/1439/492 3640/1441/493 3639/1442/493 3637/1440/492
f 3640/1441/493 3642/1443/494 3641/1444/494 3639/1442/493
f 3642/1443/494 3644/1198/495 3643/360/495 3641/1444/494
f 3644/1198/495 3646/1445/495 3645/1446/495 3643/360/495
f 3646/1445/495 3648/1447/495 3647/1448/495 3645/1446/495
f 3648/1447/495 3650/1449/495 3649/1450/495 3647/1448/495
f 3650/1449/495 3652/1451/495 3651/1452/495 3649/1450/495
f 3652/1451/495 3654/1453/495 3653/1454/495 3651/1452/495
f 3654/1453/495 3656/1455/495 3655/1456/495 3653/1454/495
f 3656/1455/495 3658/1457/495 3657/1458/495 3655/1456/495
f 3658/1457/495 3660/1459/495 3659/1460/495 3657/1458/495
f 3660/1459/495 3662/1461/495 3661/1462/495 3659/1460/495
f 3662/1461/495 3664/1463/495 3663/1464/495 3661/1462/495
f 3664/1463/495 3666/1465/496 3665/1466/496 3663/1464/495
f 3666/1465/496 3668/1467/497 3667/1468/497 3665/1466/496
f 3668/1467/497 3670/1469/498 3669/1470/498 3667/1468/497
f 3670/1469/498 3672/1471/499 3671/1472/499 3669/1470/498
f 3672/1471/499 3674/1473/500 3673/1474/500 3671/1472/499
f 3674/1473/500 3676/1475/501 3675/1476/501 3673/1474/500
f 3676/1475/501 3678/1477/502 3677/1478/502 3675/1476/501
f 3678/1477/502 3680/1479/503 3679/1480/503 3677/1478/502
f 3680/1479/503 3682/1481/504 3681/1482/504 3679/1480/503
f 3682/1481/504 3684/1483/505 3683/1484/505 3681/1482/504
f 3684/1483/505 3686/1485/506 3685/1486/506 3683/1484/505
f 3686/1485/506 3688/1487/507 3687/1488/507 3685/1486/506
f 3688/1487/507 3690/1489/508 3689/1490/508 3687/1488/507
f 3690/1489/508 3692/1491/509 3691/1492/509 3689/1490/508
f 3692/1491/509 3694/1493/510 3693/1494/510 3691/1492/509
f 3694/1493/510 3696/1495/511 3695/1496/511 3693/1494/510
f 3696/1495/511 3698/1497/512 3697/1498/512 3695/1496/511
f 3698/1497/512 3700/1499/513 3699/1500/513 3697/1498/512
f 3700/1499/513 3702/1501/514 3701/1502/514 3699/1500/513
f 3702/1501/514 3704/1503/515 3703/1504/515 3701/1502/514
f 3704/1503/515 3706/1505/516 3705/1506/516 3703/1504/515
f 3706/1505/516 3708/1507/517 3707/1508/517 3705/1506/516
f 3708/1507/517 3710/1509/518 3709/1510/518 3707/1508/517
f 3710/1509/518 3712/1511/519 3711/1512/519 3709/1510/518
f 3712/1511/519 3714/1513/520 3713/1514/520 3711/1512/519
f 3714/1513/520 3716/1515/521 3715/1516/521 3713/1514/520
f 3716/1515/521 3570/1206/468 3569/229/468 3715/1516/521
f 3718/1190/522 3720/2023/523 3719/2024/523 3717/108/522
f 3720/2023/523 3722/2025/524 3721/2026/524 3719/2024/523
f 3722/2025/524 3724/1375/525 3723/1376/525 3721/2026/524
f 3724/1375/525 3726/2027/526 3725/2028/526 3723/1376/525
f 3726/2027/526 3728/2029/527 3727/2030/527 3725/2028/526
f 3728/2029/527 3730/1379/528 3729/1380/528 3727/2030/527
f 3730/1379/528 3732/2031/529 3731/2032/529 3729/1380/528
f 3732/2031/529 3734/2033/530 3733/2034/530 3731/2032/529
f 3734/2033/530 3736/1383/531 3735/1384/531 3733/2034/530
f 3736/1383/531 3738/2035/532 3737/2036/532 3735/1384/531
f 3738/2035/532 3740/2037/533 3739/2038/533 3737/2036/532
f 3740/2037/533 3742/1387/534 3741/1388/534 3739/2038/533
f 3742/1387/534 3744/2039/535 3743/2040/535 3741/1388/534
f 3744/2039/535 3746/2041/536 3745/2042/536 3743/2040/535
f 3746/2041/536 3748/1391/537 3747/1392/537 3745/2042/536
f 3748/1391/537 3750/2043/538 3749/2044/538 3747/1392/537
f 3750/2043/538 3752/2045/539 3751/2046/539 3749/2044/538
f 3752/2045/539 3754/1395/540 3753/1396/540 3751/2046/539
f 3754/1395/540 3756/2047/541 3755/2048/541 3753/1396/540
f 3756/2047/541 3758/2049/542 3757/2050/542 3755/2048/541
f 3758/2049/542 3760/1399/543 3759/1400/543 3757/2050/542
f 3760/1399/543 3762/2051/544 3761/2052/544 3759/1400/543
f 3762/2051/544 3764/2053/545 3763/2054/545 3761/2052/544
f 3764/2053/545 3766/1403/546 3765/1404/546 3763/2054/545
f 3766/1403/546 3768/2055/547 3767/2056/547 3765/1404/546
f 3768/2055/547 3770/2057/548 3769/2058/548 3767/2056/547
f 3770/2057/548 3772/1407/549 3771/1408/549 3769/2058/548
f 3772/1407/549 3774/2059/550 3773/2060/550 3771/1408/549
f 3774/2059/550 3776/2061/551 3775/2062/551 3773/2060/550
f 3776/2061/551 3778/1411/552 3777/1412/552 3775/2062/551
f 3778/1411/552 3780/2063/553 3779/2064/553 3777/1412/552
f 3780/2063/553 3782/2065/554 3781/2066/554 3779/2064/553
f 3782/2065/554 3784/1415/555 3783/1416/555 3781/2066/554
f 3784/1415/555 3786/2067/556 3785/2068/556 3783/1416/555
f 3786/2067/556 3788/2069/557 3787/2070/557 3785/2068/556
f 3788/2069/557 3790/1419/558 3789/1420/558 3787/2070/557
f 3790/1419/558 3792/1195/559 3791/713/559 3789/1420/558
f 3792/1195/559 3794/2071/560 3793/2072/560 3791/713/559
f 3794/2071/560 3796/1423/561 3795/1424/561 3793/2072/560
f 3796/1423/561 3798/2073/562 3797/2074/562 3795/1424/561
f 3798/2073/562 3800/2075/563 3799/2076/563 3797/2074/562
f 3800/2075/563 3802/1427/564 3801/1428/564 3799/2076/563
f 3802/1427/564 3804/2077/565 3803/2078/565 3801/1428/564
f 3804/2077/565 3806/2079/566 3805/2080/566 3803/2078/565
f 3806/2079/566 3808/1431/567 3807/1432/567 3805/2080/566
f 3808/1431/567 3810/2081/568 3809/2082/568 3807/1432/567
f 3810/2081/568 3812/2083/569 3811/2084/569 3809/2082/568
f 3812/2083/569 3814/1435/570 3813/1436/570 3811/2084/569
f 3814/1435/570 3816/2085/571 3815/2086/571 3813/1436/570
f 3816/2085/571 3818/2087/572 3817/2088/572 3815/2086/571
f 3818/2087/572 3820/1439/573 3819/1440/573 3817/2088/572
f 3820/1439/573 3822/2089/574 3821/2090/574 3819/1440/573
f 3822/2089/574 3824/2091/575 3823/2092/575 3821/2090/574
f 3824/2091/575 3826/1443/576 3825/1444/576 3823/2092/575
f 3826/1443/576 3828/2093/577 3827/2094/577 3825/1444/576
f 3828/2093/577 3830/2095/578 3829/2096/578 3827/2094/577
f 3830/2095/578 3832/1445/579 3831/1446/579 3829/2096/578
f 3832/1445/579 3834/2097/580 3833/2098/580 3831/1446/579
f 3834/2097/580 3836/2099/581 3835/2100/581 3833/2098/580
f 3836/2099/581 3838/1449/582 3837/1450/582 3835/2100/581
f 3838/1449/582 3840/2101/583 3839/2102/583 3837/1450/582
f 3840/2101/583 3842/2103/199 3841/2104/199 3839/2102/583
f 3842/2103/199 3844/1453/584 3843/1454/584 3841/2104/199
f 3844/1453/584 3846/2105/585 3845/2106/585 3843/1454/584
f 3846/2105/585 3848/2107/586 3847/2108/586 3845/2106/585
f 3848/2107/586 3850/1457/587 3849/1458/587 3847/2108/586
f 3850/1457/587 3852/2109/588 3851/2110/588 3849/1458/587
f 3852/2109/588 3854/2111/589 3853/2112/589 3851/2110/588
f 3854/2111/589 3856/1461/590 3855/1462/590 3853/2112/589
f 3856/1461/590 3858/2113/591 3857/2114/591 3855/1462/590
f 3858/2113/591 3860/2115/592 3859/2116/592 3857/2114/591
f 3860/2115/592 3862/1465/593 3861/1466/593 3859/2116/592
f 3862/1465/593 3864/2117/594 3863/2118/594 3861/1466/593
f 3864/2117/594 3866/1201/595 3865/594/595 3863/2118/594
f 3866/1201/595 3868/1469/596 3867/1470/596 3865/594/595
f 3868/1469/596 3870/2119/597 3869/2120/597 3867/1470/596
f 3870/2119/597 3872/2121/598 3871/2122/598 3869/2120/597
f 3872/2121/598 3874/1473/599 3873/1474/599 3871/2122/598
f 3874/1473/599 3876/2123/600 3875/2124/600 3873/1474/599
f 3876/2123/600 3878/2125/601 3877/2126/601 3875/2124/600
f 3878/2125/601 3880/1477/602 3879/1478/602 3877/2126/601
f 3880/1477/602 3882/2127/603 3881/2128/603 3879/1478/602
f 3882/2127/603 3884/2129/604 3883/2130/604 3881/2128/603
f 3884/2129/604 3886/1481/605 3885/1482/605 3883/2130/604
f 3886/1481/605 3888/2131/606 3887/2132/606 3885/1482/605
f 3888/2131/606 3890/2133/607 3889/2134/607 3887/2132/606
f 3890/2133/607 3892/1485/608 3891/1486/608 3889/2134/607
f 3892/1485/608 3894/2135/609 3893/2136/609 3891/1486/608
f 3894/2135/609 3896/2137/610 3895/2138/610 3893/2136/609
f 3896/2137/610 3898/1489/611 3897/1490/611 3895/2138/610
f 3898/1489/611 3900/2139/612 3899/2140/612 3897/1490/611
f 3900/2139/612 3902/2141/613 3901/2142/613 3899/2140/612
f 3902/2141/613 3904/1493/614 3903/1494/614 3901/2142/613
f 3904/1493/614 3906/2143/615 3905/2144/615 3903/1494/614
f 3906/2143/615 3908/2145/616 3907/2146/616 3905/2144/615
f 3908/2145/616 3910/1497/617 3909/1498/617 3907/2146/616
f 3910/1497/617 3912/2147/618 3911/2148/618 3909/1498/617
f 3912/2147/618 3914/2149/619 3913/2150/619 3911/2148/618
f 3914/2149/619 3916/1501/620 3915/1502/620 3913/2150/619
f 3916/1501/620 3918/2151/621 3917/2152/621 3915/1502/620
f 3918/2151/621 3920/2153/622 3919/2154/622 3917/2152/621
f 3920/2153/622 3922/1505/623 3921/1506/623 3919/2154/622
f 3922/1505/623 3924/2155/624 3923/2156/624 3921/1506/623
f 3924/2155/624 3926/2157/625 3925/2158/625 3923/2156/624
f 3926/2157/625 3928/1509/626 3927/1510/626 3925/2158/625
f 3928/1509/626 3930/2159/627 3929/2160/627 3927/1510/626
f 3930/2159/627 3932/2161/478 3931/2162/478 3929/2160/627
f 3932/2161/478 3934/1513/628 3933/1514/628 3931/2162/478
f 3934/1513/628 3936/2163/629 3935/2164/629 3933/1514/628
f 3936/2163/629 3938/2165/630 3937/2166/630 3935/2164/629
f 3938/2165/630 3718/1206/522 3717/229/522 3937/2166/630
f 3940/1190/631 3942/1645/632 3941/1646/632 3939/108/631
f 3942/1645/632 3944/1661/633 3943/104/633 3941/1646/632
f 3944/1661/633 3946/1676/634 3945/1677/634 3943/104/633
f 3946/1676/634 3948/1691/635 3947/178/635 3945/1677/634
f 3948/1691/635 3950/1706/636 3949/1707/636 3947/178/635
f 3950/1706/636 3952/1722/637 3951/263/637 3949/1707/636
f 3952/1722/637 3954/1735/638 3953/1736/638 3951/263/637
f 3954/1735/638 3956/1751/639 3955/276/639 3953/1736/638
f 3956/1751/639 3958/1766/640 3957/1767/640 3955/276/639
f 3958/1766/640 3960/1781/641 3959/199/641 3957/1767/640
f 3960/1781/641 3962/1796/642 3961/1797/642 3959/199/641
f 3962/1796/642 3964/1812/643 3963/315/643 3961/1797/642
f 3964/1812/643 3966/1198/644 3965/360/644 3963/315/643
f 3966/1198/644 3968/1841/645 3967/251/645 3965/360/644
f 3968/1841/645 3970/1856/646 3969/1857/646 3967/251/645
f 3970/1856/646 3972/1872/647 3971/143/647 3969/1857/646
f 3972/1872/647 3974/1886/648 3973/1887/648 3971/143/647
f 3974/1886/648 3976/1902/649 3975/93/649 3973/1887/648
f 3976/1902/649 3978/1917/650 3977/1918/650 3975/93/649
f 3978/1917/650 3980/1931/651 3979/23/651 3977/1918/650
f 3980/1931/651 3982/1946/652 3981/1947/652 3979/23/651
f 3982/1946/652 3984/1962/653 3983/28/653 3981/1947/652
f 3984/1962/653 3986/1976/654 3985/1977/654 3983/28/653
f 3986/1976/654 3988/1992/655 3987/84/655 3985/1977/654
f 3988/1992/655 3990/2007/656 3989/2008/656 3987/84/655
f 3990/2007/656 3940/1206/631 3939/229/631 3989/2008/656
f 3992/1190/657 3994/1645/658 3993/1646/658 3991/108/657
f 3994/1645/658 3996/1661/659 3995/104/659 3993/1646/658
f 3996/1661/659 3998/1676/660 3997/1677/660 3995/104/659
f 3998/1676/660 4000/1691/661 3999/178/661 3997/1677/660
f 4000/1691/661 4002/1706/662 4001/1707/662 3999/178/661
f 4002/1706/662 4004/1722/663 4003/263/663 4001/1707/662
f 4004/1722/663 4006/1735/664 4005/1736/664 4003/263/663
f 4006/1735/664 4008/1751/665 4007/276/665 4005/1736/664
f 4008/1751/665 4010/1766/666 4009/1767/666 4007/276/665
f 4010/1766/666 4012/1781/667 4011/199/667 4009/1767/666
f 4012/1781/667 4014/1796/668 4013/1797/668 4011/199/667
f 4014/1796/668 4016/1812/669 4015/315/669 4013/1797/668
f 4016/1812/669 4018/1198/670 4017/360/670 4015/315/669
f 4018/1198/670 4020/1841/671 4019/251/671 4017/360/670
f 4020/1841/671 4022/1856/672 4021/1857/672 4019/251/671
f 4022/1856/672 4024/1872/673 4023/143/673 4021/1857/672
f 4024/1872/673 4026/1886/674 4025/1887/674 4023/143/673
f 4026/1886/674 4028/1902/675 4027/93/675 4025/1887/674
f 4028/1902/675 4030/1917/676 4029/1918/676 4027/93/675
f 4030/1917/676 4032/1931/677 4031/23/677 4029/1918/676
f 4032/1931/677 4034/1946/678 4033/1947/678 4031/23/677
f 4034/1946/678 4036/1962/679 4035/28/679 4033/1947/678
f 4036/1962/679 4038/1976/680 4037/1977/680 4035/28/679
f 4038/1976/680 4040/1992/681 4039/84/681 4037/1977/680
f 4040/1992/681 4042/2007/682 4041/2008/682 4039/84/681
f 4042/2007/682 3992/1206/657 3991/229/657 4041/2008/682
f 4044/1190/683 4046/1645/684 4045/1646/684 4043/108/683
f 4046/1645/684 4048/1661/685 4047/104/685 4045/1646/684
f 4048/1661/685 4050/1676/686 4049/1677/686 4047/104/685
f 4050/1676/686 4052/1691/687 4051/178/687 4049/1677/686
f 4052/1691/687 4054/1706/688 4053/1707/688 4051/178/687
f 4054/1706/688 4056/1722/689 4055/263/689 4053/1707/688
f 4056/1722/689 4058/1735/690 4057/1736/690 4055/263/689
f 4058/1735/690 4060/1751/691 4059/276/691 4057/1736/690
f 4060/1751/691 4062/1766/692 4061/1767/692 4059/276/691
f 4062/1766/692 4064/1781/693 4063/199/693 4061/1767/692
f 4064/1781/693 4066/1796/694 4065/1797/694 4063/199/693
f 4066/1796/694 4068/1812/695 4067/315/695 4065/1797/694
f 4068/1812/695 4070/1198/696 4069/360/696 4067/315/695
f 4070/1198/696 4072/1841/697 4071/251/697 4069/360/696
f 4072/1841/697 4074/1856/698 4073/1857/698 4071/251/697
f 4074/1856/698 4076/1872/699 4075/143/699 4073/1857/698
f 4076/1872/699 4078/1886/700 4077/1887/700 4075/143/699
f 4078/1886/700 4080/1902/701 4079/93/701 4077/1887/700
f 4080/1902/701 4082/1917/702 4081/1918/702 4079/93/701
f 4082/1917/702 4084/1931/703 4083/23/703 4081/1918/702
f 4084/1931/703 4086/1946/704 4085/1947/704 4083/23/703
f 4086/1946/704 4088/1962/705 4087/28/705 4085/1947/704
f 4088/1962/705 4090/1976/706 4089/1977/706 4087/28/705
f 4090/1976/706 4092/1992/707 4091/84/707 4089/1977/706
f 4092/1992/707 4094/2007/708 4093/2008/708 4091/84/707
f 4094/2007/708 4044/1206/683 4043/229/683 4093/2008/708
f 4096/1190/12 4098/1194/11 4097/1151/11 4095/108/12
f 4098/1194/11 4100/1198/9 4099/360/9 4097/1151/11
f 4100/1198/9 4102/1202/10 4101/1174/10 4099/360/9
f 4102/1202/10 4096/1206/12 4095/229/12 4101/1174/10
f 4104/1190/11 4106/1194/9 4105/1151/9 4103/108/11
f 4106/1194/9 4108/1198/10 4107/360/10 4105/1151/9
f 4108/1198/10 4110/1202/12 4109/1174/12 4107/360/10
f 4110/1202/12 4104/1206/11 4103/229/11 4109/1174/12
f 4112/1190/12 4114/1194/11 4113/1151/11 4111/108/12
f 4114/1194/11 4116/1198/9 4115/360/9 4113/1151/11
f 4116/1198/9 4118/1202/10 4117/1174/10 4115/360/9
f 4118/1202/10 4112/1206/12 4111/229/12 4117/1174/10
f 4120/1190/709 4122/2167/710 4121/2168/710 4119/108/709
f 4122/2167/710 4124/2169/711 4123/2170/711 4121/2168/710
f 4124/2169/711 4126/2171/712 4125/2172/712 4123/2170/711
f 4126/2171/712 4128/2173/713 4127/2174/713 4125/2172/712
f 4128/2173/713 4130/2175/714 4129/2176/714 4127/2174/713
f 4130/2175/714 4132/2177/715 4131/2178/715 4129/2176/714
f 4132/2177/715 4134/1661/716 4133/104/716 4131/2178/715
f 4134/1661/716 4136/2179/717 4135/2180/717 4133/104/716
f 4136/2179/717 4138/2181/718 4137/2182/718 4135/2180/717
f 4138/2181/718 4140/2183/719 4139/2184/719 4137/2182/718
f 4140/2183/719 4142/2185/720 4141/2186/720 4139/2184/719
f 4142/2185/720 4144/2187/10 4143/2188/10 4141/2186/720
f 4144/2187/10 4146/2189/9 4145/1082/9 4143/2188/10
f 4146/2189/9 4148/1691/9 4147/178/9 4145/1082/9
f 4148/1691/9 4150/2190/10 4149/2191/10 4147/178/9
f 4150/2190/10 4152/2192/10 4151/2193/10 4149/2191/10
f 4152/2192/10 4154/2194/9 4153/2195/9 4151/2193/10
f 4154/2194/9 4156/2196/9 4155/2197/9 4153/2195/9
f 4156/2196/9 4158/2198/10 4157/2199/10 4155/2197/9
f 4158/2198/10 4160/2200/10 4159/2201/10 4157/2199/10
f 4160/2200/10 4162/1722/9 4161/263/9 4159/2201/10
f 4162/1722/9 4164/2202/9 4163/2203/9 4161/263/9
f 4164/2202/9 4166/2204/10 4165/2205/10 4163/2203/9
f 4166/2204/10 4168/2206/10 4167/2207/10 4165/2205/10
f 4168/2206/10 4170/2208/9 4169/2209/9 4167/2207/10
f 4170/2208/9 4172/2210/11 4171/1012/11 4169/2209/9
f 4172/2210/11 4174/2211/721 4173/2212/721 4171/1012/11
f 4174/2211/721 4176/1751/722 4175/276/722 4173/2212/721
f 4176/1751/722 4178/2213/723 4177/2214/723 4175/276/722
f 4178/2213/723 4180/2215/724 4179/2216/724 4177/2214/723
f 4180/2215/724 4182/2217/725 4181/2218/725 4179/2216/724
f 4182/2217/725 4184/2219/726 4183/2220/726 4181/2218/725
f 4184/2219/726 4186/2221/727 4185/2222/727 4183/2220/726
f 4186/2221/727 4188/2223/728 4187/2224/728 4185/2222/727
f 4188/2223/728 4190/1781/729 4189/199/729 4187/2224/728
f 4190/1781/729 4192/2225/730 4191/2226/730 4189/199/729
f 4192/2225/730 4194/2227/731 4193/2228/731 4191/2226/730
f 4194/2227/731 4196/2229/732 4195/2230/732 4193/2228/731
f 4196/2229/732 4198/2231/733 4197/1011/733 4195/2230/732
f 4198/2231/733 4200/2232/734 4199/2233/734 4197/1011/733
f 4200/2232/734 4202/2234/735 4201/2235/735 4199/2233/734
f 4202/2234/735 4204/1812/736 4203/315/736 4201/2235/735
f 4204/1812/736 4206/2236/737 4205/2237/737 4203/315/736
f 4206/2236/737 4208/2238/738 4207/2239/738 4205/2237/737
f 4208/2238/738 4210/2240/739 4209/2241/739 4207/2239/738
f 4210/2240/739 4212/2242/740 4211/2243/740 4209/2241/739
f 4212/2242/740 4214/2244/741 4213/2245/741 4211/2243/740
f 4214/2244/741 4216/2246/742 4215/2247/742 4213/2245/741
f 4216/2246/742 4218/1841/743 4217/251/743 4215/2247/742
f 4218/1841/743 4220/2248/744 4219/2249/744 4217/251/743
f 4220/2248/744 4222/2250/745 4221/2251/745 4219/2249/744
f 4222/2250/745 4224/2252/746 4223/1066/746 4221/2251/745
f 4224/2252/746 4226/2253/747 4225/2254/747 4223/1066/746
f 4226/2253/747 4228/2255/748 4227/2256/748 4225/2254/747
f 4228/2255/748 4230/2257/749 4229/2258/749 4227/2256/748
f 4230/2257/749 4232/1872/750 4231/143/750 4229/2258/749
f 4232/1872/750 4234/2259/751 4233/2260/751 4231/143/750
f 4234/2259/751 4236/2261/752 4235/2262/752 4233/2260/751
f 4236/2261/752 4238/2263/753 4237/2264/753 4235/2262/752
f 4238/2263/753 4240/2265/754 4239/2266/754 4237/2264/753
f 4240/2265/754 4242/2267/755 4241/2268/755 4239/2266/754
f 4242/2267/755 4244/2269/756 4243/2270/756 4241/2268/755
f 4244/2269/756 4246/1902/757 4245/93/757 4243/2270/756
f 4246/1902/757 4248/2271/758 4247/2272/758 4245/93/757
f 4248/2271/758 4250/2273/759 4249/1060/759 4247/2272/758
f 4250/2273/759 4252/2274/760 4251/2275/760 4249/1060/759
f 4252/2274/760 4254/2276/761 4253/2277/761 4251/2275/760
f 4254/2276/761 4256/2278/762 4255/2279/762 4253/2277/761
f 4256/2278/762 4258/2280/763 4257/2281/763 4255/2279/762
f 4258/2280/763 4260/1931/764 4259/23/764 4257/2281/763
f 4260/1931/764 4262/2282/765 4261/2283/765 4259/23/764
f 4262/2282/765 4264/2284/766 4263/2285/766 4261/2283/765
f 4264/2284/766 4266/2286/767 4265/2287/767 4263/2285/766
f 4266/2286/767 4268/2288/768 4267/2289/768 4265/2287/767
f 4268/2288/768 4270/2290/769 4269/2291/769 4267/2289/768
f 4270/2290/769 4272/2292/770 4271/2293/770 4269/2291/769
f 4272/2292/770 4274/1962/771 4273/28/771 4271/2293/770
f 4274/1962/771 4276/2294/772 4275/1015/772 4273/28/771
f 4276/2294/772 4278/2295/773 4277/2296/773 4275/1015/772
f 4278/2295/773 4280/2297/774 4279/2298/774 4277/2296/773
f 4280/2297/774 4282/2299/775 4281/2300/775 4279/2298/774
f 4282/2299/775 4284/2301/776 4283/2302/776 4281/2300/775
f 4284/2301/776 4286/2303/777 4285/2304/777 4283/2302/776
f 4286/2303/777 4288/1992/778 4287/84/778 4285/2304/777
f 4288/1992/778 4290/2305/779 4289/2306/779 4287/84/778
f 4290/2305/779 4292/2307/780 4291/2308/780 4289/2306/779
f 4292/2307/780 4294/2309/781 4293/2310/781 4291/2308/780
f 4294/2309/781 4296/2311/782 4295/2312/782 4293/2310/781
f 4296/2311/782 4298/2313/783 4297/2314/783 4295/2312/782
f 4298/2313/783 4300/2315/784 4299/2316/784 4297/2314/783
f 4300/2315/784 4120/1206/709 4119/229/709 4299/2316/784
f 4302/1190/785 4304/2317/786 4303/2318/786 4301/108/785
f 4304/2317/786 4306/1207/787 4305/1096/787 4303/2318/786
f 4306/1207/787 4308/2319/788 4307/2320/788 4305/1096/787
f 4308/2319/788 4310/1208/789 4309/1100/789 4307/2320/788
f 4310/1208/789 4312/2321/790 4311/2322/790 4309/1100/789
f 4312/2321/790 4314/1209/791 4313/1101/791 4311/2322/790
f 4314/1209/791 4316/2323/792 4315/2324/792 4313/1101/791
f 4316/2323/792 4318/1210/793 4317/1102/793 4315/2324/792
f 4318/1210/793 4320/2325/794 4319/2326/794 4317/1102/793
f 4320/2325/794 4322/1211/795 4321/1104/795 4319/2326/794
f 4322/1211/795 4324/2327/796 4323/2328/796 4321/1104/795
f 4324/2327/796 4326/1212/797 4325/1105/797 4323/2328/796
f 4326/1212/797 4328/2329/798 4327/2330/798 4325/1105/797
f 4328/2329/798 4330/1213/799 4329/1107/799 4327/2330/798
f 4330/1213/799 4332/2331/800 4331/2332/800 4329/1107/799
f 4332/2331/800 4334/1214/801 4333/1112/801 4331/2332/800
f 4334/1214/801 4336/2333/802 4335/2334/802 4333/1112/801
f 4336/2333/802 4338/1215/803 4337/1115/803 4335/2334/802
f 4338/1215/803 4340/1193/804 4339/617/804 4337/1115/803
f 4340/1193/804 4342/1216/805 4341/1118/805 4339/617/804
f 4342/1216/805 4344/2335/806 4343/2336/806 4341/1118/805
f 4344/2335/806 4346/1217/807 4345/1120/807 4343/2336/806
f 4346/1217/807 4348/2337/808 4347/2338/808 4345/1120/807
f 4348/2337/808 4350/1218/809 4349/1122/809 4347/2338/808
f 4350/1218/809 4352/2339/810 4351/2340/810 4349/1122/809
f 4352/2339/810 4354/1219/811 4353/1125/811 4351/2340/810
f 4354/1219/811 4356/2341/812 4355/2342/812 4353/1125/811
f 4356/2341/812 4358/1220/813 4357/1127/813 4355/2342/812
f 4358/1220/813 4360/2343/814 4359/2344/814 4357/1127/813
f 4360/2343/814 4362/1221/815 4361/1129/815 4359/2344/814
f 4362/1221/815 4364/2345/816 4363/2346/816 4361/1129/815
f 4364/2345/816 4366/1222/817 4365/1128/817 4363/2346/816
f 4366/1222/817 4368/2347/818 4367/2348/818 4365/1128/817
f 4368/2347/818 4370/1223/819 4369/1126/819 4367/2348/818
f 4370/1223/819 4372/2349/820 4371/2350/820 4369/1126/819
f 4372/2349/820 4374/1224/821 4373/1124/821 4371/2350/820
f 4374/1224/821 4376/2351/822 4375/2352/822 4373/1124/821
f 4376/2351/822 4378/1195/823 4377/713/823 4375/2352/822
f 4378/1195/823 4380/2353/824 4379/2354/824 4377/713/823
f 4380/2353/824 4382/1225/825 4381/1121/825 4379/2354/824
f 4382/1225/825 4384/2355/826 4383/2356/826 4381/1121/825
f 4384/2355/826 4386/1226/827 4385/1119/827 4383/2356/826
f 4386/1226/827 4388/2357/828 4387/2358/828 4385/1119/827
f 4388/2357/828 4390/1227/829 4389/1117/829 4387/2358/828
f 4390/1227/829 4392/2359/830 4391/2360/830 4389/1117/829
f 4392/2359/830 4394/1228/831 4393/1116/831 4391/2360/830
f 4394/1228/831 4396/2361/832 4395/2362/832 4393/1116/831
f 4396/2361/832 4398/1229/833 4397/1113/833 4395/2362/832
f 4398/1229/833 4400/2363/834 4399/2364/834 4397/1113/833
f 4400/2363/834 4402/1230/835 4401/1111/835 4399/2364/834
f 4402/1230/835 4404/2365/836 4403/2366/836 4401/1111/835
f 4404/2365/836 4406/1231/837 4405/1108/837 4403/2366/836
f 4406/1231/837 4408/2367/838 4407/2368/838 4405/1108/837
f 4408/2367/838 4410/1232/839 4409/1110/839 4407/2368/838
f 4410/1232/839 4412/2369/840 4411/2370/840 4409/1110/839
f 4412/2369/840 4414/1233/499 4413/1109/499 4411/2370/840
f 4414/1233/499 4416/1198/841 4415/360/841 4413/1109/499
f 4416/1198/841 4418/1234/842 4417/1133/842 4415/360/841
f 4418/1234/842 4420/2371/843 4419/2372/843 4417/1133/842
f 4420/2371/843 4422/1235/844 4421/1135/844 4419/2372/843
f 4422/1235/844 4424/2373/845 4423/2374/845 4421/1135/844
f 4424/2373/845 4426/1236/846 4425/1136/846 4423/2374/845
f 4426/1236/846 4428/2375/847 4427/2376/847 4425/1136/846
f 4428/2375/847 4430/1237/848 4429/1138/848 4427/2376/847
f 4430/1237/848 4432/2377/849 4431/2378/849 4429/1138/848
f 4432/2377/849 4434/1238/850 4433/1139/850 4431/2378/849
f 4434/1238/850 4436/2379/851 4435/2380/851 4433/1139/850
f 4436/2379/851 4438/1239/852 4437/1140/852 4435/2380/851
f 4438/1239/852 4440/2381/853 4439/2382/853 4437/1140/852
f 4440/2381/853 4442/1240/854 4441/1142/854 4439/2382/853
f 4442/1240/854 4444/2383/855 4443/2384/855 4441/1142/854
f 4444/2383/855 4446/1241/856 4445/1143/856 4443/2384/855
f 4446/1241/856 4448/2385/857 4447/2386/857 4445/1143/856
f 4448/2385/857 4450/1242/858 4449/1145/858 4447/2386/857
f 4450/1242/858 4452/2387/859 4451/2388/859 4449/1145/858
f 4452/2387/859 4454/1201/860 4453/594/860 4451/2388/859
f 4454/1201/860 4456/2389/861 4455/2390/861 4453/594/860
f 4456/2389/861 4458/1243/862 4457/1147/862 4455/2390/861
f 4458/1243/862 4460/2391/863 4459/2392/863 4457/1147/862
f 4460/2391/863 4462/1244/864 4461/1146/864 4459/2392/863
f 4462/1244/864 4464/2393/865 4463/2394/865 4461/1146/864
f 4464/2393/865 4466/1245/866 4465/1144/866 4463/2394/865
f 4466/1245/866 4468/2395/867 4467/2396/867 4465/1144/866
f 4468/2395/867 4470/1246/868 4469/1141/868 4467/2396/867
f 4470/1246/868 4472/2397/869 4471/2398/869 4469/1141/868
f 4472/2397/869 4474/1247/870 4473/1137/870 4471/2398/869
f 4474/1247/870 4476/2399/871 4475/2400/871 4473/1137/870
f 4476/2399/871 4478/1248/872 4477/1134/872 4475/2400/871
f 4478/1248/872 4480/2401/873 4479/2402/873 4477/1134/872
f 4480/2401/873 4482/1249/874 4481/1132/874 4479/2402/873
f 4482/1249/874 4484/2403/875 4483/2404/875 4481/1132/874
f 4484/2403/875 4486/1250/876 4485/1131/876 4483/2404/875
f 4486/1250/876 4488/2405/877 4487/2406/877 4485/1131/876
f 4488/2405/877 4490/1251/878 4489/1130/878 4487/2406/877
f 4490/1251/878 4492/1203/879 4491/693/879 4489/1130/878
f 4492/1203/879 4494/1252/880 4493/1123/880 4491/693/879
f 4494/1252/880 4496/2407/881 4495/2408/881 4493/1123/880
f 4496/2407/881 4498/1253/882 4497/1114/882 4495/2408/881
f 4498/1253/882 4500/2409/883 4499/2410/883 4497/1114/882
f 4500/2409/883 4502/1254/884 4501/1106/884 4499/2410/883
f 4502/1254/884 4504/2411/885 4503/2412/885 4501/1106/884
f 4504/2411/885 4506/1255/886 4505/1103/886 4503/2412/885
f 4506/1255/886 4508/2413/887 4507/2414/887 4505/1103/886
f 4508/2413/887 4510/1256/888 4509/1099/888 4507/2414/887
f 4510/1256/888 4512/2415/889 4511/2416/889 4509/1099/888
f 4512/2415/889 4514/1257/890 4513/1098/890 4511/2416/889
f 4514/1257/890 4516/2417/891 4515/2418/891 4513/1098/890
f 4516/2417/891 4518/1258/892 4517/1097/892 4515/2418/891
f 4518/1258/892 4520/2419/11 4519/2420/11 4517/1097/892
f 4520/2419/11 4522/1259/11 4521/1094/11 4519/2420/11
f 4522/1259/11 4524/2421/12 4523/2422/12 4521/1094/11
f 4524/2421/12 4526/1260/10 4525/1095/10 4523/2422/12
f 4526/1260/10 4528/2423/893 4527/2424/893 4525/1095/10
f 4528/2423/893 4302/1206/785 4301/229/785 4527/2424/893
f 4530/1190/894 4532/1645/895 4531/1646/895 4529/108/894
f 4532/1645/895 4534/1661/896 4533/104/896 4531/1646/895
f 4534/1661/896 4536/1676/897 4535/1677/897 4533/104/896
f 4536/1676/897 4538/1691/898 4537/178/898 4535/1677/897
f 4538/1691/898 4540/1706/899 4539/1707/899 4537/178/898
f 4540/1706/899 4542/1722/900 4541/263/900 4539/1707/899
f 4542/1722/900 4544/1735/901 4543/1736/901 4541/263/900
f 4544/1735/901 4546/1751/902 4545/276/902 4543/1736/901
f 4546/1751/902 4548/1766/903 4547/1767/903 4545/276/902
f 4548/1766/903 4550/1781/904 4549/199/904 4547/1767/903
f 4550/1781/904 4552/1796/905 4551/1797/905 4549/199/904
f 4552/1796/905 4554/1812/906 4553/315/906 4551/1797/905
f 4554/1812/906 4556/1198/907 4555/360/907 4553/315/906
f 4556/1198/907 4558/1841/908 4557/251/908 4555/360/907
f 4558/1841/908 4560/1856/909 4559/1857/909 4557/251/908
f 4560/1856/909 4562/1872/910 4561/143/910 4559/1857/909
f 4562/1872/910 4564/1886/911 4563/1887/911 4561/143/910
f 4564/1886/911 4566/1902/912 4565/93/912 4563/1887/911
f 4566/1902/912 4568/1917/913 4567/1918/913 4565/93/912
f 4568/1917/913 4570/1931/914 4569/23/914 4567/1918/913
f 4570/1931/914 4572/1946/915 4571/1947/915 4569/23/914
f 4572/1946/915 4574/1962/916 4573/28/916 4571/1947/915
f 4574/1962/916 4576/1976/917 4575/1977/917 4573/28/916
f 4576/1976/917 4578/1992/918 4577/84/918 4575/1977/917
f 4578/1992/918 4580/2007/919 4579/2008/919 4577/84/918
f 4580/2007/919 4530/1206/894 4529/229/894 4579/2008/919
f 4582/1190/920 4584/2425/921 4583/2426/921 4581/108/920
f 4584/2425/921 4586/2427/922 4585/2428/922 4583/2426/921
f 4586/2427/922 4588/1655/923 4587/1656/923 4585/2428/922
f 4588/1655/923 4590/1191/924 4589/1192/924 4587/1656/923
f 4590/1191/924 4592/2429/925 4591/2430/925 4589/1192/924
f 4592/2429/925 4594/1680/926 4593/1154/926 4591/2430/925
f 4594/1680/926 4596/2431/927 4595/2432/927 4593/1154/926
f 4596/2431/927 4598/1193/928 4597/617/928 4595/2432/927
f 4598/1193/928 4600/1704/929 4599/1705/929 4597/617/928
f 4600/1704/929 4602/2433/930 4601/2434/930 4599/1705/929
f 4602/2433/930 4604/2435/931 4603/2436/931 4601/2434/930
f 4604/2435/931 4606/1194/932 4605/1151/932 4603/2436/931
f 4606/1194/932 4608/2437/933 4607/2438/933 4605/1151/932
f 4608/2437/933 4610/2439/934 4609/2440/934 4607/2438/933
f 4610/2439/934 4612/1752/935 4611/1753/935 4609/2440/934
f 4612/1752/935 4614/1195/936 4613/713/936 4611/1753/935
f 4614/1195/936 4616/2441/937 4615/2442/937 4613/713/936
f 4616/2441/937 4618/1778/938 4617/1179/938 4615/2442/937
f 4618/1778/938 4620/2443/939 4619/2444/939 4617/1179/938
f 4620/2443/939 4622/1196/940 4621/1197/940 4619/2444/939
f 4622/1196/940 4624/1802/941 4623/1803/941 4621/1197/940
f 4624/1802/941 4626/2445/942 4625/2446/942 4623/1803/941
f 4626/2445/942 4628/2447/943 4627/2448/943 4625/2446/942
f 4628/2447/943 4630/1198/944 4629/360/944 4627/2448/943
f 4630/1198/944 4632/2449/945 4631/2450/945 4629/360/944
f 4632/2449/945 4634/2451/946 4633/2452/946 4631/2450/945
f 4634/2451/946 4636/1850/947 4635/1851/947 4633/2452/946
f 4636/1850/947 4638/1199/948 4637/1200/948 4635/1851/947
f 4638/1199/948 4640/2453/949 4639/2454/949 4637/1200/948
f 4640/2453/949 4642/1875/950 4641/1178/950 4639/2454/949
f 4642/1875/950 4644/2455/951 4643/2456/951 4641/1178/950
f 4644/2455/951 4646/1201/952 4645/594/952 4643/2456/951
f 4646/1201/952 4648/1900/953 4647/1901/953 4645/594/952
f 4648/1900/953 4650/2457/954 4649/2458/954 4647/1901/953
f 4650/2457/954 4652/2459/955 4651/2460/955 4649/2458/954
f 4652/2459/955 4654/1202/956 4653/1174/956 4651/2460/955
f 4654/1202/956 4656/2461/957 4655/2462/957 4653/1174/956
f 4656/2461/957 4658/2463/958 4657/2464/958 4655/2462/957
f 4658/2463/958 4660/1948/959 4659/1949/959 4657/2464/958
f 4660/1948/959 4662/1203/960 4661/693/960 4659/1949/959
f 4662/1203/960 4664/2465/961 4663/2466/961 4661/693/960
f 4664/2465/961 4666/1973/962 4665/1169/962 4663/2466/961
f 4666/1973/962 4668/2467/963 4667/2468/963 4665/1169/962
f 4668/2467/963 4670/1204/964 4669/1205/964 4667/2468/963
f 4670/1204/964 4672/1997/965 4671/1998/965 4669/1205/964
f 4672/1997/965 4674/2469/966 4673/2470/966 4671/1998/965
f 4674/2469/966 4676/2471/967 4675/2472/967 4673/2470/966
f 4676/2471/967 4582/1206/920 4581/229/920 4675/2472/967
f 4678/1190/968 4680/2473/969 4679/2474/969 4677/108/968
f 4680/2473/969 4682/2475/970 4681/2476/970 4679/2474/969
f 4682/2475/970 4684/2477/971 4683/2478/971 4681/2476/970
f 4684/2477/971 4686/2479/972 4685/2480/972 4683/2478/971
f 4686/2479/972 4688/2481/973 4687/2482/973 4685/2480/972
f 4688/2481/973 4690/2483/974 4689/2484/974 4687/2482/973
f 4690/2483/974 4692/2485/975 4691/2486/975 4689/2484/974
f 4692/2485/975 4694/2487/976 4693/2488/976 4691/2486/975
f 4694/2487/976 4696/2489/977 4695/1163/977 4693/2488/976
f 4696/2489/977 4698/2490/978 4697/2491/978 4695/1163/977
f 4698/2490/978 4700/2492/979 4699/2493/979 4697/2491/978
f 4700/2492/979 4702/2494/980 4701/2495/980 4699/2493/979
f 4702/2494/980 4704/2496/981 4703/2497/981 4701/2495/980
f 4704/2496/981 4706/2498/982 4705/583/982 4703/2497/981
f 4706/2498/982 4708/2499/983 4707/2500/983 4705/583/982
f 4708/2499/983 4710/2501/984 4709/2502/984 4707/2500/983
f 4710/2501/984 4712/2503/985 4711/2504/985 4709/2502/984
f 4712/2503/985 4714/2505/522 4713/1089/522 4711/2504/985
f 4714/2505/522 4716/2506/986 4715/2507/986 4713/1089/522
f 4716/2506/986 4718/2508/987 4717/2509/987 4715/2507/986
f 4718/2508/987 4720/1191/988 4719/1192/988 4717/2509/987
f 4720/1191/988 4722/2510/989 4721/2511/989 4719/1192/988
f 4722/2510/989 4724/2512/990 4723/2513/990 4721/2511/989
f 4724/2512/990 4726/2514/991 4725/2515/991 4723/2513/990
f 4726/2514/991 4728/2516/992 4727/2517/992 4725/2515/991
f 4728/2516/992 4730/2518/993 4729/2519/993 4727/2517/992
f 4730/2518/993 4732/2520/994 4731/1158/994 4729/2519/993
f 4732/2520/994 4734/2521/995 4733/574/995 4731/1158/994
f 4734/2521/995 4736/2522/996 4735/2523/996 4733/574/995
f 4736/2522/996 4738/2524/997 4737/2525/997 4735/2523/996
f 4738/2524/997 4740/2526/998 4739/2527/998 4737/2525/997
f 4740/2526/998 4742/2528/999 4741/2529/999 4739/2527/998
f 4742/2528/999 4744/2530/1000 4743/2531/1000 4741/2529/999
f 4744/2530/1000 4746/2532/1001 4745/2533/1001 4743/2531/1000
f 4746/2532/1001 4748/2534/1002 4747/2535/1002 4745/2533/1001
f 4748/2534/1002 4750/2189/1003 4749/1082/1003 4747/2535/1002
f 4750/2189/1003 4752/2536/1004 4751/2537/1004 4749/1082/1003
f 4752/2536/1004 4754/2538/1005 4753/2539/1005 4751/2537/1004
f 4754/2538/1005 4756/2540/1006 4755/2541/1006 4753/2539/1005
f 4756/2540/1006 4758/2542/1007 4757/2543/1007 4755/2541/1006
f 4758/2542/1007 4760/2544/1008 4759/2545/1008 4757/2543/1007
f 4760/2544/1008 4762/1193/1009 4761/617/1009 4759/2545/1008
f 4762/1193/1009 4764/2546/1010 4763/2547/1010 4761/617/1009
f 4764/2546/1010 4766/2548/1011 4765/2549/1011 4763/2547/1010
f 4766/2548/1011 4768/2550/1012 4767/1150/1012 4765/2549/1011
f 4768/2550/1012 4770/2551/1013 4769/2552/1013 4767/1150/1012
f 4770/2551/1013 4772/2553/1014 4771/2554/1014 4769/2552/1013
f 4772/2553/1014 4774/2555/1015 4773/2556/1015 4771/2554/1014
f 4774/2555/1015 4776/2557/1016 4775/2558/1016 4773/2556/1015
f 4776/2557/1016 4778/2559/1017 4777/2560/1017 4775/2558/1016
f 4778/2559/1017 4780/2561/1018 4779/2562/1018 4777/2560/1017
f 4780/2561/1018 4782/2563/1019 4781/2564/1019 4779/2562/1018
f 4782/2563/1019 4784/2565/1020 4783/2566/1020 4781/2564/1019
f 4784/2565/1020 4786/2567/1021 4785/1049/1021 4783/2566/1020
f 4786/2567/1021 4788/2568/1022 4787/2569/1022 4785/1049/1021
f 4788/2568/1022 4790/2570/1023 4789/629/1023 4787/2569/1022
f 4790/2570/1023 4792/2571/1024 4791/2572/1024 4789/629/1023
f 4792/2571/1024 4794/2573/1025 4793/2574/1025 4791/2572/1024
f 4794/2573/1025 4796/2575/1026 4795/2576/1026 4793/2574/1025
f 4796/2575/1026 4798/2577/1027 4797/2578/1027 4795/2576/1026
f 4798/2577/1027 4800/2579/1028 4799/2580/1028 4797/2578/1027
f 4800/2579/1028 4802/2581/1029 4801/2582/1029 4799/2580/1028
f 4802/2581/1029 4804/1194/1030 4803/1151/1030 4801/2582/1029
f 4804/1194/1030 4806/2583/1031 4805/2584/1031 4803/1151/1030
f 4806/2583/1031 4808/2585/1032 4807/2586/1032 4805/2584/1031
f 4808/2585/1032 4810/2587/1033 4809/2588/1033 4807/2586/1032
f 4810/2587/1033 4812/2589/1034 4811/2590/1034 4809/2588/1033
f 4812/2589/1034 4814/2591/1035 4813/2592/1035 4811/2590/1034
f 4814/2591/1035 4816/2593/1036 4815/2594/1036 4813/2592/1035
f 4816/2593/1036 4818/2595/1037 4817/685/1037 4815/2594/1036
f 4818/2595/1037 4820/2596/1038 4819/2597/1038 4817/685/1037
f 4820/2596/1038 4822/2210/1039 4821/1012/1039 4819/2597/1038
f 4822/2210/1039 4824/2598/1040 4823/2599/1040 4821/1012/1039
f 4824/2598/1040 4826/2600/1041 4825/2601/1041 4823/2599/1040
f 4826/2600/1041 4828/2602/1042 4827/2603/1042 4825/2601/1041
f 4828/2602/1042 4830/2604/1043 4829/2605/1043 4827/2603/1042
f 4830/2604/1043 4832/2606/1044 4831/2607/1044 4829/2605/1043
f 4832/2606/1044 4834/2608/1045 4833/2609/1045 4831/2607/1044
f 4834/2608/1045 4836/2610/1046 4835/2611/1046 4833/2609/1045
f 4836/2610/1046 4838/2612/1047 4837/2613/1047 4835/2611/1046
f 4838/2612/1047 4840/2614/1048 4839/1161/1048 4837/2613/1047
f 4840/2614/1048 4842/2615/1049 4841/2616/1049 4839/1161/1048
f 4842/2615/1049 4844/2617/1050 4843/2618/1050 4841/2616/1049
f 4844/2617/1050 4846/1195/1051 4845/713/1051 4843/2618/1050
f 4846/1195/1051 4848/2619/1052 4847/2620/1052 4845/713/1051
f 4848/2619/1052 4850/2621/1053 4849/2622/1053 4847/2620/1052
f 4850/2621/1053 4852/2623/1054 4851/2624/1054 4849/2622/1053
f 4852/2623/1054 4854/2625/1055 4853/2626/1055 4851/2624/1054
f 4854/2625/1055 4856/2627/1056 4855/2628/1056 4853/2626/1055
f 4856/2627/1056 4858/2629/1057 4857/1000/1057 4855/2628/1056
f 4858/2629/1057 4860/2630/1058 4859/2631/1058 4857/1000/1057
f 4860/2630/1058 4862/2632/1059 4861/2633/1059 4859/2631/1058
f 4862/2632/1059 4864/2634/1060 4863/2635/1060 4861/2633/1059
f 4864/2634/1060 4866/2636/1061 4865/2637/1061 4863/2635/1060
f 4866/2636/1061 4868/2638/1062 4867/2639/1062 4865/2637/1061
f 4868/2638/1062 4870/2640/1063 4869/2641/1063 4867/2639/1062
f 4870/2640/1063 4872/2642/1064 4871/2643/1064 4869/2641/1063
f 4872/2642/1064 4874/2644/1065 4873/726/1065 4871/2643/1064
f 4874/2644/1065 4876/2645/1042 4875/1182/1042 4873/726/1065
f 4876/2645/1042 4878/2646/1066 4877/2647/1066 4875/1182/1042
f 4878/2646/1066 4880/2648/1067 4879/2649/1067 4877/2647/1066
f 4880/2648/1067 4882/2650/1068 4881/2651/1068 4879/2649/1067
f 4882/2650/1068 4884/2652/1069 4883/2653/1069 4881/2651/1068
f 4884/2652/1069 4886/2654/1070 4885/2655/1070 4883/2653/1069
f 4886/2654/1070 4888/1196/1071 4887/1197/1071 4885/2655/1070
f 4888/1196/1071 4890/2656/1072 4889/2657/1072 4887/1197/1071
f 4890/2656/1072 4892/2658/1073 4891/2659/1073 4889/2657/1072
f 4892/2658/1073 4894/2231/1074 4893/1011/1074 4891/2659/1073
f 4894/2231/1074 4896/2660/867 4895/2661/867 4893/1011/1074
f 4896/2660/867 4898/2662/1075 4897/2663/1075 4895/2661/867
f 4898/2662/1075 4900/2664/1076 4899/2665/1076 4897/2663/1075
f 4900/2664/1076 4902/2666/1077 4901/705/1077 4899/2665/1076
f 4902/2666/1077 4904/2667/1078 4903/2668/1078 4901/705/1077
f 4904/2667/1078 4906/2669/1079 4905/2670/1079 4903/2668/1078
f 4906/2669/1079 4908/2671/1080 4907/2672/1080 4905/2670/1079
f 4908/2671/1080 4910/2673/1081 4909/2674/1081 4907/2672/1080
f 4910/2673/1081 4912/2675/1082 4911/1188/1082 4909/2674/1081
f 4912/2675/1082 4914/2676/1083 4913/2677/1083 4911/1188/1082
f 4914/2676/1083 4916/2678/1084 4915/2679/1084 4913/2677/1083
f 4916/2678/1084 4918/2680/1085 4917/2681/1085 4915/2679/1084
f 4918/2680/1085 4920/2682/1086 4919/2683/1086 4917/2681/1085
f 4920/2682/1086 4922/2684/1087 4921/2685/1087 4919/2683/1086
f 4922/2684/1087 4924/2686/1088 4923/2687/1088 4921/2685/1087
f 4924/2686/1088 4926/2688/1089 4925/2689/1089 4923/2687/1088
f 4926/2688/1089 4928/2690/1090 4927/2691/1090 4925/2689/1089
f 4928/2690/1090 4930/1198/1091 4929/360/1091 4927/2691/1090
f 4930/1198/1091 4932/2692/1092 4931/2693/1092 4929/360/1091
f 4932/2692/1092 4934/2694/1093 4933/2695/1093 4931/2693/1092
f 4934/2694/1093 4936/2696/1094 4935/2697/1094 4933/2695/1093
f 4936/2696/1094 4938/2698/1095 4937/2699/1095 4935/2697/1094
f 4938/2698/1095 4940/2700/1096 4939/2701/1096 4937/2699/1095
f 4940/2700/1096 4942/2702/1097 4941/2703/1097 4939/2701/1096
f 4942/2702/1097 4944/2704/1098 4943/2705/1098 4941/2703/1097
f 4944/2704/1098 4946/2706/1099 4945/2707/1099 4943/2705/1098
f 4946/2706/1099 4948/2708/1100 4947/1184/1100 4945/2707/1099
f 4948/2708/1100 4950/2709/1101 4949/2710/1101 4947/1184/1100
f 4950/2709/1101 4952/2711/1102 4951/2712/1102 4949/2710/1101
f 4952/2711/1102 4954/2713/1103 4953/2714/1103 4951/2712/1102
f 4954/2713/1103 4956/2715/1104 4955/2716/1104 4953/2714/1103
f 4956/2715/1104 4958/2717/1105 4957/612/1105 4955/2716/1104
f 4958/2717/1105 4960/2718/1106 4959/2719/1106 4957/612/1105
f 4960/2718/1106 4962/2720/1107 4961/2721/1107 4959/2719/1106
f 4962/2720/1107 4964/2722/1108 4963/2723/1108 4961/2721/1107
f 4964/2722/1108 4966/2252/1109 4965/1066/1109 4963/2723/1108
f 4966/2252/1109 4968/2724/1110 4967/2725/1110 4965/1066/1109
f 4968/2724/1110 4970/2726/1111 4969/2727/1111 4967/2725/1110
f 4970/2726/1111 4972/1199/1112 4971/1200/1112 4969/2727/1111
f 4972/1199/1112 4974/2728/1113 4973/2729/1113 4971/1200/1112
f 4974/2728/1113 4976/2730/1114 4975/2731/1114 4973/2729/1113
f 4976/2730/1114 4978/2732/1115 4977/2733/1115 4975/2731/1114
f 4978/2732/1115 4980/2734/1116 4979/2735/1116 4977/2733/1115
f 4980/2734/1116 4982/2736/1117 4981/2737/1117 4979/2735/1116
f 4982/2736/1117 4984/2738/1118 4983/1180/1118 4981/2737/1117
f 4984/2738/1118 4986/2739/1119 4985/603/1119 4983/1180/1118
f 4986/2739/1119 4988/2740/1120 4987/2741/1120 4985/603/1119
f 4988/2740/1120 4990/2742/1121 4989/2743/1121 4987/2741/1120
f 4990/2742/1121 4992/2744/1122 4991/2745/1122 4989/2743/1121
f 4992/2744/1122 4994/2746/1123 4993/2747/1123 4991/2745/1122
f 4994/2746/1123 4996/2748/1124 4995/2749/1124 4993/2747/1123
f 4996/2748/1124 4998/2750/1125 4997/2751/1125 4995/2749/1124
f 4998/2750/1125 5000/2752/1126 4999/2753/1126 4997/2751/1125
f 5000/2752/1126 5002/2754/1127 5001/1073/1127 4999/2753/1126
f 5002/2754/1127 5004/2755/1128 5003/2756/1128 5001/1073/1127
f 5004/2755/1128 5006/2757/1129 5005/2758/1129 5003/2756/1128
f 5006/2757/1129 5008/2759/1130 5007/2760/1130 5005/2758/1129
f 5008/2759/1130 5010/2761/1131 5009/2762/1131 5007/2760/1130
f 5010/2761/1131 5012/2763/1132 5011/2764/1132 5009/2762/1131
f 5012/2763/1132 5014/1201/1133 5013/594/1133 5011/2764/1132
f 5014/1201/1133 5016/2765/1134 5015/2766/1134 5013/594/1133
f 5016/2765/1134 5018/2767/1135 5017/2768/1135 5015/2766/1134
f 5018/2767/1135 5020/2769/1136 5019/1176/1136 5017/2768/1135
f 5020/2769/1136 5022/2770/1137 5021/2771/1137 5019/1176/1136
f 5022/2770/1137 5024/2772/1138 5023/2773/1138 5021/2771/1137
f 5024/2772/1138 5026/2774/1139 5025/2775/1139 5023/2773/1138
f 5026/2774/1139 5028/2776/1140 5027/2777/1140 5025/2775/1139
f 5028/2776/1140 5030/2778/1141 5029/2779/1141 5027/2777/1140
f 5030/2778/1141 5032/2780/1142 5031/2781/1142 5029/2779/1141
f 5032/2780/1142 5034/2782/1143 5033/2783/1143 5031/2781/1142
f 5034/2782/1143 5036/2784/1144 5035/2785/1144 5033/2783/1143
f 5036/2784/1144 5038/2273/1010 5037/1060/1010 5035/2785/1144
f 5038/2273/1010 5040/2786/1145 5039/2787/1145 5037/1060/1010
f 5040/2786/1145 5042/2788/1146 5041/681/1146 5039/2787/1145
f 5042/2788/1146 5044/2789/1147 5043/2790/1147 5041/681/1146
f 5044/2789/1147 5046/2791/1148 5045/2792/1148 5043/2790/1147
f 5046/2791/1148 5048/2793/1149 5047/2794/1149 5045/2792/1148
f 5048/2793/1149 5050/2795/1150 5049/2796/1150 5047/2794/1149
f 5050/2795/1150 5052/2797/1151 5051/2798/1151 5049/2796/1150
f 5052/2797/1151 5054/2799/1152 5053/2800/1152 5051/2798/1151
f 5054/2799/1152 5056/1202/1153 5055/1174/1153 5053/2800/1152
f 5056/1202/1153 5058/2801/1154 5057/2802/1154 5055/1174/1153
f 5058/2801/1154 5060/2803/1155 5059/2804/1155 5057/2802/1154
f 5060/2803/1155 5062/2805/1156 5061/2806/1156 5059/2804/1155
f 5062/2805/1156 5064/2807/1157 5063/2808/1157 5061/2806/1156
f 5064/2807/1157 5066/2809/1158 5065/2810/1158 5063/2808/1157
f 5066/2809/1158 5068/2811/1159 5067/2812/1159 5065/2810/1158
f 5068/2811/1159 5070/2813/1160 5069/654/1160 5067/2812/1159
f 5070/2813/1160 5072/2814/1161 5071/2815/1161 5069/654/1160
f 5072/2814/1161 5074/2816/1162 5073/1033/1162 5071/2815/1161
f 5074/2816/1162 5076/2817/1163 5075/2818/1163 5073/1033/1162
f 5076/2817/1163 5078/2819/1164 5077/2820/1164 5075/2818/1163
f 5078/2819/1164 5080/2821/1165 5079/2822/1165 5077/2820/1164
f 5080/2821/1165 5082/2823/1166 5081/2824/1166 5079/2822/1165
f 5082/2823/1166 5084/2825/1167 5083/2826/1167 5081/2824/1166
f 5084/2825/1167 5086/2827/1168 5085/2828/1168 5083/2826/1167
f 5086/2827/1168 5088/2829/1169 5087/2830/1169 5085/2828/1168
f 5088/2829/1169 5090/2831/1170 5089/2832/1170 5087/2830/1169
f 5090/2831/1170 5092/2833/1171 5091/1171/1171 5089/2832/1170
f 5092/2833/1171 5094/2834/1172 5093/2835/1172 5091/1171/1171
f 5094/2834/1172 5096/2836/1173 5095/2837/1173 5093/2835/1172
f 5096/2836/1173 5098/1203/1174 5097/693/1174 5095/2837/1173
f 5098/1203/1174 5100/2838/1175 5099/2839/1175 5097/693/1174
f 5100/2838/1175 5102/2840/1176 5101/2841/1176 5099/2839/1175
f 5102/2840/1176 5104/2842/1177 5103/2843/1177 5101/2841/1176
f 5104/2842/1177 5106/2844/1178 5105/2845/1178 5103/2843/1177
f 5106/2844/1178 5108/2846/1179 5107/2847/1179 5105/2845/1178
f 5108/2846/1179 5110/2294/1180 5109/1015/1180 5107/2847/1179
f 5110/2294/1180 5112/2848/1181 5111/2849/1181 5109/1015/1180
f 5112/2848/1181 5114/2850/1182 5113/2851/1182 5111/2849/1181
f 5114/2850/1182 5116/2852/1183 5115/2853/1183 5113/2851/1182
f 5116/2852/1183 5118/2854/1184 5117/2855/1184 5115/2853/1183
f 5118/2854/1184 5120/2856/1185 5119/2857/1185 5117/2855/1184
f 5120/2856/1185 5122/2858/1186 5121/2859/1186 5119/2857/1185
f 5122/2858/1186 5124/2860/1187 5123/2861/1187 5121/2859/1186
f 5124/2860/1187 5126/2862/1188 5125/662/1188 5123/2861/1187
f 5126/2862/1188 5128/2863/1189 5127/1168/1189 5125/662/1188
f 5128/2863/1189 5130/2864/1190 5129/2865/1190 5127/1168/1189
f 5130/2864/1190 5132/2866/1191 5131/2867/1191 5129/2865/1190
f 5132/2866/1191 5134/2868/1192 5133/2869/1192 5131/2867/1191
f 5134/2868/1192 5136/2870/1193 5135/2871/1193 5133/2869/1192
f 5136/2870/1193 5138/2872/1194 5137/2873/1194 5135/2871/1193
f 5138/2872/1194 5140/1204/1195 5139/1205/1195 5137/2873/1194
f 5140/1204/1195 5142/2874/1196 5141/2875/1196 5139/1205/1195
f 5142/2874/1196 5144/2876/1197 5143/2877/1197 5141/2875/1196
f 5144/2876/1197 5146/2878/1198 5145/1026/1198 5143/2877/1197
f 5146/2878/1198 5148/2879/1199 5147/2880/1199 5145/1026/1198
f 5148/2879/1199 5150/2881/1200 5149/2882/1200 5147/2880/1199
f 5150/2881/1200 5152/2883/1201 5151/2884/1201 5149/2882/1200
f 5152/2883/1201 5154/2885/1202 5153/643/1202 5151/2884/1201
f 5154/2885/1202 5156/2886/1203 5155/2887/1203 5153/643/1202
f 5156/2886/1203 5158/2888/919 5157/2889/919 5155/2887/1203
f 5158/2888/919 5160/2890/1204 5159/2891/1204 5157/2889/919
f 5160/2890/1204 5162/2892/1205 5161/2893/1205 5159/2891/1204
f 5162/2892/1205 5164/2894/1206 5163/1157/1206 5161/2893/1205
f 5164/2894/1206 5166/2895/1207 5165/2896/1207 5163/1157/1206
f 5166/2895/1207 5168/2897/1208 5167/2898/1208 5165/2896/1207
f 5168/2897/1208 5170/2899/1209 5169/2900/1209 5167/2898/1208
f 5170/2899/1209 5172/2901/1210 5171/2902/1210 5169/2900/1209
f 5172/2901/1210 5174/2903/1211 5173/2904/1211 5171/2902/1210
f 5174/2903/1211 5176/2905/1212 5175/2906/1212 5173/2904/1211
f 5176/2905/1212 5178/2907/1213 5177/2908/1213 5175/2906/1212
f 5178/2907/1213 5180/2909/1214 5179/2910/1214 5177/2908/1213
f 5180/2909/1214 4678/1206/968 4677/229/968 5179/2910/1214
