# Blender 4.4.0
# www.blender.org
mtllib clearText.mtl
o テキスト.001
v -25.758133 2.346872 0.587452
v -25.957703 2.318328 0.590902
v -26.141865 2.271517 0.594027
v -26.309853 2.207063 0.596816
v -26.460918 2.125591 0.599257
v -26.594299 2.027722 0.601339
v -26.709240 1.914081 0.603050
v -26.804981 1.785292 0.604378
v -26.880768 1.641979 0.605313
v -26.935841 1.484765 0.605841
v -26.969440 1.314275 0.605952
v -26.980820 1.131131 0.605634
v -26.975376 1.007132 0.605187
v -26.959179 0.888702 0.604565
v -26.932423 0.776063 0.603772
v -26.895313 0.669440 0.602813
v -26.848042 0.569054 0.601693
v -26.790817 0.475128 0.600414
v -26.723839 0.387885 0.598982
v -26.647301 0.307548 0.597401
v -26.561409 0.234340 0.595674
v -26.466366 0.168483 0.593806
v -26.362366 0.110199 0.591801
v -26.249615 0.059713 0.589664
v -26.345982 -0.008988 0.591173
v -26.436775 -0.083570 0.592568
v -26.522846 -0.164033 0.593863
v -26.605045 -0.250378 0.595072
v -26.684212 -0.342603 0.596211
v -26.761196 -0.440709 0.597294
v -26.836849 -0.544697 0.598338
v -26.912010 -0.654565 0.599356
v -26.987530 -0.770315 0.600364
v -27.064247 -0.891945 0.601376
v -27.143021 -1.019457 0.602408
v -27.224686 -1.152849 0.603474
v -27.269753 -1.225271 0.604066
v -27.312538 -1.292747 0.604632
v -27.353989 -1.356748 0.605184
v -27.395042 -1.418744 0.605734
v -27.436626 -1.480205 0.606296
v -27.479687 -1.542602 0.606880
v -27.525146 -1.607404 0.607501
v -27.573948 -1.676083 0.608169
v -27.627026 -1.750109 0.608899
v -27.685318 -1.830951 0.609701
v -27.749756 -1.920079 0.610588
v -27.821278 -2.018965 0.611573
v -27.070778 -2.018965 0.598297
v -26.493423 -1.120771 0.590630
v -26.355412 -0.912395 0.588780
v -26.229218 -0.734761 0.587051
v -26.113533 -0.585463 0.585428
v -26.007072 -0.462095 0.583894
v -25.908539 -0.362251 0.582434
v -25.816647 -0.283525 0.581032
v -25.730099 -0.223512 0.579671
v -25.647606 -0.179805 0.578336
v -25.567875 -0.149999 0.577010
v -25.489616 -0.131688 0.575678
v -25.411537 -0.122465 0.574323
v -25.332344 -0.119926 0.572929
v -25.069351 -0.119926 0.568277
v -25.069447 -2.018965 0.562896
v -24.440819 -2.018965 0.551776
v -24.440601 2.356525 0.564174
v -25.543903 2.356525 0.583690
v -25.473438 0.444654 0.577025
v -25.631958 0.451682 0.579849
v -25.771412 0.472009 0.582373
v -25.892784 0.504500 0.584612
v -25.997047 0.548017 0.586580
v -26.085186 0.601425 0.588290
v -26.158176 0.663589 0.589758
v -26.217003 0.733370 0.590996
v -26.262646 0.809634 0.592020
v -26.296078 0.891245 0.592842
v -26.318287 0.977066 0.593478
v -26.330246 1.065961 0.593942
v -26.332947 1.156794 0.594247
v -26.326317 1.256051 0.594411
v -26.309357 1.348313 0.594373
v -26.281616 1.433269 0.594123
v -26.242653 1.510606 0.593653
v -26.192017 1.580013 0.592954
v -26.129261 1.641177 0.592017
v -26.053947 1.693787 0.590834
v -25.965626 1.737531 0.589396
v -25.863853 1.772097 0.587693
v -25.748180 1.797173 0.585718
v -25.618168 1.812447 0.583462
v -25.473370 1.817608 0.580915
v -25.069256 1.817608 0.573767
v -25.069324 0.444654 0.569877
v -23.305447 -2.018965 0.531693
v -22.721661 -0.729415 0.525022
v -20.861446 -0.729415 0.492117
v -20.309860 -2.018965 0.478705
v -19.668407 -2.018965 0.467358
v -21.547646 2.382188 0.513074
v -21.990250 2.382188 0.520903
v -23.946899 -2.018965 0.543040
v -22.465054 -0.164835 0.522083
v -21.759377 1.419836 0.514092
v -21.105171 -0.164835 0.498028
v -17.570663 1.791945 0.441053
v -17.570732 0.470316 0.437309
v -19.360386 0.470316 0.468965
v -19.360413 -0.094263 0.467366
v -17.570759 -0.094263 0.435709
v -17.570827 -1.454386 0.431855
v -19.482361 -1.454386 0.465668
v -19.482388 -2.018965 0.464068
v -16.942230 -2.018965 0.419136
v -16.942013 2.356525 0.431534
v -19.424435 2.356525 0.475445
v -19.424465 1.791945 0.473845
v -16.396965 -1.454386 0.411091
v -16.396996 -2.018965 0.409491
v -13.792695 -2.018965 0.363424
v -13.792476 2.356525 0.375822
v -14.421100 2.356525 0.386942
v -14.421290 -1.454386 0.376144
v -12.851119 1.456345 0.356619
v -12.720727 1.524240 0.354505
v -12.592696 1.585141 0.352413
v -12.466605 1.639158 0.350336
v -12.342029 1.686403 0.348266
v -12.218543 1.726987 0.346197
v -12.095725 1.761022 0.344121
v -11.973153 1.788619 0.342031
v -11.850402 1.809890 0.339920
v -11.727054 1.824945 0.337781
v -11.602679 1.833896 0.335606
v -11.476857 1.836855 0.333389
v -11.232318 1.822287 0.329022
v -11.000165 1.779649 0.324794
v -10.782088 1.710547 0.320741
v -10.579782 1.616584 0.316896
v -10.394940 1.499364 0.313294
v -10.229253 1.360492 0.309970
v -10.084413 1.201570 0.306957
v -9.962117 1.024203 0.304291
v -9.864053 0.829995 0.302006
v -9.791915 0.620550 0.300137
v -9.747397 0.397472 0.298717
v -9.732188 0.162364 0.297781
v -9.746943 -0.076535 0.297365
v -9.790299 -0.301555 0.297494
v -9.860911 -0.511382 0.298149
v -9.957450 -0.704702 0.299309
v -10.078580 -0.880202 0.300954
v -10.222959 -1.036565 0.303064
v -10.389255 -1.172479 0.305621
v -10.576127 -1.286628 0.308603
v -10.782243 -1.377699 0.311991
v -11.006265 -1.444376 0.315764
v -11.246858 -1.485347 0.319904
v -11.502681 -1.499296 0.324390
v -11.627042 -1.495702 0.326600
v -11.752965 -1.484979 0.328857
v -11.880136 -1.467217 0.331157
v -12.008239 -1.442505 0.333493
v -12.136966 -1.410932 0.335860
v -12.266004 -1.372586 0.338251
v -12.395041 -1.327558 0.340661
v -12.523768 -1.275935 0.343084
v -12.651872 -1.217808 0.345515
v -12.779037 -1.153265 0.347948
v -12.904956 -1.082396 0.350376
v -13.029315 -1.005289 0.352794
v -13.029349 -1.691766 0.350849
v -12.921002 -1.746511 0.348777
v -12.810428 -1.798248 0.346675
v -12.697001 -1.846645 0.344531
v -12.580104 -1.891365 0.342337
v -12.459107 -1.932076 0.340081
v -12.333386 -1.968442 0.337754
v -12.202321 -2.000131 0.335346
v -12.065284 -2.026807 0.332846
v -11.921659 -2.048137 0.330245
v -11.770812 -2.063786 0.327533
v -11.612128 -2.073421 0.324698
v -11.444982 -2.076707 0.321732
v -11.053573 -2.051308 0.314881
v -10.699939 -1.978838 0.308831
v -10.383365 -1.864890 0.303554
v -10.103137 -1.715053 0.299022
v -9.858544 -1.534920 0.295206
v -9.648873 -1.330083 0.292078
v -9.473413 -1.106132 0.289609
v -9.331450 -0.868659 0.287771
v -9.222272 -0.623255 0.286535
v -9.145167 -0.375513 0.285873
v -9.099420 -0.131023 0.285757
v -9.084323 0.104623 0.286158
v -9.104928 0.430397 0.287446
v -9.165334 0.739062 0.289389
v -9.263383 1.028480 0.291944
v -9.396913 1.296513 0.295065
v -9.563764 1.541021 0.298710
v -9.761775 1.759867 0.302833
v -9.988788 1.950912 0.307390
v -10.242639 2.112016 0.312337
v -10.521171 2.241043 0.317629
v -10.822223 2.335852 0.323223
v -11.143632 2.394306 0.329074
v -11.483243 2.414266 0.335138
v -11.595710 2.411976 0.337121
v -11.708909 2.405029 0.339104
v -11.823314 2.393315 0.341094
v -11.939387 2.376723 0.343100
v -12.057601 2.355140 0.345130
v -12.178422 2.328456 0.347192
v -12.302316 2.296560 0.349293
v -12.429749 2.259339 0.351442
v -12.561194 2.216683 0.353646
v -12.697116 2.168481 0.355913
v -12.837981 2.114619 0.358253
v -12.984260 2.054988 0.360671
v -12.984294 1.381342 0.358762
v -4.895551 1.791945 0.216846
v -4.895617 0.470316 0.213101
v -6.685271 0.470316 0.244758
v -6.685298 -0.094263 0.243158
v -4.895645 -0.094263 0.211502
v -4.895713 -1.454386 0.207648
v -6.807240 -1.454386 0.241460
v -6.807269 -2.018965 0.239861
v -4.267117 -2.018965 0.194928
v -4.266897 2.356525 0.207326
v -6.749320 2.356525 0.251237
v -6.749349 1.791945 0.249638
v -2.695556 -2.018965 0.167129
v -2.695385 1.387758 0.176782
v -2.682555 1.387758 0.176555
v -1.335589 -0.305980 0.147928
v -1.232957 -0.305980 0.146113
v 0.114181 1.387758 0.127084
v 0.127009 1.387758 0.126858
v 0.126839 -2.018965 0.117205
v 0.755463 -2.018965 0.106085
v 0.755682 2.356525 0.118483
v 0.165545 2.356525 0.128922
v -1.284229 0.560136 0.149475
v -2.740238 2.356525 0.180322
v -3.323961 2.356525 0.190647
v -3.324181 -2.018965 0.178249
v 1.865177 -2.018965 0.086456
v 2.448964 -0.729415 0.079784
v 4.309179 -0.729415 0.046879
v 4.860764 -2.018965 0.033467
v 5.502217 -2.018965 0.022121
v 3.622980 2.382188 0.067837
v 3.180377 2.382188 0.075666
v 1.223723 -2.018965 0.097802
v 2.705574 -0.164835 0.076845
v 3.411252 1.419836 0.068854
v 4.065455 -0.164835 0.052791
v 6.075803 -1.778407 0.012657
v 6.215903 -1.833149 0.010023
v 6.353152 -1.881830 0.007457
v 6.488397 -1.924631 0.004944
v 6.622484 -1.961729 0.002467
v 6.756259 -1.993303 0.000011
v 6.890570 -2.019530 -0.002439
v 7.026261 -2.040589 -0.004899
v 7.164180 -2.056658 -0.007384
v 7.305173 -2.067915 -0.009910
v 7.450086 -2.074538 -0.012492
v 7.599766 -2.076707 -0.015146
v 7.927209 -2.057533 -0.020884
v 8.237748 -2.001381 -0.026218
v 8.529180 -1.910300 -0.031114
v 8.799298 -1.786337 -0.035541
v 9.045897 -1.631545 -0.039464
v 9.266774 -1.447970 -0.042851
v 9.459722 -1.237664 -0.045668
v 9.622536 -1.002675 -0.047882
v 9.753011 -0.745053 -0.049460
v 9.848942 -0.466847 -0.050368
v 9.908124 -0.170107 -0.050574
v 9.928352 0.143117 -0.050044
v 9.907655 0.458699 -0.048783
v 9.847133 0.759111 -0.046861
v 9.749191 1.042013 -0.044327
v 9.616237 1.305067 -0.041230
v 9.450674 1.545933 -0.037618
v 9.254908 1.762273 -0.033542
v 9.031343 1.951747 -0.029051
v 8.782388 2.112016 -0.024193
v 8.510445 2.240742 -0.019017
v 8.217920 2.335585 -0.013574
v 7.907219 2.394206 -0.007912
v 7.580748 2.414266 -0.002080
v 7.455385 2.412458 0.000132
v 7.334767 2.406751 0.002249
v 7.217223 2.396723 0.004300
v 7.101081 2.381950 0.006313
v 6.984672 2.362009 0.008315
v 6.866325 2.336476 0.010336
v 6.744370 2.304929 0.012404
v 6.617135 2.266943 0.014547
v 6.482951 2.222097 0.016794
v 6.340147 2.169966 0.019172
v 6.187053 2.110126 0.021710
v 6.021997 2.042157 0.024437
v 6.021966 1.407005 0.022638
v 6.150646 1.474763 0.020553
v 6.280038 1.536863 0.018441
v 6.410054 1.593260 0.016301
v 6.540604 1.643910 0.014135
v 6.671599 1.688768 0.011945
v 6.802951 1.727789 0.009732
v 6.934569 1.760929 0.007498
v 7.066366 1.788144 0.005244
v 7.198251 1.809388 0.002971
v 7.330135 1.824618 0.000681
v 7.461931 1.833788 -0.001624
v 7.593548 1.836855 -0.003943
v 7.826170 1.822042 -0.008100
v 8.048145 1.778758 -0.012149
v 8.257646 1.708742 -0.016054
v 8.452847 1.613733 -0.019776
v 8.631920 1.495466 -0.023279
v 8.793041 1.355680 -0.026525
v 8.934383 1.196112 -0.029477
v 9.054119 1.018500 -0.032099
v 9.150424 0.824582 -0.034352
v 9.221471 0.616095 -0.036200
v 9.265433 0.394776 -0.037604
v 9.280485 0.162364 -0.038529
v 9.265485 -0.075187 -0.038937
v 9.221485 -0.299327 -0.038794
v 9.149957 -0.508676 -0.038123
v 9.052370 -0.701851 -0.036944
v 8.930196 -0.877473 -0.035281
v 8.784904 -1.034159 -0.033155
v 8.617963 -1.170530 -0.030588
v 8.430844 -1.285203 -0.027603
v 8.225018 -1.376797 -0.024222
v 8.001953 -1.443931 -0.020467
v 7.763121 -1.485224 -0.016359
v 7.509992 -1.499296 -0.011921
v 7.425653 -1.497725 -0.010425
v 7.342561 -1.493147 -0.008942
v 7.260627 -1.485763 -0.007472
v 7.179763 -1.475772 -0.006013
v 7.099879 -1.463375 -0.004565
v 7.020886 -1.448772 -0.003126
v 6.942695 -1.432165 -0.001696
v 6.865216 -1.413754 -0.000274
v 6.788362 -1.393738 0.001143
v 6.712042 -1.372319 0.002553
v 6.636168 -1.349697 0.003960
v 6.560649 -1.326073 0.005362
v 6.560694 -0.427878 0.007907
v 7.400998 -0.427878 -0.006957
v 7.401026 0.136701 -0.005357
v 5.932099 0.136701 0.020627
v 5.932006 -1.717429 0.015373
v -25.730164 2.342391 2.168489
v -25.929733 2.313847 2.171938
v -26.113895 2.267036 2.175063
v -26.281883 2.202582 2.177852
v -26.432949 2.121109 2.180293
v -26.566330 2.023240 2.182375
v -26.681271 1.909600 2.184086
v -26.777012 1.780811 2.185414
v -26.852798 1.637498 2.186349
v -26.907871 1.480284 2.186877
v -26.941471 1.309793 2.186988
v -26.952850 1.126650 2.186671
v -26.947407 1.002650 2.186223
v -26.931210 0.884220 2.185601
v -26.904453 0.771582 2.184808
v -26.867344 0.664959 2.183850
v -26.820072 0.564573 2.182729
v -26.762848 0.470647 2.181450
v -26.695869 0.383404 2.180018
v -26.619331 0.303067 2.178437
v -26.533440 0.229858 2.176710
v -26.438396 0.164001 2.174842
v -26.334396 0.105718 2.172837
v -26.221645 0.055232 2.170700
v -26.318012 -0.013469 2.172210
v -26.408806 -0.088051 2.173604
v -26.494877 -0.168514 2.174899
v -26.577076 -0.254859 2.176108
v -26.656242 -0.347084 2.177247
v -26.733227 -0.445191 2.178331
v -26.808880 -0.549178 2.179374
v -26.884041 -0.659047 2.180392
v -26.959560 -0.774796 2.181400
v -27.036278 -0.896427 2.182412
v -27.115051 -1.023938 2.183444
v -27.196716 -1.157331 2.184511
v -27.241783 -1.229752 2.185102
v -27.284569 -1.297228 2.185668
v -27.326019 -1.361229 2.186220
v -27.367073 -1.423225 2.186770
v -27.408657 -1.484686 2.187332
v -27.451717 -1.547083 2.187917
v -27.497177 -1.611886 2.188537
v -27.545979 -1.680565 2.189206
v -27.599056 -1.754590 2.189935
v -27.657349 -1.835432 2.190737
v -27.721786 -1.924561 2.191624
v -27.793308 -2.023447 2.192609
v -27.042809 -2.023447 2.179333
v -26.465454 -1.125252 2.171666
v -26.327442 -0.916877 2.169816
v -26.201248 -0.739243 2.168087
v -26.085564 -0.589945 2.166464
v -25.979103 -0.466576 2.164930
v -25.880569 -0.366732 2.163471
v -25.788677 -0.288007 2.162068
v -25.702129 -0.227993 2.160707
v -25.619637 -0.184287 2.159372
v -25.539906 -0.154480 2.158046
v -25.461647 -0.136169 2.156714
v -25.383568 -0.126947 2.155359
v -25.304375 -0.124407 2.153965
v -25.041382 -0.124407 2.149313
v -25.041477 -2.023447 2.143932
v -24.412849 -2.023447 2.132812
v -24.412632 2.352043 2.145211
v -25.515934 2.352043 2.164726
v -25.445469 0.440172 2.158061
v -25.603989 0.447201 2.160885
v -25.743443 0.467528 2.163409
v -25.864815 0.500019 2.165648
v -25.969078 0.543536 2.167616
v -26.057217 0.596944 2.169327
v -26.130207 0.659107 2.170794
v -26.189034 0.728889 2.172032
v -26.234676 0.805153 2.173056
v -26.268108 0.886764 2.173878
v -26.290318 0.972584 2.174515
v -26.302277 1.061479 2.174978
v -26.304977 1.152312 2.175283
v -26.298347 1.251569 2.175447
v -26.281387 1.343832 2.175409
v -26.253647 1.428788 2.175159
v -26.214684 1.506125 2.174689
v -26.164047 1.575531 2.173990
v -26.101292 1.636696 2.173053
v -26.025978 1.689306 2.171870
v -25.937656 1.733050 2.170432
v -25.835884 1.767616 2.168730
v -25.720211 1.792692 2.166754
v -25.590199 1.807966 2.164498
v -25.445400 1.813127 2.161951
v -25.041286 1.813127 2.154803
v -25.041355 0.440172 2.150913
v -23.277477 -2.023447 2.112729
v -22.693691 -0.733896 2.106058
v -20.833481 -0.733896 2.073153
v -20.281895 -2.023447 2.059741
v -19.640442 -2.023447 2.048394
v -21.519680 2.377706 2.094110
v -21.962280 2.377706 2.101939
v -23.918930 -2.023447 2.124076
v -22.437084 -0.169317 2.103119
v -21.731411 1.415355 2.095128
v -21.077206 -0.169317 2.079064
v -17.542698 1.787464 2.022089
v -17.542767 0.465835 2.018345
v -19.332420 0.465835 2.050001
v -19.332447 -0.098744 2.048402
v -17.542793 -0.098744 2.016745
v -17.542862 -1.458867 2.012891
v -19.454395 -1.458867 2.046704
v -19.454422 -2.023447 2.045104
v -16.914265 -2.023447 2.000172
v -16.914047 2.352043 2.012570
v -19.396469 2.352043 2.056481
v -19.396500 1.787464 2.054881
v -16.368999 -1.458867 1.992127
v -16.369030 -2.023447 1.990527
v -13.764729 -2.023447 1.944460
v -13.764510 2.352043 1.956858
v -14.393134 2.352043 1.967978
v -14.393325 -1.458867 1.957180
v -12.823153 1.451864 1.937655
v -12.692761 1.519759 1.935541
v -12.564731 1.580659 1.933449
v -12.438640 1.634677 1.931372
v -12.314063 1.681921 1.929302
v -12.190578 1.722506 1.927233
v -12.067760 1.756541 1.925157
v -11.945188 1.784138 1.923067
v -11.822436 1.805408 1.920956
v -11.699088 1.820463 1.918817
v -11.574714 1.829415 1.916642
v -11.448892 1.832374 1.914425
v -11.204352 1.817806 1.910058
v -10.972199 1.775168 1.905831
v -10.754123 1.706066 1.901777
v -10.551816 1.612103 1.897932
v -10.366975 1.494883 1.894331
v -10.201287 1.356010 1.891006
v -10.056447 1.197089 1.887994
v -9.934152 1.019722 1.885328
v -9.836087 0.825514 1.883042
v -9.763949 0.616069 1.881173
v -9.719432 0.392990 1.879753
v -9.704223 0.157883 1.878818
v -9.718978 -0.081016 1.878402
v -9.762334 -0.306036 1.878531
v -9.832946 -0.515863 1.879185
v -9.929484 -0.709184 1.880345
v -10.050614 -0.884683 1.881990
v -10.194993 -1.041047 1.884100
v -10.361289 -1.176960 1.886657
v -10.548162 -1.291109 1.889639
v -10.754277 -1.382180 1.893027
v -10.978299 -1.448858 1.896800
v -11.218892 -1.489828 1.900940
v -11.474715 -1.503777 1.905426
v -11.599076 -1.500183 1.907636
v -11.724999 -1.489460 1.909894
v -11.852170 -1.471699 1.912193
v -11.980273 -1.446986 1.914529
v -12.109000 -1.415413 1.916896
v -12.238038 -1.377067 1.919287
v -12.367076 -1.332039 1.921697
v -12.495803 -1.280416 1.924121
v -12.623906 -1.222289 1.926551
v -12.751071 -1.157746 1.928984
v -12.876990 -1.086877 1.931412
v -13.001349 -1.009770 1.933830
v -13.001384 -1.696247 1.931885
v -12.893037 -1.750992 1.929813
v -12.782462 -1.802730 1.927711
v -12.669036 -1.851126 1.925567
v -12.552138 -1.895846 1.923373
v -12.431142 -1.936557 1.921117
v -12.305421 -1.972923 1.918790
v -12.174356 -2.004612 1.916382
v -12.037318 -2.031288 1.913882
v -11.893693 -2.052618 1.911281
v -11.742846 -2.068267 1.908569
v -11.584163 -2.077902 1.905734
v -11.417016 -2.081188 1.902768
v -11.025607 -2.055789 1.895917
v -10.671973 -1.983320 1.889867
v -10.355399 -1.869371 1.884590
v -10.075171 -1.719534 1.880058
v -9.830579 -1.539402 1.876242
v -9.620908 -1.334564 1.873114
v -9.445447 -1.110613 1.870645
v -9.303485 -0.873140 1.868807
v -9.194306 -0.627737 1.867571
v -9.117202 -0.379994 1.866909
v -9.071454 -0.135504 1.866793
v -9.056357 0.100142 1.867194
v -9.076962 0.425915 1.868482
v -9.137368 0.734581 1.870425
v -9.235417 1.023999 1.872980
v -9.368947 1.292032 1.876101
v -9.535798 1.536540 1.879746
v -9.733809 1.755386 1.883869
v -9.960822 1.946430 1.888426
v -10.214673 2.107535 1.893373
v -10.493205 2.236562 1.898665
v -10.794257 2.331371 1.904259
v -11.115666 2.389825 1.910110
v -11.455277 2.409785 1.916174
v -11.567744 2.407494 1.918157
v -11.680943 2.400547 1.920140
v -11.795348 2.388834 1.922130
v -11.911422 2.372241 1.924137
v -12.029635 2.350659 1.926167
v -12.150456 2.323975 1.928228
v -12.274350 2.292078 1.930329
v -12.401784 2.254858 1.932478
v -12.533229 2.212202 1.934682
v -12.669150 2.163999 1.936949
v -12.810016 2.110138 1.939289
v -12.956294 2.050507 1.941707
v -12.956328 1.376861 1.939798
v -4.867583 1.787464 1.797882
v -4.867649 0.465835 1.794137
v -6.657306 0.465835 1.825794
v -6.657332 -0.098744 1.824194
v -4.867678 -0.098744 1.792538
v -4.867745 -1.458867 1.788684
v -6.779275 -1.458867 1.822496
v -6.779304 -2.023447 1.820897
v -4.239149 -2.023447 1.775964
v -4.238930 2.352043 1.788362
v -6.721354 2.352043 1.832273
v -6.721383 1.787464 1.830674
v -2.667588 -2.023447 1.748165
v -2.667418 1.383276 1.757818
v -2.654588 1.383276 1.757591
v -1.307622 -0.310462 1.728965
v -1.204989 -0.310462 1.727149
v 0.142148 1.383276 1.708121
v 0.154977 1.383276 1.707894
v 0.154806 -2.023447 1.698241
v 0.783430 -2.023447 1.687121
v 0.783649 2.352043 1.699519
v 0.193513 2.352043 1.709958
v -1.256262 0.555655 1.730511
v -2.712271 2.352043 1.761358
v -3.295994 2.352043 1.771683
v -3.296213 -2.023447 1.759285
v 1.893145 -2.023447 1.667492
v 2.476931 -0.733896 1.660820
v 4.337145 -0.733896 1.627915
v 4.888730 -2.023447 1.614503
v 5.530183 -2.023447 1.603157
v 3.650947 2.377706 1.648873
v 3.208344 2.377706 1.656702
v 1.251691 -2.023447 1.678838
v 2.733541 -0.169317 1.657881
v 3.439219 1.415355 1.649890
v 4.093421 -0.169317 1.633827
v 6.103769 -1.782889 1.593693
v 6.243869 -1.837630 1.591059
v 6.381118 -1.886312 1.588494
v 6.516363 -1.929113 1.585980
v 6.650451 -1.966211 1.583503
v 6.784225 -1.997784 1.581047
v 6.918536 -2.024011 1.578597
v 7.054227 -2.045070 1.576137
v 7.192146 -2.061139 1.573652
v 7.333139 -2.072396 1.571126
v 7.478053 -2.079020 1.568544
v 7.627732 -2.081188 1.565890
v 7.955175 -2.062015 1.560153
v 8.265715 -2.005862 1.554819
v 8.557146 -1.914781 1.549922
v 8.827265 -1.790819 1.545495
v 9.073864 -1.636026 1.541572
v 9.294741 -1.452451 1.538185
v 9.487688 -1.242145 1.535368
v 9.650502 -1.007156 1.533154
v 9.780977 -0.749534 1.531576
v 9.876908 -0.471329 1.530668
v 9.936090 -0.174589 1.530462
v 9.956319 0.138636 1.530992
v 9.935621 0.454218 1.532253
v 9.875099 0.754630 1.534175
v 9.777158 1.037532 1.536709
v 9.644203 1.300586 1.539806
v 9.478641 1.541452 1.543418
v 9.282874 1.757792 1.547494
v 9.059311 1.947266 1.551986
v 8.810354 2.107535 1.556843
v 8.538411 2.236261 1.562019
v 8.245887 2.331104 1.567462
v 7.935186 2.389724 1.573124
v 7.608714 2.409785 1.578956
v 7.483352 2.407977 1.581168
v 7.362734 2.402270 1.583285
v 7.245189 2.392242 1.585336
v 7.129047 2.377469 1.587349
v 7.012639 2.357527 1.589351
v 6.894291 2.331995 1.591372
v 6.772336 2.300447 1.593440
v 6.645102 2.262462 1.595583
v 6.510917 2.217615 1.597830
v 6.368114 2.165484 1.600208
v 6.215019 2.105645 1.602746
v 6.049964 2.037676 1.605473
v 6.049932 1.402524 1.603674
v 6.178612 1.470282 1.601589
v 6.308004 1.532382 1.599477
v 6.438020 1.588778 1.597337
v 6.568570 1.639428 1.595171
v 6.699566 1.684286 1.592981
v 6.830917 1.723308 1.590768
v 6.962536 1.756448 1.588534
v 7.094332 1.783662 1.586280
v 7.226217 1.804907 1.584007
v 7.358102 1.820137 1.581717
v 7.489897 1.829307 1.579412
v 7.621514 1.832374 1.577093
v 7.854136 1.817560 1.572936
v 8.076111 1.774277 1.568887
v 8.285612 1.704261 1.564982
v 8.480812 1.609251 1.561260
v 8.659886 1.490984 1.557757
v 8.821008 1.351199 1.554511
v 8.962349 1.191631 1.551559
v 9.082086 1.014019 1.548937
v 9.178391 0.820101 1.546684
v 9.249437 0.611614 1.544837
v 9.293400 0.390295 1.543432
v 9.308452 0.157883 1.542507
v 9.293451 -0.079668 1.542099
v 9.249452 -0.303808 1.542242
v 9.177923 -0.513157 1.542914
v 9.080337 -0.706333 1.544092
v 8.958162 -0.881954 1.545756
v 8.812870 -1.038641 1.547881
v 8.645929 -1.175011 1.550448
v 8.458811 -1.289684 1.553433
v 8.252984 -1.381278 1.556814
v 8.029920 -1.448412 1.560570
v 7.791088 -1.489706 1.564677
v 7.537958 -1.503777 1.569115
v 7.453619 -1.502207 1.570611
v 7.370527 -1.497629 1.572094
v 7.288594 -1.490244 1.573564
v 7.207729 -1.480253 1.575023
v 7.127846 -1.467856 1.576471
v 7.048852 -1.453254 1.577910
v 6.970661 -1.436646 1.579340
v 6.893183 -1.418235 1.580763
v 6.816328 -1.398219 1.582179
v 6.740008 -1.376800 1.583589
v 6.664134 -1.354178 1.584996
v 6.588616 -1.330554 1.586398
v 6.588661 -0.432359 1.588943
v 7.428965 -0.432359 1.574080
v 7.428993 0.132220 1.575679
v 5.960065 0.132220 1.601663
v 5.959972 -1.721910 1.596409
v 6.103769 -1.782889 1.593693
v 6.075803 -1.778407 0.012657
v 6.243869 -1.837630 1.591059
v 6.215903 -1.833149 0.010023
v 6.381118 -1.886312 1.588494
v 6.353152 -1.881830 0.007457
v 6.516363 -1.929113 1.585980
v 6.488397 -1.924631 0.004944
v 6.650451 -1.966211 1.583503
v 6.622484 -1.961729 0.002467
v 6.784225 -1.997784 1.581047
v 6.756259 -1.993303 0.000011
v 6.918536 -2.024011 1.578597
v 6.890570 -2.019530 -0.002439
v 7.054227 -2.045070 1.576137
v 7.026261 -2.040589 -0.004899
v 7.192146 -2.061139 1.573652
v 7.164180 -2.056658 -0.007384
v 7.333139 -2.072396 1.571126
v 7.305173 -2.067915 -0.009910
v 7.478053 -2.079020 1.568544
v 7.450086 -2.074538 -0.012492
v 7.627732 -2.081188 1.565890
v 7.599766 -2.076707 -0.015146
v 7.955175 -2.062015 1.560153
v 7.927209 -2.057533 -0.020884
v 8.265715 -2.005862 1.554819
v 8.237748 -2.001381 -0.026218
v 8.557146 -1.914781 1.549922
v 8.529180 -1.910300 -0.031114
v 8.827265 -1.790819 1.545495
v 8.799298 -1.786337 -0.035541
v 9.073864 -1.636026 1.541572
v 9.045897 -1.631545 -0.039464
v 9.294741 -1.452451 1.538185
v 9.266774 -1.447970 -0.042851
v 9.487688 -1.242145 1.535368
v 9.459722 -1.237664 -0.045668
v 9.650502 -1.007156 1.533154
v 9.622536 -1.002675 -0.047882
v 9.780977 -0.749534 1.531576
v 9.753011 -0.745053 -0.049460
v 9.876908 -0.471329 1.530668
v 9.848942 -0.466847 -0.050368
v 9.936090 -0.174589 1.530462
v 9.908124 -0.170107 -0.050574
v 9.956319 0.138636 1.530992
v 9.928352 0.143117 -0.050044
v 9.935621 0.454218 1.532253
v 9.907655 0.458699 -0.048783
v 9.875099 0.754630 1.534175
v 9.847133 0.759111 -0.046861
v 9.777158 1.037532 1.536709
v 9.749191 1.042013 -0.044327
v 9.644203 1.300586 1.539806
v 9.616237 1.305067 -0.041230
v 9.478641 1.541452 1.543418
v 9.450674 1.545933 -0.037618
v 9.282874 1.757792 1.547494
v 9.254908 1.762273 -0.033542
v 9.059311 1.947266 1.551986
v 9.031343 1.951747 -0.029051
v 8.810354 2.107535 1.556843
v 8.782388 2.112016 -0.024193
v 8.538411 2.236261 1.562019
v 8.510445 2.240742 -0.019017
v 8.245887 2.331104 1.567462
v 8.217920 2.335585 -0.013574
v 7.935186 2.389724 1.573124
v 7.907219 2.394206 -0.007912
v 7.608714 2.409785 1.578956
v 7.580748 2.414266 -0.002080
v 7.483352 2.407977 1.581168
v 7.455385 2.412458 0.000132
v 7.362734 2.402270 1.583285
v 7.334767 2.406751 0.002249
v 7.245189 2.392242 1.585336
v 7.217223 2.396723 0.004300
v 7.129047 2.377469 1.587349
v 7.101081 2.381950 0.006313
v 7.012639 2.357527 1.589351
v 6.984672 2.362009 0.008315
v 6.894291 2.331995 1.591372
v 6.866325 2.336476 0.010336
v 6.772336 2.300447 1.593440
v 6.744370 2.304929 0.012404
v 6.645102 2.262462 1.595583
v 6.617135 2.266943 0.014547
v 6.510917 2.217615 1.597830
v 6.482951 2.222097 0.016794
v 6.368114 2.165484 1.600208
v 6.340147 2.169966 0.019172
v 6.215019 2.105645 1.602746
v 6.187053 2.110126 0.021710
v 6.049964 2.037676 1.605473
v 6.021997 2.042157 0.024437
v 6.049932 1.402524 1.603674
v 6.021966 1.407005 0.022638
v 6.178612 1.470282 1.601589
v 6.150646 1.474763 0.020553
v 6.308004 1.532382 1.599477
v 6.280038 1.536863 0.018441
v 6.438020 1.588778 1.597337
v 6.410054 1.593260 0.016301
v 6.568570 1.639428 1.595171
v 6.540604 1.643910 0.014135
v 6.699566 1.684286 1.592981
v 6.671599 1.688768 0.011945
v 6.830917 1.723308 1.590768
v 6.802951 1.727789 0.009732
v 6.962536 1.756448 1.588534
v 6.934569 1.760929 0.007498
v 7.094332 1.783662 1.586280
v 7.066366 1.788144 0.005244
v 7.226217 1.804907 1.584007
v 7.198251 1.809388 0.002971
v 7.358102 1.820137 1.581717
v 7.330135 1.824618 0.000681
v 7.489897 1.829307 1.579412
v 7.461931 1.833788 -0.001624
v 7.621514 1.832374 1.577093
v 7.593548 1.836855 -0.003943
v 7.854136 1.817560 1.572936
v 7.826170 1.822042 -0.008100
v 8.076111 1.774277 1.568887
v 8.048145 1.778758 -0.012149
v 8.285612 1.704261 1.564982
v 8.257646 1.708742 -0.016054
v 8.480812 1.609251 1.561260
v 8.452847 1.613733 -0.019776
v 8.659886 1.490984 1.557757
v 8.631920 1.495466 -0.023279
v 8.821008 1.351199 1.554511
v 8.793041 1.355680 -0.026525
v 8.962349 1.191631 1.551559
v 8.934383 1.196112 -0.029477
v 9.082086 1.014019 1.548937
v 9.054119 1.018500 -0.032099
v 9.178391 0.820101 1.546684
v 9.150424 0.824582 -0.034352
v 9.249437 0.611614 1.544837
v 9.221471 0.616095 -0.036200
v 9.293400 0.390295 1.543432
v 9.265433 0.394776 -0.037604
v 9.308452 0.157883 1.542507
v 9.280485 0.162364 -0.038529
v 9.293451 -0.079668 1.542099
v 9.265485 -0.075187 -0.038937
v 9.249452 -0.303808 1.542242
v 9.221485 -0.299327 -0.038794
v 9.177923 -0.513157 1.542914
v 9.149957 -0.508676 -0.038123
v 9.080337 -0.706333 1.544092
v 9.052370 -0.701851 -0.036944
v 8.958162 -0.881954 1.545756
v 8.930196 -0.877473 -0.035281
v 8.812870 -1.038641 1.547881
v 8.784904 -1.034159 -0.033155
v 8.645929 -1.175011 1.550448
v 8.617963 -1.170530 -0.030588
v 8.458811 -1.289684 1.553433
v 8.430844 -1.285203 -0.027603
v 8.252984 -1.381278 1.556814
v 8.225018 -1.376797 -0.024222
v 8.029920 -1.448412 1.560570
v 8.001953 -1.443931 -0.020467
v 7.791088 -1.489706 1.564677
v 7.763121 -1.485224 -0.016359
v 7.537958 -1.503777 1.569115
v 7.509992 -1.499296 -0.011921
v 7.453619 -1.502207 1.570611
v 7.425653 -1.497725 -0.010425
v 7.370527 -1.497629 1.572094
v 7.342561 -1.493147 -0.008942
v 7.288594 -1.490244 1.573564
v 7.260627 -1.485763 -0.007472
v 7.207729 -1.480253 1.575023
v 7.179763 -1.475772 -0.006013
v 7.127846 -1.467856 1.576471
v 7.099879 -1.463375 -0.004565
v 7.048852 -1.453254 1.577910
v 7.020886 -1.448772 -0.003126
v 6.970661 -1.436646 1.579340
v 6.942695 -1.432165 -0.001696
v 6.893183 -1.418235 1.580763
v 6.865216 -1.413754 -0.000274
v 6.816328 -1.398219 1.582179
v 6.788362 -1.393738 0.001143
v 6.740008 -1.376800 1.583589
v 6.712042 -1.372319 0.002553
v 6.664134 -1.354178 1.584996
v 6.636168 -1.349697 0.003960
v 6.588616 -1.330554 1.586398
v 6.560649 -1.326073 0.005362
v 6.588661 -0.432359 1.588943
v 6.560694 -0.427878 0.007907
v 7.428965 -0.432359 1.574080
v 7.400998 -0.427878 -0.006957
v 7.428993 0.132220 1.575679
v 7.401026 0.136701 -0.005357
v 5.960065 0.132220 1.601663
v 5.932099 0.136701 0.020627
v 5.959972 -1.721910 1.596409
v 5.932006 -1.717429 0.015373
v 1.893145 -2.023447 1.667492
v 1.865177 -2.018965 0.086456
v 2.476931 -0.733896 1.660820
v 2.448964 -0.729415 0.079784
v 4.337145 -0.733896 1.627915
v 4.309179 -0.729415 0.046879
v 4.888730 -2.023447 1.614503
v 4.860764 -2.018965 0.033467
v 5.530183 -2.023447 1.603157
v 5.502217 -2.018965 0.022121
v 3.650947 2.377706 1.648873
v 3.622980 2.382188 0.067837
v 3.208344 2.377706 1.656702
v 3.180377 2.382188 0.075666
v 1.251691 -2.023447 1.678838
v 1.223723 -2.018965 0.097802
v 2.733541 -0.169317 1.657881
v 2.705574 -0.164835 0.076845
v 3.439219 1.415355 1.649890
v 3.411252 1.419836 0.068854
v 4.093421 -0.169317 1.633827
v 4.065455 -0.164835 0.052791
v -2.667588 -2.023447 1.748165
v -2.695556 -2.018965 0.167129
v -2.667418 1.383276 1.757818
v -2.695385 1.387758 0.176782
v -2.654588 1.383276 1.757591
v -2.682555 1.387758 0.176555
v -1.307622 -0.310462 1.728965
v -1.335589 -0.305980 0.147928
v -1.204989 -0.310462 1.727149
v -1.232957 -0.305980 0.146113
v 0.142148 1.383276 1.708121
v 0.114181 1.387758 0.127084
v 0.154977 1.383276 1.707894
v 0.127009 1.387758 0.126858
v 0.154806 -2.023447 1.698241
v 0.126839 -2.018965 0.117205
v 0.783430 -2.023447 1.687121
v 0.755463 -2.018965 0.106085
v 0.783649 2.352043 1.699519
v 0.755682 2.356525 0.118483
v 0.193513 2.352043 1.709958
v 0.165545 2.356525 0.128922
v -1.256262 0.555655 1.730511
v -1.284229 0.560136 0.149475
v -2.712271 2.352043 1.761358
v -2.740238 2.356525 0.180322
v -3.295994 2.352043 1.771683
v -3.323961 2.356525 0.190647
v -3.296213 -2.023447 1.759285
v -3.324181 -2.018965 0.178249
v -4.867583 1.787464 1.797882
v -4.895551 1.791945 0.216846
v -4.867649 0.465835 1.794137
v -4.895617 0.470316 0.213101
v -6.657306 0.465835 1.825794
v -6.685271 0.470316 0.244758
v -6.657332 -0.098744 1.824194
v -6.685298 -0.094263 0.243158
v -4.867678 -0.098744 1.792538
v -4.895645 -0.094263 0.211502
v -4.867745 -1.458867 1.788684
v -4.895713 -1.454386 0.207648
v -6.779275 -1.458867 1.822496
v -6.807240 -1.454386 0.241460
v -6.779304 -2.023447 1.820897
v -6.807269 -2.018965 0.239861
v -4.239149 -2.023447 1.775964
v -4.267117 -2.018965 0.194928
v -4.238930 2.352043 1.788362
v -4.266897 2.356525 0.207326
v -6.721354 2.352043 1.832273
v -6.749320 2.356525 0.251237
v -6.721383 1.787464 1.830674
v -6.749349 1.791945 0.249638
v -12.823153 1.451864 1.937655
v -12.851119 1.456345 0.356619
v -12.692761 1.519759 1.935541
v -12.720727 1.524240 0.354505
v -12.564731 1.580659 1.933449
v -12.592696 1.585141 0.352413
v -12.438640 1.634677 1.931372
v -12.466605 1.639158 0.350336
v -12.314063 1.681921 1.929302
v -12.342029 1.686403 0.348266
v -12.190578 1.722506 1.927233
v -12.218543 1.726987 0.346197
v -12.067760 1.756541 1.925157
v -12.095725 1.761022 0.344121
v -11.945188 1.784138 1.923067
v -11.973153 1.788619 0.342031
v -11.822436 1.805408 1.920956
v -11.850402 1.809890 0.339920
v -11.699088 1.820463 1.918817
v -11.727054 1.824945 0.337781
v -11.574714 1.829415 1.916642
v -11.602679 1.833896 0.335606
v -11.448892 1.832374 1.914425
v -11.476857 1.836855 0.333389
v -11.204352 1.817806 1.910058
v -11.232318 1.822287 0.329022
v -10.972199 1.775168 1.905831
v -11.000165 1.779649 0.324794
v -10.754123 1.706066 1.901777
v -10.782088 1.710547 0.320741
v -10.551816 1.612103 1.897932
v -10.579782 1.616584 0.316896
v -10.366975 1.494883 1.894331
v -10.394940 1.499364 0.313294
v -10.201287 1.356010 1.891006
v -10.229253 1.360492 0.309970
v -10.056447 1.197089 1.887994
v -10.084413 1.201570 0.306957
v -9.934152 1.019722 1.885328
v -9.962117 1.024203 0.304291
v -9.836087 0.825514 1.883042
v -9.864053 0.829995 0.302006
v -9.763949 0.616069 1.881173
v -9.791915 0.620550 0.300137
v -9.719432 0.392990 1.879753
v -9.747397 0.397472 0.298717
v -9.704223 0.157883 1.878818
v -9.732188 0.162364 0.297781
v -9.718978 -0.081016 1.878402
v -9.746943 -0.076535 0.297365
v -9.762334 -0.306036 1.878531
v -9.790299 -0.301555 0.297494
v -9.832946 -0.515863 1.879185
v -9.860911 -0.511382 0.298149
v -9.929484 -0.709184 1.880345
v -9.957450 -0.704702 0.299309
v -10.050614 -0.884683 1.881990
v -10.078580 -0.880202 0.300954
v -10.194993 -1.041047 1.884100
v -10.222959 -1.036565 0.303064
v -10.361289 -1.176960 1.886657
v -10.389255 -1.172479 0.305621
v -10.548162 -1.291109 1.889639
v -10.576127 -1.286628 0.308603
v -10.754277 -1.382180 1.893027
v -10.782243 -1.377699 0.311991
v -10.978299 -1.448858 1.896800
v -11.006265 -1.444376 0.315764
v -11.218892 -1.489828 1.900940
v -11.246858 -1.485347 0.319904
v -11.474715 -1.503777 1.905426
v -11.502681 -1.499296 0.324390
v -11.599076 -1.500183 1.907636
v -11.627042 -1.495702 0.326600
v -11.724999 -1.489460 1.909894
v -11.752965 -1.484979 0.328857
v -11.852170 -1.471699 1.912193
v -11.880136 -1.467217 0.331157
v -11.980273 -1.446986 1.914529
v -12.008239 -1.442505 0.333493
v -12.109000 -1.415413 1.916896
v -12.136966 -1.410932 0.335860
v -12.238038 -1.377067 1.919287
v -12.266004 -1.372586 0.338251
v -12.367076 -1.332039 1.921697
v -12.395041 -1.327558 0.340661
v -12.495803 -1.280416 1.924121
v -12.523768 -1.275935 0.343084
v -12.623906 -1.222289 1.926551
v -12.651872 -1.217808 0.345515
v -12.751071 -1.157746 1.928984
v -12.779037 -1.153265 0.347948
v -12.876990 -1.086877 1.931412
v -12.904956 -1.082396 0.350376
v -13.001349 -1.009770 1.933830
v -13.029315 -1.005289 0.352794
v -13.001384 -1.696247 1.931885
v -13.029349 -1.691766 0.350849
v -12.893037 -1.750992 1.929813
v -12.921002 -1.746511 0.348777
v -12.782462 -1.802730 1.927711
v -12.810428 -1.798248 0.346675
v -12.669036 -1.851126 1.925567
v -12.697001 -1.846645 0.344531
v -12.552138 -1.895846 1.923373
v -12.580104 -1.891365 0.342337
v -12.431142 -1.936557 1.921117
v -12.459107 -1.932076 0.340081
v -12.305421 -1.972923 1.918790
v -12.333386 -1.968442 0.337754
v -12.174356 -2.004612 1.916382
v -12.202321 -2.000131 0.335346
v -12.037318 -2.031288 1.913882
v -12.065284 -2.026807 0.332846
v -11.893693 -2.052618 1.911281
v -11.921659 -2.048137 0.330245
v -11.742846 -2.068267 1.908569
v -11.770812 -2.063786 0.327533
v -11.584163 -2.077902 1.905734
v -11.612128 -2.073421 0.324698
v -11.417016 -2.081188 1.902768
v -11.444982 -2.076707 0.321732
v -11.025607 -2.055789 1.895917
v -11.053573 -2.051308 0.314881
v -10.671973 -1.983320 1.889867
v -10.699939 -1.978838 0.308831
v -10.355399 -1.869371 1.884590
v -10.383365 -1.864890 0.303554
v -10.075171 -1.719534 1.880058
v -10.103137 -1.715053 0.299022
v -9.830579 -1.539402 1.876242
v -9.858544 -1.534920 0.295206
v -9.620908 -1.334564 1.873114
v -9.648873 -1.330083 0.292078
v -9.445447 -1.110613 1.870645
v -9.473413 -1.106132 0.289609
v -9.303485 -0.873140 1.868807
v -9.331450 -0.868659 0.287771
v -9.194306 -0.627737 1.867571
v -9.222272 -0.623255 0.286535
v -9.117202 -0.379994 1.866909
v -9.145167 -0.375513 0.285873
v -9.071454 -0.135504 1.866793
v -9.099420 -0.131023 0.285757
v -9.056357 0.100142 1.867194
v -9.084323 0.104623 0.286158
v -9.076962 0.425915 1.868482
v -9.104928 0.430397 0.287446
v -9.137368 0.734581 1.870425
v -9.165334 0.739062 0.289389
v -9.235417 1.023999 1.872980
v -9.263383 1.028480 0.291944
v -9.368947 1.292032 1.876101
v -9.396913 1.296513 0.295065
v -9.535798 1.536540 1.879746
v -9.563764 1.541021 0.298710
v -9.733809 1.755386 1.883869
v -9.761775 1.759867 0.302833
v -9.960822 1.946430 1.888426
v -9.988788 1.950912 0.307390
v -10.214673 2.107535 1.893373
v -10.242639 2.112016 0.312337
v -10.493205 2.236562 1.898665
v -10.521171 2.241043 0.317629
v -10.794257 2.331371 1.904259
v -10.822223 2.335852 0.323223
v -11.115666 2.389825 1.910110
v -11.143632 2.394306 0.329074
v -11.455277 2.409785 1.916174
v -11.483243 2.414266 0.335138
v -11.567744 2.407494 1.918157
v -11.595710 2.411976 0.337121
v -11.680943 2.400547 1.920140
v -11.708909 2.405029 0.339104
v -11.795348 2.388834 1.922130
v -11.823314 2.393315 0.341094
v -11.911422 2.372241 1.924137
v -11.939387 2.376723 0.343100
v -12.029635 2.350659 1.926167
v -12.057601 2.355140 0.345130
v -12.150456 2.323975 1.928228
v -12.178422 2.328456 0.347192
v -12.274350 2.292078 1.930329
v -12.302316 2.296560 0.349293
v -12.401784 2.254858 1.932478
v -12.429749 2.259339 0.351442
v -12.533229 2.212202 1.934682
v -12.561194 2.216683 0.353646
v -12.669150 2.163999 1.936949
v -12.697116 2.168481 0.355913
v -12.810016 2.110138 1.939289
v -12.837981 2.114619 0.358253
v -12.956294 2.050507 1.941707
v -12.984260 2.054988 0.360671
v -12.956328 1.376861 1.939798
v -12.984294 1.381342 0.358762
v -16.368999 -1.458867 1.992127
v -16.396965 -1.454386 0.411091
v -16.369030 -2.023447 1.990527
v -16.396996 -2.018965 0.409491
v -13.764729 -2.023447 1.944460
v -13.792695 -2.018965 0.363424
v -13.764510 2.352043 1.956858
v -13.792476 2.356525 0.375822
v -14.393134 2.352043 1.967978
v -14.421100 2.356525 0.386942
v -14.393325 -1.458867 1.957180
v -14.421290 -1.454386 0.376144
v -17.542698 1.787464 2.022089
v -17.570663 1.791945 0.441053
v -17.542767 0.465835 2.018345
v -17.570732 0.470316 0.437309
v -19.332420 0.465835 2.050001
v -19.360386 0.470316 0.468965
v -19.332447 -0.098744 2.048402
v -19.360413 -0.094263 0.467366
v -17.542793 -0.098744 2.016745
v -17.570759 -0.094263 0.435709
v -17.542862 -1.458867 2.012891
v -17.570827 -1.454386 0.431855
v -19.454395 -1.458867 2.046704
v -19.482361 -1.454386 0.465668
v -19.454422 -2.023447 2.045104
v -19.482388 -2.018965 0.464068
v -16.914265 -2.023447 2.000172
v -16.942230 -2.018965 0.419136
v -16.914047 2.352043 2.012570
v -16.942013 2.356525 0.431534
v -19.396469 2.352043 2.056481
v -19.424435 2.356525 0.475445
v -19.396500 1.787464 2.054881
v -19.424465 1.791945 0.473845
v -23.277477 -2.023447 2.112729
v -23.305447 -2.018965 0.531693
v -22.693691 -0.733896 2.106058
v -22.721661 -0.729415 0.525022
v -20.833481 -0.733896 2.073153
v -20.861446 -0.729415 0.492117
v -20.281895 -2.023447 2.059741
v -20.309860 -2.018965 0.478705
v -19.640442 -2.023447 2.048394
v -19.668407 -2.018965 0.467358
v -21.519680 2.377706 2.094110
v -21.547646 2.382188 0.513074
v -21.962280 2.377706 2.101939
v -21.990250 2.382188 0.520903
v -23.918930 -2.023447 2.124076
v -23.946899 -2.018965 0.543040
v -22.437084 -0.169317 2.103119
v -22.465054 -0.164835 0.522083
v -21.731411 1.415355 2.095128
v -21.759377 1.419836 0.514092
v -21.077206 -0.169317 2.079064
v -21.105171 -0.164835 0.498028
v -25.730164 2.342391 2.168489
v -25.758133 2.346872 0.587452
v -25.929733 2.313847 2.171938
v -25.957703 2.318328 0.590902
v -26.113895 2.267036 2.175063
v -26.141865 2.271517 0.594027
v -26.281883 2.202582 2.177852
v -26.309853 2.207063 0.596816
v -26.432949 2.121109 2.180293
v -26.460918 2.125591 0.599257
v -26.566330 2.023240 2.182375
v -26.594299 2.027722 0.601339
v -26.681271 1.909600 2.184086
v -26.709240 1.914081 0.603050
v -26.777012 1.780811 2.185414
v -26.804981 1.785292 0.604378
v -26.852798 1.637498 2.186349
v -26.880768 1.641979 0.605313
v -26.907871 1.480284 2.186877
v -26.935841 1.484765 0.605841
v -26.941471 1.309793 2.186988
v -26.969440 1.314275 0.605952
v -26.952850 1.126650 2.186671
v -26.980820 1.131131 0.605634
v -26.947407 1.002650 2.186223
v -26.975376 1.007132 0.605187
v -26.931210 0.884220 2.185601
v -26.959179 0.888702 0.604565
v -26.904453 0.771582 2.184808
v -26.932423 0.776063 0.603772
v -26.867344 0.664959 2.183850
v -26.895313 0.669440 0.602813
v -26.820072 0.564573 2.182729
v -26.848042 0.569054 0.601693
v -26.762848 0.470647 2.181450
v -26.790817 0.475128 0.600414
v -26.695869 0.383404 2.180018
v -26.723839 0.387885 0.598982
v -26.619331 0.303067 2.178437
v -26.647301 0.307548 0.597401
v -26.533440 0.229858 2.176710
v -26.561409 0.234340 0.595674
v -26.438396 0.164001 2.174842
v -26.466366 0.168483 0.593806
v -26.334396 0.105718 2.172837
v -26.362366 0.110199 0.591801
v -26.221645 0.055232 2.170700
v -26.249615 0.059713 0.589664
v -26.318012 -0.013469 2.172210
v -26.345982 -0.008988 0.591173
v -26.408806 -0.088051 2.173604
v -26.436775 -0.083570 0.592568
v -26.494877 -0.168514 2.174899
v -26.522846 -0.164033 0.593863
v -26.577076 -0.254859 2.176108
v -26.605045 -0.250378 0.595072
v -26.656242 -0.347084 2.177247
v -26.684212 -0.342603 0.596211
v -26.733227 -0.445191 2.178331
v -26.761196 -0.440709 0.597294
v -26.808880 -0.549178 2.179374
v -26.836849 -0.544697 0.598338
v -26.884041 -0.659047 2.180392
v -26.912010 -0.654565 0.599356
v -26.959560 -0.774796 2.181400
v -26.987530 -0.770315 0.600364
v -27.036278 -0.896427 2.182412
v -27.064247 -0.891945 0.601376
v -27.115051 -1.023938 2.183444
v -27.143021 -1.019457 0.602408
v -27.196716 -1.157331 2.184511
v -27.224686 -1.152849 0.603474
v -27.241783 -1.229752 2.185102
v -27.269753 -1.225271 0.604066
v -27.284569 -1.297228 2.185668
v -27.312538 -1.292747 0.604632
v -27.326019 -1.361229 2.186220
v -27.353989 -1.356748 0.605184
v -27.367073 -1.423225 2.186770
v -27.395042 -1.418744 0.605734
v -27.408657 -1.484686 2.187332
v -27.436626 -1.480205 0.606296
v -27.451717 -1.547083 2.187917
v -27.479687 -1.542602 0.606880
v -27.497177 -1.611886 2.188537
v -27.525146 -1.607404 0.607501
v -27.545979 -1.680565 2.189206
v -27.573948 -1.676083 0.608169
v -27.599056 -1.754590 2.189935
v -27.627026 -1.750109 0.608899
v -27.657349 -1.835432 2.190737
v -27.685318 -1.830951 0.609701
v -27.721786 -1.924561 2.191624
v -27.749756 -1.920079 0.610588
v -27.793308 -2.023447 2.192609
v -27.821278 -2.018965 0.611573
v -27.042809 -2.023447 2.179333
v -27.070778 -2.018965 0.598297
v -26.465454 -1.125252 2.171666
v -26.493423 -1.120771 0.590630
v -26.327442 -0.916877 2.169816
v -26.355412 -0.912395 0.588780
v -26.201248 -0.739243 2.168087
v -26.229218 -0.734761 0.587051
v -26.085564 -0.589945 2.166464
v -26.113533 -0.585463 0.585428
v -25.979103 -0.466576 2.164930
v -26.007072 -0.462095 0.583894
v -25.880569 -0.366732 2.163471
v -25.908539 -0.362251 0.582434
v -25.788677 -0.288007 2.162068
v -25.816647 -0.283525 0.581032
v -25.702129 -0.227993 2.160707
v -25.730099 -0.223512 0.579671
v -25.619637 -0.184287 2.159372
v -25.647606 -0.179805 0.578336
v -25.539906 -0.154480 2.158046
v -25.567875 -0.149999 0.577010
v -25.461647 -0.136169 2.156714
v -25.489616 -0.131688 0.575678
v -25.383568 -0.126947 2.155359
v -25.411537 -0.122465 0.574323
v -25.304375 -0.124407 2.153965
v -25.332344 -0.119926 0.572929
v -25.041382 -0.124407 2.149313
v -25.069351 -0.119926 0.568277
v -25.041477 -2.023447 2.143932
v -25.069447 -2.018965 0.562896
v -24.412849 -2.023447 2.132812
v -24.440819 -2.018965 0.551776
v -24.412632 2.352043 2.145211
v -24.440601 2.356525 0.564174
v -25.515934 2.352043 2.164726
v -25.543903 2.356525 0.583690
v -25.445469 0.440172 2.158061
v -25.473438 0.444654 0.577025
v -25.603989 0.447201 2.160885
v -25.631958 0.451682 0.579849
v -25.743443 0.467528 2.163409
v -25.771412 0.472009 0.582373
v -25.864815 0.500019 2.165648
v -25.892784 0.504500 0.584612
v -25.969078 0.543536 2.167616
v -25.997047 0.548017 0.586580
v -26.057217 0.596944 2.169327
v -26.085186 0.601425 0.588290
v -26.130207 0.659107 2.170794
v -26.158176 0.663589 0.589758
v -26.189034 0.728889 2.172032
v -26.217003 0.733370 0.590996
v -26.234676 0.805153 2.173056
v -26.262646 0.809634 0.592020
v -26.268108 0.886764 2.173878
v -26.296078 0.891245 0.592842
v -26.290318 0.972584 2.174515
v -26.318287 0.977066 0.593478
v -26.302277 1.061479 2.174978
v -26.330246 1.065961 0.593942
v -26.304977 1.152312 2.175283
v -26.332947 1.156794 0.594247
v -26.298347 1.251569 2.175447
v -26.326317 1.256051 0.594411
v -26.281387 1.343832 2.175409
v -26.309357 1.348313 0.594373
v -26.253647 1.428788 2.175159
v -26.281616 1.433269 0.594123
v -26.214684 1.506125 2.174689
v -26.242653 1.510606 0.593653
v -26.164047 1.575531 2.173990
v -26.192017 1.580013 0.592954
v -26.101292 1.636696 2.173053
v -26.129261 1.641177 0.592017
v -26.025978 1.689306 2.171870
v -26.053947 1.693787 0.590834
v -25.937656 1.733050 2.170432
v -25.965626 1.737531 0.589396
v -25.835884 1.767616 2.168730
v -25.863853 1.772097 0.587693
v -25.720211 1.792692 2.166754
v -25.748180 1.797173 0.585718
v -25.590199 1.807966 2.164498
v -25.618168 1.812447 0.583462
v -25.445400 1.813127 2.161951
v -25.473370 1.817608 0.580915
v -25.041286 1.813127 2.154803
v -25.069256 1.817608 0.573767
v -25.041355 0.440172 2.150913
v -25.069324 0.444654 0.569877
vn -0.0177 0.0028 -0.9998
vn 0.0177 -0.0028 0.9998
vn -0.3771 -0.9261 0.0040
vn -0.3491 -0.9371 0.0035
vn -0.3180 -0.9481 0.0029
vn -0.2842 -0.9588 0.0023
vn -0.2482 -0.9687 0.0016
vn -0.2107 -0.9775 0.0010
vn -0.1725 -0.9850 0.0003
vn -0.1346 -0.9909 -0.0004
vn -0.0977 -0.9952 -0.0011
vn -0.0627 -0.9980 -0.0017
vn -0.0301 -0.9995 -0.0023
vn 0.0219 -0.9998 -0.0032
vn 0.1183 -0.9930 -0.0049
vn 0.2385 -0.9711 -0.0070
vn 0.3583 -0.9336 -0.0090
vn 0.4752 -0.8798 -0.0109
vn 0.5865 -0.8098 -0.0127
vn 0.6894 -0.7242 -0.0142
vn 0.7811 -0.6243 -0.0156
vn 0.8589 -0.5119 -0.0166
vn 0.9207 -0.3898 -0.0174
vn 0.9651 -0.2614 -0.0178
vn 0.9913 -0.1303 -0.0179
vn 0.9998 0.0006 -0.0177
vn 0.9911 0.1318 -0.0172
vn 0.9647 0.2630 -0.0163
vn 0.9207 0.3901 -0.0152
vn 0.8601 0.5100 -0.0138
vn 0.7844 0.6202 -0.0121
vn 0.6954 0.7186 -0.0103
vn 0.5951 0.8036 -0.0082
vn 0.4855 0.8742 -0.0061
vn 0.3688 0.9295 -0.0039
vn 0.2474 0.9689 -0.0016
vn 0.1236 0.9923 0.0006
vn 0.0235 0.9997 0.0024
vn -0.0308 0.9995 0.0034
vn -0.0661 0.9978 0.0040
vn -0.1055 0.9944 0.0047
vn -0.1475 0.9891 0.0054
vn -0.1898 0.9818 0.0061
vn -0.2306 0.9730 0.0068
vn -0.2682 0.9633 0.0075
vn -0.3014 0.9535 0.0080
vn -0.3298 0.9440 0.0085
vn -0.3534 0.9354 0.0089
vn -0.3723 0.9281 0.0092
vn -0.8307 0.5564 0.0163
vn -0.5168 -0.8561 0.0067
vn 0.4492 -0.8934 -0.0105
vn 0.4152 -0.9097 -0.0099
vn 0.3797 -0.9250 -0.0093
vn 0.3428 -0.9394 -0.0087
vn 0.3043 -0.9525 -0.0081
vn 0.2644 -0.9644 -0.0074
vn 0.2231 -0.9748 -0.0067
vn 0.1806 -0.9835 -0.0060
vn 0.1368 -0.9906 -0.0052
vn 0.0920 -0.9957 -0.0044
vn 0.0463 -0.9989 -0.0037
vn -0.0202 -0.9998 -0.0025
vn -0.1277 -0.9918 -0.0006
vn -0.2547 -0.9670 0.0018
vn -0.3780 -0.9258 0.0041
vn -0.4953 -0.8687 0.0063
vn -0.6044 -0.7967 0.0084
vn -0.7033 -0.7108 0.0104
vn -0.7904 -0.6124 0.0122
vn -0.8641 -0.5031 0.0139
vn -0.9230 -0.3846 0.0152
vn -0.9656 -0.2593 0.0163
vn -0.9914 -0.1301 0.0172
vn -0.9998 -0.0009 0.0177
vn -0.9916 0.1281 0.0179
vn -0.9658 0.2586 0.0178
vn -0.9215 0.3880 0.0174
vn -0.8587 0.5123 0.0166
vn -0.7788 0.6271 0.0156
vn -0.6844 0.7290 0.0142
vn -0.5787 0.8154 0.0125
vn -0.4654 0.8850 0.0107
vn -0.3479 0.9375 0.0088
vn -0.2296 0.9733 0.0068
vn -0.1130 0.9936 0.0048
vn -0.0184 0.9998 0.0032
vn 0.0369 0.9993 0.0022
vn 0.0724 0.9974 0.0015
vn 0.1062 0.9943 0.0009
vn 0.1380 0.9904 0.0004
vn 0.1676 0.9859 -0.0002
vn 0.1948 0.9808 -0.0007
vn 0.2195 0.9756 -0.0011
vn 0.2416 0.9704 -0.0015
vn 0.2611 0.9653 -0.0019
vn 0.2779 0.9606 -0.0022
vn 0.2921 0.9564 -0.0025
vn 0.8057 0.5922 -0.0126
vn 0.7070 -0.7071 -0.0145
vn 0.7070 0.7071 -0.0105
vn -0.7070 0.7071 0.0145
vn -0.8337 -0.5521 0.0132
vn 0.5419 -0.8404 -0.0120
vn -0.5507 -0.8347 0.0074
vn 0.8344 -0.5510 -0.0163
vn 0.5510 0.8345 -0.0074
vn -0.5447 0.8385 0.0120
vn -0.8384 -0.5448 0.0133
vn 0.8386 0.5446 -0.0133
vn -0.0137 -0.9999 -0.0026
vn -0.8310 0.5560 0.0163
vn -0.4344 -0.9007 0.0051
vn 0.4343 -0.9007 -0.0102
vn -0.7070 -0.7071 0.0105
vn -0.4311 0.9022 0.0102
vn -0.0010 1.0000 0.0029
vn 0.4302 0.9027 -0.0051
vn 0.4762 -0.8793 -0.0109
vn 0.4456 -0.8952 -0.0104
vn 0.4116 -0.9113 -0.0099
vn 0.3741 -0.9273 -0.0092
vn 0.3334 -0.9428 -0.0086
vn 0.2896 -0.9571 -0.0078
vn 0.2433 -0.9699 -0.0071
vn 0.1951 -0.9808 -0.0062
vn 0.1459 -0.9893 -0.0054
vn 0.0964 -0.9953 -0.0045
vn 0.0476 -0.9989 -0.0037
vn -0.0180 -0.9998 -0.0025
vn -0.1203 -0.9927 -0.0007
vn -0.2418 -0.9703 0.0015
vn -0.3623 -0.9320 0.0038
vn -0.4793 -0.8776 0.0060
vn -0.5901 -0.8073 0.0082
vn -0.6921 -0.7217 0.0102
vn -0.7828 -0.6221 0.0121
vn -0.8598 -0.5105 0.0138
vn -0.9210 -0.3892 0.0152
vn -0.9651 -0.2614 0.0163
vn -0.9913 -0.1305 0.0172
vn -0.9998 -0.0015 0.0177
vn -0.9919 0.1256 0.0179
vn -0.9669 0.2546 0.0178
vn -0.9233 0.3838 0.0174
vn -0.8608 0.5087 0.0167
vn -0.7806 0.6248 0.0156
vn -0.6853 0.7282 0.0142
vn -0.5782 0.8158 0.0125
vn -0.4636 0.8860 0.0107
vn -0.3453 0.9385 0.0088
vn -0.2269 0.9739 0.0068
vn -0.1113 0.9938 0.0048
vn -0.0127 0.9999 0.0031
vn 0.0569 0.9984 0.0018
vn 0.1116 0.9937 0.0008
vn 0.1639 0.9865 -0.0001
vn 0.2139 0.9769 -0.0010
vn 0.2616 0.9652 -0.0019
vn 0.3072 0.9516 -0.0027
vn 0.3509 0.9364 -0.0036
vn 0.3927 0.9196 -0.0043
vn 0.4329 0.9014 -0.0051
vn 0.4715 0.8818 -0.0058
vn 0.5087 0.8609 -0.0066
vn -0.4863 0.8737 0.0111
vn -0.8516 -0.5240 0.0136
vn -0.4373 -0.8993 0.0052
vn -0.4081 -0.9129 0.0046
vn -0.3749 -0.9271 0.0040
vn -0.3381 -0.9411 0.0033
vn -0.2984 -0.9544 0.0026
vn -0.2565 -0.9666 0.0018
vn -0.2131 -0.9770 0.0010
vn -0.1690 -0.9856 0.0002
vn -0.1251 -0.9921 -0.0006
vn -0.0819 -0.9966 -0.0014
vn -0.0402 -0.9992 -0.0021
vn 0.0225 -0.9997 -0.0032
vn 0.1330 -0.9911 -0.0052
vn 0.2703 -0.9628 -0.0075
vn 0.4060 -0.9138 -0.0098
vn 0.5335 -0.8457 -0.0118
vn 0.6473 -0.7621 -0.0136
vn 0.7444 -0.6675 -0.0151
vn 0.8242 -0.5661 -0.0162
vn 0.8874 -0.4606 -0.0170
vn 0.9357 -0.3524 -0.0175
vn 0.9704 -0.2409 -0.0178
vn 0.9921 -0.1241 -0.0179
vn 0.9998 -0.0004 -0.0177
vn 0.9916 0.1279 -0.0172
vn 0.9662 0.2571 -0.0164
vn 0.9231 0.3844 -0.0152
vn 0.8624 0.5061 -0.0138
vn 0.7854 0.6188 -0.0121
vn 0.6942 0.7197 -0.0102
vn 0.5911 0.8066 -0.0082
vn 0.4790 0.8778 -0.0060
vn 0.3610 0.9325 -0.0037
vn 0.2401 0.9707 -0.0015
vn 0.1190 0.9929 0.0007
vn 0.0192 0.9998 0.0025
vn -0.0408 0.9992 0.0036
vn -0.0815 0.9967 0.0043
vn -0.1216 0.9926 0.0050
vn -0.1605 0.9870 0.0056
vn -0.1976 0.9803 0.0063
vn -0.2324 0.9726 0.0069
vn -0.2648 0.9643 0.0074
vn -0.2944 0.9556 0.0079
vn -0.3213 0.9469 0.0084
vn -0.3456 0.9384 0.0088
vn -0.3672 0.9301 0.0091
vn -0.8297 0.5579 0.0163
vn -0.5046 -0.8633 0.0065
vn -0.0933 0.9956 0.0045
vn -0.1941 0.9810 0.0062
vn -0.3027 0.9531 0.0081
vn -0.4172 0.9088 0.0100
vn -0.5342 0.8452 0.0118
vn -0.6489 0.7608 0.0136
vn -0.7548 0.6558 0.0152
vn -0.8456 0.5336 0.0165
vn -0.9163 0.4002 0.0173
vn -0.9647 0.2626 0.0178
vn -0.9916 0.1279 0.0179
vn -0.9998 0.0090 0.0177
vn -0.9958 -0.0898 0.0174
vn -0.9829 -0.1836 0.0169
vn -0.9598 -0.2804 0.0162
vn -0.9257 -0.3780 0.0153
vn -0.8805 -0.4739 0.0142
vn -0.8246 -0.5655 0.0130
vn -0.7595 -0.6504 0.0116
vn -0.6871 -0.7265 0.0101
vn -0.6097 -0.7925 0.0085
vn -0.5297 -0.8482 0.0070
vn -0.4491 -0.8934 0.0054
vn -0.9949 -0.0990 0.0173
vn -0.6078 0.7940 0.0130
vn -0.6590 0.7520 0.0138
vn -0.7037 0.7103 0.0145
vn -0.7416 0.6707 0.0150
vn -0.7727 0.6345 0.0155
vn -0.7976 0.6029 0.0158
vn -0.8169 0.5765 0.0161
vn -0.8313 0.5556 0.0163
vn -0.8415 0.5400 0.0164
vn -0.8481 0.5296 0.0165
vn -0.8516 0.5239 0.0165
vn -0.8508 0.5253 0.0165
vn -0.8466 0.5320 0.0165
vn -0.8418 0.5396 0.0164
vn -0.8364 0.5479 0.0163
vn -0.8308 0.5563 0.0163
vn -0.8255 0.5642 0.0162
vn -0.8207 0.5712 0.0161
vn -0.8167 0.5768 0.0161
vn -0.8137 0.5810 0.0160
vn -0.8117 0.5838 0.0160
vn -0.8106 0.5854 0.0160
vn -0.8101 0.5860 0.0160
vn -0.8904 -0.4549 0.0145
vn 0.4791 -0.8777 -0.0110
vn 0.8373 -0.5465 -0.0164
vn 0.8244 -0.5658 -0.0162
vn 0.8028 -0.5960 -0.0159
vn 0.7739 -0.6332 -0.0155
vn 0.7347 -0.6783 -0.0149
vn 0.6816 -0.7316 -0.0141
vn 0.6108 -0.7917 -0.0130
vn 0.5197 -0.8542 -0.0116
vn 0.4099 -0.9121 -0.0098
vn 0.2895 -0.9572 -0.0078
vn 0.1727 -0.9850 -0.0058
vn 0.0747 -0.9972 -0.0041
vn 0.0160 -0.9999 -0.0031
vn -0.0225 0.9997 0.0032
vn 0.0222 0.9998 0.0024
vn 0.0944 0.9955 0.0012
vn 0.2017 0.9794 -0.0008
vn 0.3226 0.9465 -0.0030
vn 0.4529 0.8915 -0.0055
vn 0.5851 0.8109 -0.0081
vn 0.7087 0.7054 -0.0105
vn 0.8138 0.5810 -0.0127
vn 0.8941 0.4477 -0.0145
vn 0.9488 0.3156 -0.0159
vn 0.9812 0.1924 -0.0168
vn 0.9965 0.0817 -0.0174
vn 0.9997 -0.0184 -0.0177
vn 0.9921 -0.1239 -0.0179
vn 0.9691 -0.2462 -0.0178
vn 0.9243 -0.3813 -0.0174
vn 0.8531 -0.5214 -0.0166
vn 0.7554 -0.6551 -0.0152
vn 0.6373 -0.7705 -0.0135
vn 0.5095 -0.8604 -0.0115
vn 0.3834 -0.9235 -0.0094
vn 0.2670 -0.9637 -0.0075
vn 0.1644 -0.9864 -0.0057
vn 0.0761 -0.9971 -0.0042
vn 0.0178 -0.9998 -0.0031
vt 0.688172 0.000000
vt 0.989247 0.000000
vt 0.698925 0.000000
vt 0.709677 0.000000
vt 0.000000 0.000000
vt 0.010753 0.000000
vt 0.021505 0.000000
vt 0.032258 0.000000
vt 0.043011 0.000000
vt 0.053763 0.000000
vt 0.064516 0.000000
vt 0.978495 0.000000
vt 0.075269 0.000000
vt 1.000000 0.000000
vt 0.967742 0.000000
vt 0.956989 0.000000
vt 0.946237 0.000000
vt 0.086022 0.000000
vt 0.935484 0.000000
vt 0.924731 0.000000
vt 0.913979 0.000000
vt 0.096774 0.000000
vt 0.903226 0.000000
vt 0.892473 0.000000
vt 0.881720 0.000000
vt 0.107527 0.000000
vt 0.870968 0.000000
vt 0.860215 0.000000
vt 0.118280 0.000000
vt 0.849462 0.000000
vt 0.838710 0.000000
vt 0.129032 0.000000
vt 0.827957 0.000000
vt 0.139785 0.000000
vt 0.817204 0.000000
vt 0.806452 0.000000
vt 0.150538 0.000000
vt 0.795699 0.000000
vt 0.161290 0.000000
vt 0.784946 0.000000
vt 0.172043 0.000000
vt 0.774194 0.000000
vt 0.763441 0.000000
vt 0.182796 0.000000
vt 0.752688 0.000000
vt 0.741935 0.000000
vt 0.193548 0.000000
vt 0.731183 0.000000
vt 0.720430 0.000000
vt 0.666667 0.000000
vt 0.204301 0.000000
vt 0.215054 0.000000
vt 0.225806 0.000000
vt 0.236559 0.000000
vt 0.247312 0.000000
vt 0.258065 0.000000
vt 0.268817 0.000000
vt 0.655914 0.000000
vt 0.645161 0.000000
vt 0.279570 0.000000
vt 0.677419 0.000000
vt 0.634409 0.000000
vt 0.623656 0.000000
vt 0.612903 0.000000
vt 0.290323 0.000000
vt 0.602151 0.000000
vt 0.591398 0.000000
vt 0.301075 0.000000
vt 0.580645 0.000000
vt 0.311828 0.000000
vt 0.569892 0.000000
vt 0.322581 0.000000
vt 0.559140 0.000000
vt 0.333333 0.000000
vt 0.548387 0.000000
vt 0.344086 0.000000
vt 0.537634 0.000000
vt 0.354839 0.000000
vt 0.365591 0.000000
vt 0.526882 0.000000
vt 0.376344 0.000000
vt 0.516129 0.000000
vt 0.387097 0.000000
vt 0.397849 0.000000
vt 0.408602 0.000000
vt 0.419355 0.000000
vt 0.430108 0.000000
vt 0.440860 0.000000
vt 0.451613 0.000000
vt 0.462366 0.000000
vt 0.473118 0.000000
vt 0.483871 0.000000
vt 0.494624 0.000000
vt 0.505376 0.000000
vt 0.400000 0.000000
vt 0.600000 0.000000
vt 0.500000 0.000000
vt 0.900000 0.000000
vt 0.700000 0.000000
vt 0.800000 0.000000
vt 0.200000 0.000000
vt 0.100000 0.000000
vt 0.300000 0.000000
vt 0.727273 0.000000
vt 0.818182 0.000000
vt 0.909091 0.000000
vt 0.090909 0.000000
vt 0.363636 0.000000
vt 0.181818 0.000000
vt 0.272727 0.000000
vt 0.454545 0.000000
vt 0.545455 0.000000
vt 0.636364 0.000000
vt 0.855670 0.000000
vt 0.876289 0.000000
vt 0.865979 0.000000
vt 0.886598 0.000000
vt 0.896907 0.000000
vt 0.845361 0.000000
vt 0.907216 0.000000
vt 0.917526 0.000000
vt 0.927835 0.000000
vt 0.835052 0.000000
vt 0.938144 0.000000
vt 0.948454 0.000000
vt 0.958763 0.000000
vt 0.824742 0.000000
vt 0.969072 0.000000
vt 0.979381 0.000000
vt 0.989691 0.000000
vt 0.814433 0.000000
vt 0.092784 0.000000
vt 0.082474 0.000000
vt 0.072165 0.000000
vt 0.061856 0.000000
vt 0.051546 0.000000
vt 0.041237 0.000000
vt 0.030928 0.000000
vt 0.020619 0.000000
vt 0.010309 0.000000
vt 0.804124 0.000000
vt 0.113402 0.000000
vt 0.103093 0.000000
vt 0.123711 0.000000
vt 0.134021 0.000000
vt 0.144330 0.000000
vt 0.793814 0.000000
vt 0.154639 0.000000
vt 0.164948 0.000000
vt 0.783505 0.000000
vt 0.175258 0.000000
vt 0.185567 0.000000
vt 0.773196 0.000000
vt 0.195876 0.000000
vt 0.762887 0.000000
vt 0.206186 0.000000
vt 0.216495 0.000000
vt 0.752577 0.000000
vt 0.226804 0.000000
vt 0.742268 0.000000
vt 0.237113 0.000000
vt 0.247423 0.000000
vt 0.731959 0.000000
vt 0.257732 0.000000
vt 0.721649 0.000000
vt 0.268041 0.000000
vt 0.711340 0.000000
vt 0.278351 0.000000
vt 0.701031 0.000000
vt 0.288660 0.000000
vt 0.690722 0.000000
vt 0.298969 0.000000
vt 0.474227 0.000000
vt 0.494845 0.000000
vt 0.484536 0.000000
vt 0.309278 0.000000
vt 0.463918 0.000000
vt 0.680412 0.000000
vt 0.453608 0.000000
vt 0.319588 0.000000
vt 0.443299 0.000000
vt 0.432990 0.000000
vt 0.329897 0.000000
vt 0.422680 0.000000
vt 0.670103 0.000000
vt 0.412371 0.000000
vt 0.340206 0.000000
vt 0.402062 0.000000
vt 0.391753 0.000000
vt 0.350515 0.000000
vt 0.381443 0.000000
vt 0.371134 0.000000
vt 0.360825 0.000000
vt 0.659794 0.000000
vt 0.505155 0.000000
vt 0.649485 0.000000
vt 0.515464 0.000000
vt 0.525773 0.000000
vt 0.536082 0.000000
vt 0.639175 0.000000
vt 0.546392 0.000000
vt 0.556701 0.000000
vt 0.567010 0.000000
vt 0.628866 0.000000
vt 0.577320 0.000000
vt 0.587629 0.000000
vt 0.597938 0.000000
vt 0.618557 0.000000
vt 0.608247 0.000000
vt 0.571429 0.000000
vt 0.714286 0.000000
vt 0.642857 0.000000
vt 0.428571 0.000000
vt 0.357143 0.000000
vt 0.785714 0.000000
vt 0.928571 0.000000
vt 0.857143 0.000000
vt 0.142857 0.000000
vt 0.071429 0.000000
vt 0.285714 0.000000
vt 0.214286 0.000000
vt 0.336634 0.000000
vt 0.356436 0.000000
vt 0.346535 0.000000
vt 0.366337 0.000000
vt 0.376238 0.000000
vt 0.386139 0.000000
vt 0.326733 0.000000
vt 0.396040 0.000000
vt 0.405941 0.000000
vt 0.415842 0.000000
vt 0.316832 0.000000
vt 0.425743 0.000000
vt 0.435644 0.000000
vt 0.306931 0.000000
vt 0.445545 0.000000
vt 0.455446 0.000000
vt 0.297030 0.000000
vt 0.465347 0.000000
vt 0.574257 0.000000
vt 0.564356 0.000000
vt 0.554455 0.000000
vt 0.544554 0.000000
vt 0.534653 0.000000
vt 0.524752 0.000000
vt 0.514852 0.000000
vt 0.504951 0.000000
vt 0.495050 0.000000
vt 0.485149 0.000000
vt 0.475248 0.000000
vt 0.287129 0.000000
vt 0.594059 0.000000
vt 0.584158 0.000000
vt 0.603960 0.000000
vt 0.613861 0.000000
vt 0.623762 0.000000
vt 0.277228 0.000000
vt 0.633663 0.000000
vt 0.643564 0.000000
vt 0.267327 0.000000
vt 0.653465 0.000000
vt 0.663366 0.000000
vt 0.257426 0.000000
vt 0.673267 0.000000
vt 0.247525 0.000000
vt 0.683168 0.000000
vt 0.693069 0.000000
vt 0.237624 0.000000
vt 0.702970 0.000000
vt 0.227723 0.000000
vt 0.712871 0.000000
vt 0.722772 0.000000
vt 0.217822 0.000000
vt 0.970297 0.000000
vt 0.990099 0.000000
vt 0.980198 0.000000
vt 0.960396 0.000000
vt 0.732673 0.000000
vt 0.207921 0.000000
vt 0.742574 0.000000
vt 0.950495 0.000000
vt 0.198020 0.000000
vt 0.752475 0.000000
vt 0.762376 0.000000
vt 0.188119 0.000000
vt 0.772277 0.000000
vt 0.178218 0.000000
vt 0.782178 0.000000
vt 0.792079 0.000000
vt 0.168317 0.000000
vt 0.801980 0.000000
vt 0.940594 0.000000
vt 0.930693 0.000000
vt 0.920792 0.000000
vt 0.811881 0.000000
vt 0.910891 0.000000
vt 0.900990 0.000000
vt 0.891089 0.000000
vt 0.821782 0.000000
vt 0.158416 0.000000
vt 0.881188 0.000000
vt 0.871287 0.000000
vt 0.861386 0.000000
vt 0.831683 0.000000
vt 0.851485 0.000000
vt 0.841584 0.000000
vt 0.148515 0.000000
vt 0.009901 0.000000
vt 0.138614 0.000000
vt 0.019802 0.000000
vt 0.029703 0.000000
vt 0.128713 0.000000
vt 0.039604 0.000000
vt 0.049505 0.000000
vt 0.059406 0.000000
vt 0.118812 0.000000
vt 0.069307 0.000000
vt 0.079208 0.000000
vt 0.089109 0.000000
vt 0.108911 0.000000
vt 0.099010 0.000000
vt 0.000000 1.000000
vt 0.009804 1.000000
vt 0.009804 0.000000
vt 0.019608 1.000000
vt 0.019608 0.000000
vt 0.029412 1.000000
vt 0.029412 0.000000
vt 0.039216 1.000000
vt 0.039216 0.000000
vt 0.049020 1.000000
vt 0.049020 0.000000
vt 0.058824 1.000000
vt 0.058824 0.000000
vt 0.068627 1.000000
vt 0.068627 0.000000
vt 0.078431 1.000000
vt 0.078431 0.000000
vt 0.088235 1.000000
vt 0.088235 0.000000
vt 0.098039 1.000000
vt 0.098039 0.000000
vt 0.107843 1.000000
vt 0.107843 0.000000
vt 0.117647 1.000000
vt 0.117647 0.000000
vt 0.127451 1.000000
vt 0.127451 0.000000
vt 0.137255 1.000000
vt 0.137255 0.000000
vt 0.147059 1.000000
vt 0.147059 0.000000
vt 0.156863 1.000000
vt 0.156863 0.000000
vt 0.166667 1.000000
vt 0.166667 0.000000
vt 0.176471 1.000000
vt 0.176471 0.000000
vt 0.186275 1.000000
vt 0.186275 0.000000
vt 0.196078 1.000000
vt 0.196078 0.000000
vt 0.205882 1.000000
vt 0.205882 0.000000
vt 0.215686 1.000000
vt 0.215686 0.000000
vt 0.225490 1.000000
vt 0.225490 0.000000
vt 0.235294 1.000000
vt 0.235294 0.000000
vt 0.245098 1.000000
vt 0.245098 0.000000
vt 0.254902 1.000000
vt 0.254902 0.000000
vt 0.264706 1.000000
vt 0.264706 0.000000
vt 0.274510 1.000000
vt 0.274510 0.000000
vt 0.284314 1.000000
vt 0.284314 0.000000
vt 0.294118 1.000000
vt 0.294118 0.000000
vt 0.303922 1.000000
vt 0.303922 0.000000
vt 0.313726 1.000000
vt 0.313726 0.000000
vt 0.323529 1.000000
vt 0.323529 0.000000
vt 0.333333 1.000000
vt 0.343137 1.000000
vt 0.343137 0.000000
vt 0.352941 1.000000
vt 0.352941 0.000000
vt 0.362745 1.000000
vt 0.362745 0.000000
vt 0.372549 1.000000
vt 0.372549 0.000000
vt 0.382353 1.000000
vt 0.382353 0.000000
vt 0.392157 1.000000
vt 0.392157 0.000000
vt 0.401961 1.000000
vt 0.401961 0.000000
vt 0.411765 1.000000
vt 0.411765 0.000000
vt 0.421569 1.000000
vt 0.421569 0.000000
vt 0.431373 1.000000
vt 0.431373 0.000000
vt 0.441176 1.000000
vt 0.441176 0.000000
vt 0.450980 1.000000
vt 0.450980 0.000000
vt 0.460784 1.000000
vt 0.460784 0.000000
vt 0.470588 1.000000
vt 0.470588 0.000000
vt 0.480392 1.000000
vt 0.480392 0.000000
vt 0.490196 1.000000
vt 0.490196 0.000000
vt 0.500000 1.000000
vt 0.509804 1.000000
vt 0.509804 0.000000
vt 0.519608 1.000000
vt 0.519608 0.000000
vt 0.529412 1.000000
vt 0.529412 0.000000
vt 0.539216 1.000000
vt 0.539216 0.000000
vt 0.549020 1.000000
vt 0.549020 0.000000
vt 0.558824 1.000000
vt 0.558824 0.000000
vt 0.568627 1.000000
vt 0.568627 0.000000
vt 0.578431 1.000000
vt 0.578431 0.000000
vt 0.588235 1.000000
vt 0.588235 0.000000
vt 0.598039 1.000000
vt 0.598039 0.000000
vt 0.607843 1.000000
vt 0.607843 0.000000
vt 0.617647 1.000000
vt 0.617647 0.000000
vt 0.627451 1.000000
vt 0.627451 0.000000
vt 0.637255 1.000000
vt 0.637255 0.000000
vt 0.647059 1.000000
vt 0.647059 0.000000
vt 0.656863 1.000000
vt 0.656863 0.000000
vt 0.666667 1.000000
vt 0.676471 1.000000
vt 0.676471 0.000000
vt 0.686275 1.000000
vt 0.686275 0.000000
vt 0.696078 1.000000
vt 0.696078 0.000000
vt 0.705882 1.000000
vt 0.705882 0.000000
vt 0.715686 1.000000
vt 0.715686 0.000000
vt 0.725490 1.000000
vt 0.725490 0.000000
vt 0.735294 1.000000
vt 0.735294 0.000000
vt 0.745098 1.000000
vt 0.745098 0.000000
vt 0.754902 1.000000
vt 0.754902 0.000000
vt 0.764706 1.000000
vt 0.764706 0.000000
vt 0.774510 1.000000
vt 0.774510 0.000000
vt 0.784314 1.000000
vt 0.784314 0.000000
vt 0.794118 1.000000
vt 0.794118 0.000000
vt 0.803922 1.000000
vt 0.803922 0.000000
vt 0.813725 1.000000
vt 0.813725 0.000000
vt 0.823529 1.000000
vt 0.823529 0.000000
vt 0.833333 1.000000
vt 0.833333 0.000000
vt 0.843137 1.000000
vt 0.843137 0.000000
vt 0.852941 1.000000
vt 0.852941 0.000000
vt 0.862745 1.000000
vt 0.862745 0.000000
vt 0.872549 1.000000
vt 0.872549 0.000000
vt 0.882353 1.000000
vt 0.882353 0.000000
vt 0.892157 1.000000
vt 0.892157 0.000000
vt 0.901961 1.000000
vt 0.901961 0.000000
vt 0.911765 1.000000
vt 0.911765 0.000000
vt 0.921569 1.000000
vt 0.921569 0.000000
vt 0.931373 1.000000
vt 0.931373 0.000000
vt 0.941176 1.000000
vt 0.941176 0.000000
vt 0.950980 1.000000
vt 0.950980 0.000000
vt 0.960784 1.000000
vt 0.960784 0.000000
vt 0.970588 1.000000
vt 0.970588 0.000000
vt 0.980392 1.000000
vt 0.980392 0.000000
vt 0.990196 1.000000
vt 0.990196 0.000000
vt 1.000000 1.000000
vt 0.125000 1.000000
vt 0.125000 0.000000
vt 0.250000 1.000000
vt 0.250000 0.000000
vt 0.375000 1.000000
vt 0.375000 0.000000
vt 0.625000 1.000000
vt 0.625000 0.000000
vt 0.750000 1.000000
vt 0.750000 0.000000
vt 0.875000 1.000000
vt 0.875000 0.000000
vt 0.066667 1.000000
vt 0.066667 0.000000
vt 0.133333 1.000000
vt 0.133333 0.000000
vt 0.200000 1.000000
vt 0.266667 1.000000
vt 0.266667 0.000000
vt 0.400000 1.000000
vt 0.466667 1.000000
vt 0.466667 0.000000
vt 0.533333 1.000000
vt 0.533333 0.000000
vt 0.600000 1.000000
vt 0.733333 1.000000
vt 0.733333 0.000000
vt 0.800000 1.000000
vt 0.866667 1.000000
vt 0.866667 0.000000
vt 0.933333 1.000000
vt 0.933333 0.000000
vt 0.083333 1.000000
vt 0.083333 0.000000
vt 0.416667 1.000000
vt 0.416667 0.000000
vt 0.583333 1.000000
vt 0.583333 0.000000
vt 0.916667 1.000000
vt 0.916667 0.000000
vt 0.010204 1.000000
vt 0.010204 0.000000
vt 0.020408 1.000000
vt 0.020408 0.000000
vt 0.030612 1.000000
vt 0.030612 0.000000
vt 0.040816 1.000000
vt 0.040816 0.000000
vt 0.051020 1.000000
vt 0.051020 0.000000
vt 0.061224 1.000000
vt 0.061224 0.000000
vt 0.071429 1.000000
vt 0.081633 1.000000
vt 0.081633 0.000000
vt 0.091837 1.000000
vt 0.091837 0.000000
vt 0.102041 1.000000
vt 0.102041 0.000000
vt 0.112245 1.000000
vt 0.112245 0.000000
vt 0.122449 1.000000
vt 0.122449 0.000000
vt 0.132653 1.000000
vt 0.132653 0.000000
vt 0.142857 1.000000
vt 0.153061 1.000000
vt 0.153061 0.000000
vt 0.163265 1.000000
vt 0.163265 0.000000
vt 0.173469 1.000000
vt 0.173469 0.000000
vt 0.183673 1.000000
vt 0.183673 0.000000
vt 0.193878 1.000000
vt 0.193878 0.000000
vt 0.204082 1.000000
vt 0.204082 0.000000
vt 0.214286 1.000000
vt 0.224490 1.000000
vt 0.224490 0.000000
vt 0.234694 1.000000
vt 0.234694 0.000000
vt 0.244898 1.000000
vt 0.244898 0.000000
vt 0.255102 1.000000
vt 0.255102 0.000000
vt 0.265306 1.000000
vt 0.265306 0.000000
vt 0.275510 1.000000
vt 0.275510 0.000000
vt 0.285714 1.000000
vt 0.295918 1.000000
vt 0.295918 0.000000
vt 0.306122 1.000000
vt 0.306122 0.000000
vt 0.316327 1.000000
vt 0.316327 0.000000
vt 0.326531 1.000000
vt 0.326531 0.000000
vt 0.336735 1.000000
vt 0.336735 0.000000
vt 0.346939 1.000000
vt 0.346939 0.000000
vt 0.357143 1.000000
vt 0.367347 1.000000
vt 0.367347 0.000000
vt 0.377551 1.000000
vt 0.377551 0.000000
vt 0.387755 1.000000
vt 0.387755 0.000000
vt 0.397959 1.000000
vt 0.397959 0.000000
vt 0.408163 1.000000
vt 0.408163 0.000000
vt 0.418367 1.000000
vt 0.418367 0.000000
vt 0.428571 1.000000
vt 0.438776 1.000000
vt 0.438776 0.000000
vt 0.448980 1.000000
vt 0.448980 0.000000
vt 0.459184 1.000000
vt 0.459184 0.000000
vt 0.469388 1.000000
vt 0.469388 0.000000
vt 0.479592 1.000000
vt 0.479592 0.000000
vt 0.489796 1.000000
vt 0.489796 0.000000
vt 0.510204 1.000000
vt 0.510204 0.000000
vt 0.520408 1.000000
vt 0.520408 0.000000
vt 0.530612 1.000000
vt 0.530612 0.000000
vt 0.540816 1.000000
vt 0.540816 0.000000
vt 0.551020 1.000000
vt 0.551020 0.000000
vt 0.561224 1.000000
vt 0.561224 0.000000
vt 0.571429 1.000000
vt 0.581633 1.000000
vt 0.581633 0.000000
vt 0.591837 1.000000
vt 0.591837 0.000000
vt 0.602041 1.000000
vt 0.602041 0.000000
vt 0.612245 1.000000
vt 0.612245 0.000000
vt 0.622449 1.000000
vt 0.622449 0.000000
vt 0.632653 1.000000
vt 0.632653 0.000000
vt 0.642857 1.000000
vt 0.653061 1.000000
vt 0.653061 0.000000
vt 0.663265 1.000000
vt 0.663265 0.000000
vt 0.673469 1.000000
vt 0.673469 0.000000
vt 0.683673 1.000000
vt 0.683673 0.000000
vt 0.693878 1.000000
vt 0.693878 0.000000
vt 0.704082 1.000000
vt 0.704082 0.000000
vt 0.714286 1.000000
vt 0.724490 1.000000
vt 0.724490 0.000000
vt 0.734694 1.000000
vt 0.734694 0.000000
vt 0.744898 1.000000
vt 0.744898 0.000000
vt 0.755102 1.000000
vt 0.755102 0.000000
vt 0.765306 1.000000
vt 0.765306 0.000000
vt 0.775510 1.000000
vt 0.775510 0.000000
vt 0.785714 1.000000
vt 0.795918 1.000000
vt 0.795918 0.000000
vt 0.806122 1.000000
vt 0.806122 0.000000
vt 0.816327 1.000000
vt 0.816327 0.000000
vt 0.826531 1.000000
vt 0.826531 0.000000
vt 0.836735 1.000000
vt 0.836735 0.000000
vt 0.846939 1.000000
vt 0.846939 0.000000
vt 0.857143 1.000000
vt 0.867347 1.000000
vt 0.867347 0.000000
vt 0.877551 1.000000
vt 0.877551 0.000000
vt 0.887755 1.000000
vt 0.887755 0.000000
vt 0.897959 1.000000
vt 0.897959 0.000000
vt 0.908163 1.000000
vt 0.908163 0.000000
vt 0.918367 1.000000
vt 0.918367 0.000000
vt 0.928571 1.000000
vt 0.938776 1.000000
vt 0.938776 0.000000
vt 0.948980 1.000000
vt 0.948980 0.000000
vt 0.959184 1.000000
vt 0.959184 0.000000
vt 0.969388 1.000000
vt 0.969388 0.000000
vt 0.979592 1.000000
vt 0.979592 0.000000
vt 0.989796 1.000000
vt 0.989796 0.000000
vt 0.014925 1.000000
vt 0.014925 0.000000
vt 0.029851 1.000000
vt 0.029851 0.000000
vt 0.044776 1.000000
vt 0.044776 0.000000
vt 0.059701 1.000000
vt 0.059701 0.000000
vt 0.074627 1.000000
vt 0.074627 0.000000
vt 0.089552 1.000000
vt 0.089552 0.000000
vt 0.104478 1.000000
vt 0.104478 0.000000
vt 0.119403 1.000000
vt 0.119403 0.000000
vt 0.134328 1.000000
vt 0.134328 0.000000
vt 0.149254 1.000000
vt 0.149254 0.000000
vt 0.164179 1.000000
vt 0.164179 0.000000
vt 0.179104 1.000000
vt 0.179104 0.000000
vt 0.194030 1.000000
vt 0.194030 0.000000
vt 0.208955 1.000000
vt 0.208955 0.000000
vt 0.223881 1.000000
vt 0.223881 0.000000
vt 0.238806 1.000000
vt 0.238806 0.000000
vt 0.253731 1.000000
vt 0.253731 0.000000
vt 0.268657 1.000000
vt 0.268657 0.000000
vt 0.283582 1.000000
vt 0.283582 0.000000
vt 0.298507 1.000000
vt 0.298507 0.000000
vt 0.313433 1.000000
vt 0.313433 0.000000
vt 0.328358 1.000000
vt 0.328358 0.000000
vt 0.343284 1.000000
vt 0.343284 0.000000
vt 0.358209 1.000000
vt 0.358209 0.000000
vt 0.373134 1.000000
vt 0.373134 0.000000
vt 0.388060 1.000000
vt 0.388060 0.000000
vt 0.402985 1.000000
vt 0.402985 0.000000
vt 0.417910 1.000000
vt 0.417910 0.000000
vt 0.432836 1.000000
vt 0.432836 0.000000
vt 0.447761 1.000000
vt 0.447761 0.000000
vt 0.462687 1.000000
vt 0.462687 0.000000
vt 0.477612 1.000000
vt 0.477612 0.000000
vt 0.492537 1.000000
vt 0.492537 0.000000
vt 0.507463 1.000000
vt 0.507463 0.000000
vt 0.522388 1.000000
vt 0.522388 0.000000
vt 0.537313 1.000000
vt 0.537313 0.000000
vt 0.552239 1.000000
vt 0.552239 0.000000
vt 0.567164 1.000000
vt 0.567164 0.000000
vt 0.582090 1.000000
vt 0.582090 0.000000
vt 0.597015 1.000000
vt 0.597015 0.000000
vt 0.611940 1.000000
vt 0.611940 0.000000
vt 0.626866 1.000000
vt 0.626866 0.000000
vt 0.641791 1.000000
vt 0.641791 0.000000
vt 0.656716 1.000000
vt 0.656716 0.000000
vt 0.671642 1.000000
vt 0.671642 0.000000
vt 0.686567 1.000000
vt 0.686567 0.000000
vt 0.701493 1.000000
vt 0.701493 0.000000
vt 0.716418 1.000000
vt 0.716418 0.000000
vt 0.731343 1.000000
vt 0.731343 0.000000
vt 0.746269 1.000000
vt 0.746269 0.000000
vt 0.761194 1.000000
vt 0.761194 0.000000
vt 0.776119 1.000000
vt 0.776119 0.000000
vt 0.791045 1.000000
vt 0.791045 0.000000
vt 0.805970 1.000000
vt 0.805970 0.000000
vt 0.820895 1.000000
vt 0.820895 0.000000
vt 0.835821 1.000000
vt 0.835821 0.000000
vt 0.850746 1.000000
vt 0.850746 0.000000
vt 0.865672 1.000000
vt 0.865672 0.000000
vt 0.880597 1.000000
vt 0.880597 0.000000
vt 0.895522 1.000000
vt 0.895522 0.000000
vt 0.910448 1.000000
vt 0.910448 0.000000
vt 0.925373 1.000000
vt 0.925373 0.000000
vt 0.940298 1.000000
vt 0.940298 0.000000
vt 0.955224 1.000000
vt 0.955224 0.000000
vt 0.970149 1.000000
vt 0.970149 0.000000
vt 0.985075 1.000000
vt 0.985075 0.000000
vt 0.037037 1.000000
vt 0.037037 0.000000
vt 0.074074 1.000000
vt 0.074074 0.000000
vt 0.111111 1.000000
vt 0.111111 0.000000
vt 0.148148 1.000000
vt 0.148148 0.000000
vt 0.185185 1.000000
vt 0.185185 0.000000
vt 0.222222 1.000000
vt 0.222222 0.000000
vt 0.259259 1.000000
vt 0.259259 0.000000
vt 0.296296 1.000000
vt 0.296296 0.000000
vt 0.370370 1.000000
vt 0.370370 0.000000
vt 0.407407 1.000000
vt 0.407407 0.000000
vt 0.444444 1.000000
vt 0.444444 0.000000
vt 0.481481 1.000000
vt 0.481481 0.000000
vt 0.518519 1.000000
vt 0.518519 0.000000
vt 0.555556 1.000000
vt 0.555556 0.000000
vt 0.592593 1.000000
vt 0.592593 0.000000
vt 0.629630 1.000000
vt 0.629630 0.000000
vt 0.703704 1.000000
vt 0.703704 0.000000
vt 0.740741 1.000000
vt 0.740741 0.000000
vt 0.777778 1.000000
vt 0.777778 0.000000
vt 0.814815 1.000000
vt 0.814815 0.000000
vt 0.851852 1.000000
vt 0.851852 0.000000
vt 0.888889 1.000000
vt 0.888889 0.000000
vt 0.925926 1.000000
vt 0.925926 0.000000
vt 0.962963 1.000000
vt 0.962963 0.000000
s 0
f 65/1/1 93/2/1 66/3/1
f 93/2/1 67/4/1 66/3/1
f 93/2/1 1/5/1 67/4/1
f 93/2/1 2/6/1 1/5/1
f 93/2/1 3/7/1 2/6/1
f 93/2/1 4/8/1 3/7/1
f 93/2/1 5/9/1 4/8/1
f 93/2/1 6/10/1 5/9/1
f 93/2/1 7/11/1 6/10/1
f 93/2/1 92/12/1 7/11/1
f 92/12/1 8/13/1 7/11/1
f 65/1/1 94/14/1 93/2/1
f 91/15/1 8/13/1 92/12/1
f 90/16/1 8/13/1 91/15/1
f 89/17/1 8/13/1 90/16/1
f 89/17/1 9/18/1 8/13/1
f 88/19/1 9/18/1 89/17/1
f 87/20/1 9/18/1 88/19/1
f 86/21/1 9/18/1 87/20/1
f 86/21/1 10/22/1 9/18/1
f 85/23/1 10/22/1 86/21/1
f 84/24/1 10/22/1 85/23/1
f 83/25/1 10/22/1 84/24/1
f 83/25/1 11/26/1 10/22/1
f 82/27/1 11/26/1 83/25/1
f 81/28/1 11/26/1 82/27/1
f 81/28/1 12/29/1 11/26/1
f 80/30/1 12/29/1 81/28/1
f 79/31/1 12/29/1 80/30/1
f 79/31/1 13/32/1 12/29/1
f 78/33/1 13/32/1 79/31/1
f 78/33/1 14/34/1 13/32/1
f 77/35/1 14/34/1 78/33/1
f 76/36/1 14/34/1 77/35/1
f 76/36/1 15/37/1 14/34/1
f 75/38/1 15/37/1 76/36/1
f 75/38/1 16/39/1 15/37/1
f 74/40/1 16/39/1 75/38/1
f 74/40/1 17/41/1 16/39/1
f 73/42/1 17/41/1 74/40/1
f 72/43/1 17/41/1 73/42/1
f 72/43/1 18/44/1 17/41/1
f 71/45/1 18/44/1 72/43/1
f 70/46/1 18/44/1 71/45/1
f 70/46/1 19/47/1 18/44/1
f 69/48/1 19/47/1 70/46/1
f 68/49/1 19/47/1 69/48/1
f 65/1/1 63/50/1 94/14/1
f 63/50/1 68/49/1 94/14/1
f 63/50/1 19/47/1 68/49/1
f 63/50/1 20/51/1 19/47/1
f 63/50/1 21/52/1 20/51/1
f 63/50/1 22/53/1 21/52/1
f 63/50/1 23/54/1 22/53/1
f 63/50/1 24/55/1 23/54/1
f 63/50/1 25/56/1 24/55/1
f 63/50/1 26/57/1 25/56/1
f 63/50/1 62/58/1 26/57/1
f 62/58/1 61/59/1 26/57/1
f 61/59/1 27/60/1 26/57/1
f 65/1/1 64/61/1 63/50/1
f 60/62/1 27/60/1 61/59/1
f 59/63/1 27/60/1 60/62/1
f 58/64/1 27/60/1 59/63/1
f 58/64/1 28/65/1 27/60/1
f 57/66/1 28/65/1 58/64/1
f 56/67/1 28/65/1 57/66/1
f 56/67/1 29/68/1 28/65/1
f 55/69/1 29/68/1 56/67/1
f 55/69/1 30/70/1 29/68/1
f 54/71/1 30/70/1 55/69/1
f 54/71/1 31/72/1 30/70/1
f 53/73/1 31/72/1 54/71/1
f 53/73/1 32/74/1 31/72/1
f 52/75/1 32/74/1 53/73/1
f 52/75/1 33/76/1 32/74/1
f 51/77/1 33/76/1 52/75/1
f 51/77/1 34/78/1 33/76/1
f 51/77/1 35/79/1 34/78/1
f 50/80/1 35/79/1 51/77/1
f 50/80/1 36/81/1 35/79/1
f 49/82/1 36/81/1 50/80/1
f 49/82/1 37/83/1 36/81/1
f 49/82/1 38/84/1 37/83/1
f 49/82/1 39/85/1 38/84/1
f 49/82/1 40/86/1 39/85/1
f 49/82/1 41/87/1 40/86/1
f 49/82/1 42/88/1 41/87/1
f 49/82/1 43/89/1 42/88/1
f 49/82/1 44/90/1 43/89/1
f 49/82/1 45/91/1 44/90/1
f 49/82/1 46/92/1 45/91/1
f 49/82/1 47/93/1 46/92/1
f 49/82/1 48/94/1 47/93/1
f 99/95/1 101/96/1 100/97/1
f 99/95/1 104/98/1 101/96/1
f 104/98/1 102/99/1 101/96/1
f 99/95/1 105/14/1 104/98/1
f 103/100/1 102/99/1 104/98/1
f 99/95/1 97/101/1 105/14/1
f 97/101/1 103/100/1 105/14/1
f 97/101/1 96/102/1 103/100/1
f 96/102/1 102/99/1 103/100/1
f 99/95/1 98/103/1 97/101/1
f 95/5/1 102/99/1 96/102/1
f 114/104/1 106/5/1 115/105/1
f 106/5/1 116/106/1 115/105/1
f 106/5/1 117/14/1 116/106/1
f 114/104/1 107/107/1 106/5/1
f 114/104/1 110/108/1 107/107/1
f 110/108/1 108/109/1 107/107/1
f 110/108/1 109/110/1 108/109/1
f 114/104/1 111/111/1 110/108/1
f 114/104/1 112/112/1 111/111/1
f 114/104/1 113/113/1 112/112/1
f 120/95/1 122/100/1 121/96/1
f 120/95/1 123/14/1 122/100/1
f 120/95/1 118/5/1 123/14/1
f 120/95/1 119/101/1 118/5/1
f 207/114/1 209/115/1 208/116/1
f 207/114/1 210/117/1 209/115/1
f 207/114/1 211/118/1 210/117/1
f 206/119/1 211/118/1 207/114/1
f 206/119/1 212/120/1 211/118/1
f 206/119/1 213/121/1 212/120/1
f 206/119/1 214/122/1 213/121/1
f 205/123/1 214/122/1 206/119/1
f 205/123/1 215/124/1 214/122/1
f 205/123/1 216/125/1 215/124/1
f 205/123/1 217/126/1 216/125/1
f 204/127/1 217/126/1 205/123/1
f 204/127/1 218/128/1 217/126/1
f 204/127/1 219/129/1 218/128/1
f 204/127/1 220/130/1 219/129/1
f 203/131/1 220/130/1 204/127/1
f 203/131/1 133/132/1 220/130/1
f 133/132/1 132/133/1 220/130/1
f 132/133/1 131/134/1 220/130/1
f 131/134/1 130/135/1 220/130/1
f 130/135/1 129/136/1 220/130/1
f 129/136/1 128/137/1 220/130/1
f 128/137/1 127/138/1 220/130/1
f 127/138/1 126/139/1 220/130/1
f 126/139/1 125/140/1 220/130/1
f 125/140/1 124/5/1 220/130/1
f 124/5/1 221/14/1 220/130/1
f 202/141/1 135/142/1 203/131/1
f 135/142/1 134/143/1 203/131/1
f 134/143/1 133/132/1 203/131/1
f 202/141/1 136/144/1 135/142/1
f 202/141/1 137/145/1 136/144/1
f 202/141/1 138/146/1 137/145/1
f 201/147/1 138/146/1 202/141/1
f 201/147/1 139/148/1 138/146/1
f 201/147/1 140/149/1 139/148/1
f 200/150/1 140/149/1 201/147/1
f 200/150/1 141/151/1 140/149/1
f 200/150/1 142/152/1 141/151/1
f 199/153/1 142/152/1 200/150/1
f 199/153/1 143/154/1 142/152/1
f 198/155/1 143/154/1 199/153/1
f 198/155/1 144/156/1 143/154/1
f 198/155/1 145/157/1 144/156/1
f 197/158/1 145/157/1 198/155/1
f 197/158/1 146/159/1 145/157/1
f 196/160/1 146/159/1 197/158/1
f 196/160/1 147/161/1 146/159/1
f 196/160/1 148/162/1 147/161/1
f 195/163/1 148/162/1 196/160/1
f 195/163/1 149/164/1 148/162/1
f 194/165/1 149/164/1 195/163/1
f 194/165/1 150/166/1 149/164/1
f 193/167/1 150/166/1 194/165/1
f 193/167/1 151/168/1 150/166/1
f 192/169/1 151/168/1 193/167/1
f 192/169/1 152/170/1 151/168/1
f 191/171/1 152/170/1 192/169/1
f 191/171/1 153/172/1 152/170/1
f 170/173/1 172/174/1 171/175/1
f 191/171/1 154/176/1 153/172/1
f 169/177/1 172/174/1 170/173/1
f 190/178/1 154/176/1 191/171/1
f 168/179/1 172/174/1 169/177/1
f 190/178/1 155/180/1 154/176/1
f 167/181/1 172/174/1 168/179/1
f 166/182/1 172/174/1 167/181/1
f 190/178/1 156/183/1 155/180/1
f 165/184/1 172/174/1 166/182/1
f 189/185/1 156/183/1 190/178/1
f 164/186/1 172/174/1 165/184/1
f 189/185/1 157/187/1 156/183/1
f 163/188/1 172/174/1 164/186/1
f 162/189/1 172/174/1 163/188/1
f 189/185/1 158/190/1 157/187/1
f 161/191/1 172/174/1 162/189/1
f 160/192/1 172/174/1 161/191/1
f 189/185/1 159/193/1 158/190/1
f 159/193/1 172/174/1 160/192/1
f 189/185/1 172/174/1 159/193/1
f 188/194/1 172/174/1 189/185/1
f 188/194/1 173/195/1 172/174/1
f 187/196/1 173/195/1 188/194/1
f 187/196/1 174/197/1 173/195/1
f 187/196/1 175/198/1 174/197/1
f 187/196/1 176/199/1 175/198/1
f 186/200/1 176/199/1 187/196/1
f 186/200/1 177/201/1 176/199/1
f 186/200/1 178/202/1 177/201/1
f 186/200/1 179/203/1 178/202/1
f 185/204/1 179/203/1 186/200/1
f 185/204/1 180/205/1 179/203/1
f 185/204/1 181/206/1 180/205/1
f 185/204/1 182/207/1 181/206/1
f 184/208/1 182/207/1 185/204/1
f 184/208/1 183/209/1 182/207/1
f 230/104/1 222/5/1 231/105/1
f 222/5/1 232/106/1 231/105/1
f 222/5/1 233/14/1 232/106/1
f 230/104/1 223/107/1 222/5/1
f 230/104/1 226/108/1 223/107/1
f 226/108/1 224/109/1 223/107/1
f 226/108/1 225/110/1 224/109/1
f 230/104/1 227/111/1 226/108/1
f 230/104/1 228/112/1 227/111/1
f 230/104/1 229/113/1 228/112/1
f 242/210/1 244/211/1 243/212/1
f 242/210/1 240/213/1 244/211/1
f 240/213/1 239/214/1 244/211/1
f 239/214/1 245/215/1 244/211/1
f 245/215/1 247/216/1 246/217/1
f 245/215/1 236/218/1 247/216/1
f 236/218/1 235/219/1 247/216/1
f 235/219/1 248/14/1 247/216/1
f 242/210/1 241/97/1 240/213/1
f 238/220/1 245/215/1 239/214/1
f 245/215/1 237/221/1 236/218/1
f 234/5/1 248/14/1 235/219/1
f 238/220/1 237/221/1 245/215/1
f 253/95/1 255/96/1 254/97/1
f 253/95/1 258/98/1 255/96/1
f 258/98/1 256/99/1 255/96/1
f 253/95/1 259/14/1 258/98/1
f 257/100/1 256/99/1 258/98/1
f 253/95/1 251/101/1 259/14/1
f 251/101/1 257/100/1 259/14/1
f 251/101/1 250/102/1 257/100/1
f 250/102/1 256/99/1 257/100/1
f 253/95/1 252/103/1 251/101/1
f 249/5/1 256/99/1 250/102/1
f 294/222/1 296/223/1 295/224/1
f 294/222/1 297/225/1 296/223/1
f 294/222/1 298/226/1 297/225/1
f 294/222/1 299/227/1 298/226/1
f 293/228/1 299/227/1 294/222/1
f 293/228/1 300/229/1 299/227/1
f 293/228/1 301/230/1 300/229/1
f 293/228/1 302/231/1 301/230/1
f 292/232/1 302/231/1 293/228/1
f 292/232/1 303/233/1 302/231/1
f 292/232/1 304/234/1 303/233/1
f 291/235/1 304/234/1 292/232/1
f 291/235/1 305/236/1 304/234/1
f 291/235/1 306/237/1 305/236/1
f 290/238/1 306/237/1 291/235/1
f 290/238/1 307/239/1 306/237/1
f 290/238/1 318/240/1 307/239/1
f 318/240/1 317/241/1 307/239/1
f 317/241/1 316/242/1 307/239/1
f 316/242/1 315/243/1 307/239/1
f 315/243/1 314/244/1 307/239/1
f 314/244/1 313/245/1 307/239/1
f 313/245/1 312/246/1 307/239/1
f 312/246/1 311/247/1 307/239/1
f 311/247/1 310/248/1 307/239/1
f 310/248/1 309/249/1 307/239/1
f 309/249/1 308/250/1 307/239/1
f 289/251/1 320/252/1 290/238/1
f 320/252/1 319/253/1 290/238/1
f 319/253/1 318/240/1 290/238/1
f 289/251/1 321/254/1 320/252/1
f 289/251/1 322/255/1 321/254/1
f 289/251/1 323/256/1 322/255/1
f 288/257/1 323/256/1 289/251/1
f 288/257/1 324/258/1 323/256/1
f 288/257/1 325/259/1 324/258/1
f 287/260/1 325/259/1 288/257/1
f 287/260/1 326/261/1 325/259/1
f 287/260/1 327/262/1 326/261/1
f 286/263/1 327/262/1 287/260/1
f 286/263/1 328/264/1 327/262/1
f 285/265/1 328/264/1 286/263/1
f 285/265/1 329/266/1 328/264/1
f 285/265/1 330/267/1 329/266/1
f 284/268/1 330/267/1 285/265/1
f 284/268/1 331/269/1 330/267/1
f 283/270/1 331/269/1 284/268/1
f 283/270/1 332/271/1 331/269/1
f 283/270/1 333/272/1 332/271/1
f 282/273/1 333/272/1 283/270/1
f 358/274/1 360/275/1 359/276/1
f 358/274/1 357/277/1 360/275/1
f 357/277/1 361/14/1 360/275/1
f 282/273/1 334/278/1 333/272/1
f 281/279/1 334/278/1 282/273/1
f 281/279/1 335/280/1 334/278/1
f 356/281/1 361/14/1 357/277/1
f 280/282/1 335/280/1 281/279/1
f 280/282/1 336/283/1 335/280/1
f 280/282/1 337/284/1 336/283/1
f 279/285/1 337/284/1 280/282/1
f 279/285/1 338/286/1 337/284/1
f 278/287/1 338/286/1 279/285/1
f 278/287/1 339/288/1 338/286/1
f 278/287/1 340/289/1 339/288/1
f 277/290/1 340/289/1 278/287/1
f 277/290/1 341/291/1 340/289/1
f 355/292/1 361/14/1 356/281/1
f 354/293/1 361/14/1 355/292/1
f 353/294/1 361/14/1 354/293/1
f 277/290/1 342/295/1 341/291/1
f 352/296/1 361/14/1 353/294/1
f 351/297/1 361/14/1 352/296/1
f 350/298/1 361/14/1 351/297/1
f 277/290/1 343/299/1 342/295/1
f 276/300/1 343/299/1 277/290/1
f 349/301/1 361/14/1 350/298/1
f 348/302/1 361/14/1 349/301/1
f 347/303/1 361/14/1 348/302/1
f 276/300/1 344/304/1 343/299/1
f 346/305/1 361/14/1 347/303/1
f 345/306/1 361/14/1 346/305/1
f 344/304/1 361/14/1 345/306/1
f 276/300/1 361/14/1 344/304/1
f 275/307/1 361/14/1 276/300/1
f 275/307/1 260/5/1 361/14/1
f 275/307/1 261/308/1 260/5/1
f 274/309/1 261/308/1 275/307/1
f 274/309/1 262/310/1 261/308/1
f 274/309/1 263/311/1 262/310/1
f 273/312/1 263/311/1 274/309/1
f 273/312/1 264/313/1 263/311/1
f 273/312/1 265/314/1 264/313/1
f 273/312/1 266/315/1 265/314/1
f 272/316/1 266/315/1 273/312/1
f 272/316/1 267/317/1 266/315/1
f 272/316/1 268/318/1 267/317/1
f 272/316/1 269/319/1 268/318/1
f 271/320/1 269/319/1 272/316/1
f 271/320/1 270/321/1 269/319/1
f 426/1/2 427/3/2 454/2/2
f 454/2/2 427/3/2 428/4/2
f 454/2/2 428/4/2 362/5/2
f 454/2/2 362/5/2 363/6/2
f 454/2/2 363/6/2 364/7/2
f 454/2/2 364/7/2 365/8/2
f 454/2/2 365/8/2 366/9/2
f 454/2/2 366/9/2 367/10/2
f 454/2/2 367/10/2 368/11/2
f 454/2/2 368/11/2 453/12/2
f 453/12/2 368/11/2 369/13/2
f 426/1/2 454/2/2 455/14/2
f 452/15/2 453/12/2 369/13/2
f 451/16/2 452/15/2 369/13/2
f 450/17/2 451/16/2 369/13/2
f 450/17/2 369/13/2 370/18/2
f 449/19/2 450/17/2 370/18/2
f 448/20/2 449/19/2 370/18/2
f 447/21/2 448/20/2 370/18/2
f 447/21/2 370/18/2 371/22/2
f 446/23/2 447/21/2 371/22/2
f 445/24/2 446/23/2 371/22/2
f 444/25/2 445/24/2 371/22/2
f 444/25/2 371/22/2 372/26/2
f 443/27/2 444/25/2 372/26/2
f 442/28/2 443/27/2 372/26/2
f 442/28/2 372/26/2 373/29/2
f 441/30/2 442/28/2 373/29/2
f 440/31/2 441/30/2 373/29/2
f 440/31/2 373/29/2 374/32/2
f 439/33/2 440/31/2 374/32/2
f 439/33/2 374/32/2 375/34/2
f 438/35/2 439/33/2 375/34/2
f 437/36/2 438/35/2 375/34/2
f 437/36/2 375/34/2 376/37/2
f 436/38/2 437/36/2 376/37/2
f 436/38/2 376/37/2 377/39/2
f 435/40/2 436/38/2 377/39/2
f 435/40/2 377/39/2 378/41/2
f 434/42/2 435/40/2 378/41/2
f 433/43/2 434/42/2 378/41/2
f 433/43/2 378/41/2 379/44/2
f 432/45/2 433/43/2 379/44/2
f 431/46/2 432/45/2 379/44/2
f 431/46/2 379/44/2 380/47/2
f 430/48/2 431/46/2 380/47/2
f 429/49/2 430/48/2 380/47/2
f 426/1/2 455/14/2 424/50/2
f 424/50/2 455/14/2 429/49/2
f 424/50/2 429/49/2 380/47/2
f 424/50/2 380/47/2 381/51/2
f 424/50/2 381/51/2 382/52/2
f 424/50/2 382/52/2 383/53/2
f 424/50/2 383/53/2 384/54/2
f 424/50/2 384/54/2 385/55/2
f 424/50/2 385/55/2 386/56/2
f 424/50/2 386/56/2 387/57/2
f 424/50/2 387/57/2 423/58/2
f 423/58/2 387/57/2 422/59/2
f 422/59/2 387/57/2 388/60/2
f 426/1/2 424/50/2 425/61/2
f 421/62/2 422/59/2 388/60/2
f 420/63/2 421/62/2 388/60/2
f 419/64/2 420/63/2 388/60/2
f 419/64/2 388/60/2 389/65/2
f 418/66/2 419/64/2 389/65/2
f 417/67/2 418/66/2 389/65/2
f 417/67/2 389/65/2 390/68/2
f 416/69/2 417/67/2 390/68/2
f 416/69/2 390/68/2 391/70/2
f 415/71/2 416/69/2 391/70/2
f 415/71/2 391/70/2 392/72/2
f 414/73/2 415/71/2 392/72/2
f 414/73/2 392/72/2 393/74/2
f 413/75/2 414/73/2 393/74/2
f 413/75/2 393/74/2 394/76/2
f 412/77/2 413/75/2 394/76/2
f 412/77/2 394/76/2 395/78/2
f 412/77/2 395/78/2 396/79/2
f 411/80/2 412/77/2 396/79/2
f 411/80/2 396/79/2 397/81/2
f 410/82/2 411/80/2 397/81/2
f 410/82/2 397/81/2 398/83/2
f 410/82/2 398/83/2 399/84/2
f 410/82/2 399/84/2 400/85/2
f 410/82/2 400/85/2 401/86/2
f 410/82/2 401/86/2 402/87/2
f 410/82/2 402/87/2 403/88/2
f 410/82/2 403/88/2 404/89/2
f 410/82/2 404/89/2 405/90/2
f 410/82/2 405/90/2 406/91/2
f 410/82/2 406/91/2 407/92/2
f 410/82/2 407/92/2 408/93/2
f 410/82/2 408/93/2 409/94/2
f 460/95/2 461/97/2 462/96/2
f 460/95/2 462/96/2 465/98/2
f 465/98/2 462/96/2 463/99/2
f 460/95/2 465/98/2 466/14/2
f 464/100/2 465/98/2 463/99/2
f 460/95/2 466/14/2 458/101/2
f 458/101/2 466/14/2 464/100/2
f 458/101/2 464/100/2 457/102/2
f 457/102/2 464/100/2 463/99/2
f 460/95/2 458/101/2 459/103/2
f 456/5/2 457/102/2 463/99/2
f 475/104/2 476/105/2 467/5/2
f 467/5/2 476/105/2 477/106/2
f 467/5/2 477/106/2 478/14/2
f 475/104/2 467/5/2 468/107/2
f 475/104/2 468/107/2 471/108/2
f 471/108/2 468/107/2 469/109/2
f 471/108/2 469/109/2 470/110/2
f 475/104/2 471/108/2 472/111/2
f 475/104/2 472/111/2 473/112/2
f 475/104/2 473/112/2 474/113/2
f 481/95/2 482/96/2 483/100/2
f 481/95/2 483/100/2 484/14/2
f 481/95/2 484/14/2 479/5/2
f 481/95/2 479/5/2 480/101/2
f 568/114/2 569/116/2 570/115/2
f 568/114/2 570/115/2 571/117/2
f 568/114/2 571/117/2 572/118/2
f 567/119/2 568/114/2 572/118/2
f 567/119/2 572/118/2 573/120/2
f 567/119/2 573/120/2 574/121/2
f 567/119/2 574/121/2 575/122/2
f 566/123/2 567/119/2 575/122/2
f 566/123/2 575/122/2 576/124/2
f 566/123/2 576/124/2 577/125/2
f 566/123/2 577/125/2 578/126/2
f 565/127/2 566/123/2 578/126/2
f 565/127/2 578/126/2 579/128/2
f 565/127/2 579/128/2 580/129/2
f 565/127/2 580/129/2 581/130/2
f 564/131/2 565/127/2 581/130/2
f 564/131/2 581/130/2 494/132/2
f 494/132/2 581/130/2 493/133/2
f 493/133/2 581/130/2 492/134/2
f 492/134/2 581/130/2 491/135/2
f 491/135/2 581/130/2 490/136/2
f 490/136/2 581/130/2 489/137/2
f 489/137/2 581/130/2 488/138/2
f 488/138/2 581/130/2 487/139/2
f 487/139/2 581/130/2 486/140/2
f 486/140/2 581/130/2 485/5/2
f 485/5/2 581/130/2 582/14/2
f 563/141/2 564/131/2 496/142/2
f 496/142/2 564/131/2 495/143/2
f 495/143/2 564/131/2 494/132/2
f 563/141/2 496/142/2 497/144/2
f 563/141/2 497/144/2 498/145/2
f 563/141/2 498/145/2 499/146/2
f 562/147/2 563/141/2 499/146/2
f 562/147/2 499/146/2 500/148/2
f 562/147/2 500/148/2 501/149/2
f 561/150/2 562/147/2 501/149/2
f 561/150/2 501/149/2 502/151/2
f 561/150/2 502/151/2 503/152/2
f 560/153/2 561/150/2 503/152/2
f 560/153/2 503/152/2 504/154/2
f 559/155/2 560/153/2 504/154/2
f 559/155/2 504/154/2 505/156/2
f 559/155/2 505/156/2 506/157/2
f 558/158/2 559/155/2 506/157/2
f 558/158/2 506/157/2 507/159/2
f 557/160/2 558/158/2 507/159/2
f 557/160/2 507/159/2 508/161/2
f 557/160/2 508/161/2 509/162/2
f 556/163/2 557/160/2 509/162/2
f 556/163/2 509/162/2 510/164/2
f 555/165/2 556/163/2 510/164/2
f 555/165/2 510/164/2 511/166/2
f 554/167/2 555/165/2 511/166/2
f 554/167/2 511/166/2 512/168/2
f 553/169/2 554/167/2 512/168/2
f 553/169/2 512/168/2 513/170/2
f 552/171/2 553/169/2 513/170/2
f 552/171/2 513/170/2 514/172/2
f 531/173/2 532/175/2 533/174/2
f 552/171/2 514/172/2 515/176/2
f 530/177/2 531/173/2 533/174/2
f 551/178/2 552/171/2 515/176/2
f 529/179/2 530/177/2 533/174/2
f 551/178/2 515/176/2 516/180/2
f 528/181/2 529/179/2 533/174/2
f 527/182/2 528/181/2 533/174/2
f 551/178/2 516/180/2 517/183/2
f 526/184/2 527/182/2 533/174/2
f 550/185/2 551/178/2 517/183/2
f 525/186/2 526/184/2 533/174/2
f 550/185/2 517/183/2 518/187/2
f 524/188/2 525/186/2 533/174/2
f 523/189/2 524/188/2 533/174/2
f 550/185/2 518/187/2 519/190/2
f 522/191/2 523/189/2 533/174/2
f 521/192/2 522/191/2 533/174/2
f 550/185/2 519/190/2 520/193/2
f 520/193/2 521/192/2 533/174/2
f 550/185/2 520/193/2 533/174/2
f 549/194/2 550/185/2 533/174/2
f 549/194/2 533/174/2 534/195/2
f 548/196/2 549/194/2 534/195/2
f 548/196/2 534/195/2 535/197/2
f 548/196/2 535/197/2 536/198/2
f 548/196/2 536/198/2 537/199/2
f 547/200/2 548/196/2 537/199/2
f 547/200/2 537/199/2 538/201/2
f 547/200/2 538/201/2 539/202/2
f 547/200/2 539/202/2 540/203/2
f 546/204/2 547/200/2 540/203/2
f 546/204/2 540/203/2 541/205/2
f 546/204/2 541/205/2 542/206/2
f 546/204/2 542/206/2 543/207/2
f 545/208/2 546/204/2 543/207/2
f 545/208/2 543/207/2 544/209/2
f 591/104/2 592/105/2 583/5/2
f 583/5/2 592/105/2 593/106/2
f 583/5/2 593/106/2 594/14/2
f 591/104/2 583/5/2 584/107/2
f 591/104/2 584/107/2 587/108/2
f 587/108/2 584/107/2 585/109/2
f 587/108/2 585/109/2 586/110/2
f 591/104/2 587/108/2 588/111/2
f 591/104/2 588/111/2 589/112/2
f 591/104/2 589/112/2 590/113/2
f 603/210/2 604/212/2 605/211/2
f 603/210/2 605/211/2 601/213/2
f 601/213/2 605/211/2 600/214/2
f 600/214/2 605/211/2 606/215/2
f 606/215/2 607/217/2 608/216/2
f 606/215/2 608/216/2 597/218/2
f 597/218/2 608/216/2 596/219/2
f 596/219/2 608/216/2 609/14/2
f 603/210/2 601/213/2 602/97/2
f 599/220/2 600/214/2 606/215/2
f 606/215/2 597/218/2 598/221/2
f 595/5/2 596/219/2 609/14/2
f 599/220/2 606/215/2 598/221/2
f 614/95/2 615/97/2 616/96/2
f 614/95/2 616/96/2 619/98/2
f 619/98/2 616/96/2 617/99/2
f 614/95/2 619/98/2 620/14/2
f 618/100/2 619/98/2 617/99/2
f 614/95/2 620/14/2 612/101/2
f 612/101/2 620/14/2 618/100/2
f 612/101/2 618/100/2 611/102/2
f 611/102/2 618/100/2 617/99/2
f 614/95/2 612/101/2 613/103/2
f 610/5/2 611/102/2 617/99/2
f 655/222/2 656/224/2 657/223/2
f 655/222/2 657/223/2 658/225/2
f 655/222/2 658/225/2 659/226/2
f 655/222/2 659/226/2 660/227/2
f 654/228/2 655/222/2 660/227/2
f 654/228/2 660/227/2 661/229/2
f 654/228/2 661/229/2 662/230/2
f 654/228/2 662/230/2 663/231/2
f 653/232/2 654/228/2 663/231/2
f 653/232/2 663/231/2 664/233/2
f 653/232/2 664/233/2 665/234/2
f 652/235/2 653/232/2 665/234/2
f 652/235/2 665/234/2 666/236/2
f 652/235/2 666/236/2 667/237/2
f 651/238/2 652/235/2 667/237/2
f 651/238/2 667/237/2 668/239/2
f 651/238/2 668/239/2 679/240/2
f 679/240/2 668/239/2 678/241/2
f 678/241/2 668/239/2 677/242/2
f 677/242/2 668/239/2 676/243/2
f 676/243/2 668/239/2 675/244/2
f 675/244/2 668/239/2 674/245/2
f 674/245/2 668/239/2 673/246/2
f 673/246/2 668/239/2 672/247/2
f 672/247/2 668/239/2 671/248/2
f 671/248/2 668/239/2 670/249/2
f 670/249/2 668/239/2 669/250/2
f 650/251/2 651/238/2 681/252/2
f 681/252/2 651/238/2 680/253/2
f 680/253/2 651/238/2 679/240/2
f 650/251/2 681/252/2 682/254/2
f 650/251/2 682/254/2 683/255/2
f 650/251/2 683/255/2 684/256/2
f 649/257/2 650/251/2 684/256/2
f 649/257/2 684/256/2 685/258/2
f 649/257/2 685/258/2 686/259/2
f 648/260/2 649/257/2 686/259/2
f 648/260/2 686/259/2 687/261/2
f 648/260/2 687/261/2 688/262/2
f 647/263/2 648/260/2 688/262/2
f 647/263/2 688/262/2 689/264/2
f 646/265/2 647/263/2 689/264/2
f 646/265/2 689/264/2 690/266/2
f 646/265/2 690/266/2 691/267/2
f 645/268/2 646/265/2 691/267/2
f 645/268/2 691/267/2 692/269/2
f 644/270/2 645/268/2 692/269/2
f 644/270/2 692/269/2 693/271/2
f 644/270/2 693/271/2 694/272/2
f 643/273/2 644/270/2 694/272/2
f 719/274/2 720/276/2 721/275/2
f 719/274/2 721/275/2 718/277/2
f 718/277/2 721/275/2 722/14/2
f 643/273/2 694/272/2 695/278/2
f 642/279/2 643/273/2 695/278/2
f 642/279/2 695/278/2 696/280/2
f 717/281/2 718/277/2 722/14/2
f 641/282/2 642/279/2 696/280/2
f 641/282/2 696/280/2 697/283/2
f 641/282/2 697/283/2 698/284/2
f 640/285/2 641/282/2 698/284/2
f 640/285/2 698/284/2 699/286/2
f 639/287/2 640/285/2 699/286/2
f 639/287/2 699/286/2 700/288/2
f 639/287/2 700/288/2 701/289/2
f 638/290/2 639/287/2 701/289/2
f 638/290/2 701/289/2 702/291/2
f 716/292/2 717/281/2 722/14/2
f 715/293/2 716/292/2 722/14/2
f 714/294/2 715/293/2 722/14/2
f 638/290/2 702/291/2 703/295/2
f 713/296/2 714/294/2 722/14/2
f 712/297/2 713/296/2 722/14/2
f 711/298/2 712/297/2 722/14/2
f 638/290/2 703/295/2 704/299/2
f 637/300/2 638/290/2 704/299/2
f 710/301/2 711/298/2 722/14/2
f 709/302/2 710/301/2 722/14/2
f 708/303/2 709/302/2 722/14/2
f 637/300/2 704/299/2 705/304/2
f 707/305/2 708/303/2 722/14/2
f 706/306/2 707/305/2 722/14/2
f 705/304/2 706/306/2 722/14/2
f 637/300/2 705/304/2 722/14/2
f 636/307/2 637/300/2 722/14/2
f 636/307/2 722/14/2 621/5/2
f 636/307/2 621/5/2 622/308/2
f 635/309/2 636/307/2 622/308/2
f 635/309/2 622/308/2 623/310/2
f 635/309/2 623/310/2 624/311/2
f 634/312/2 635/309/2 624/311/2
f 634/312/2 624/311/2 625/313/2
f 634/312/2 625/313/2 626/314/2
f 634/312/2 626/314/2 627/315/2
f 633/316/2 634/312/2 627/315/2
f 633/316/2 627/315/2 628/317/2
f 633/316/2 628/317/2 629/318/2
f 633/316/2 629/318/2 630/319/2
f 632/320/2 633/316/2 630/319/2
f 632/320/2 630/319/2 631/321/2
s 1
f 724/322/3 726/323/4 725/324/4 723/5/3
f 726/323/4 728/325/5 727/326/5 725/324/4
f 728/325/5 730/327/6 729/328/6 727/326/5
f 730/327/6 732/329/7 731/330/7 729/328/6
f 732/329/7 734/331/8 733/332/8 731/330/7
f 734/331/8 736/333/9 735/334/9 733/332/8
f 736/333/9 738/335/10 737/336/10 735/334/9
f 738/335/10 740/337/11 739/338/11 737/336/10
f 740/337/11 742/339/12 741/340/12 739/338/11
f 742/339/12 744/341/13 743/342/13 741/340/12
f 744/341/13 746/343/14 745/344/14 743/342/13
f 746/343/14 748/345/15 747/346/15 745/344/14
f 748/345/15 750/347/16 749/348/16 747/346/15
f 750/347/16 752/349/17 751/350/17 749/348/16
f 752/349/17 754/351/18 753/352/18 751/350/17
f 754/351/18 756/353/19 755/354/19 753/352/18
f 756/353/19 758/355/20 757/356/20 755/354/19
f 758/355/20 760/357/21 759/358/21 757/356/20
f 760/357/21 762/359/22 761/360/22 759/358/21
f 762/359/22 764/361/23 763/362/23 761/360/22
f 764/361/23 766/363/24 765/364/24 763/362/23
f 766/363/24 768/365/25 767/366/25 765/364/24
f 768/365/25 770/367/26 769/368/26 767/366/25
f 770/367/26 772/369/27 771/370/27 769/368/26
f 772/369/27 774/371/28 773/372/28 771/370/27
f 774/371/28 776/373/29 775/374/29 773/372/28
f 776/373/29 778/375/30 777/376/30 775/374/29
f 778/375/30 780/377/31 779/378/31 777/376/30
f 780/377/31 782/379/32 781/380/32 779/378/31
f 782/379/32 784/381/33 783/382/33 781/380/32
f 784/381/33 786/383/34 785/384/34 783/382/33
f 786/383/34 788/385/35 787/386/35 785/384/34
f 788/385/35 790/387/36 789/388/36 787/386/35
f 790/387/36 792/389/37 791/74/37 789/388/36
f 792/389/37 794/390/38 793/391/38 791/74/37
f 794/390/38 796/392/39 795/393/39 793/391/38
f 796/392/39 798/394/40 797/395/40 795/393/39
f 798/394/40 800/396/41 799/397/41 797/395/40
f 800/396/41 802/398/42 801/399/42 799/397/41
f 802/398/42 804/400/43 803/401/43 801/399/42
f 804/400/43 806/402/44 805/403/44 803/401/43
f 806/402/44 808/404/45 807/405/45 805/403/44
f 808/404/45 810/406/46 809/407/46 807/405/45
f 810/406/46 812/408/47 811/409/47 809/407/46
f 812/408/47 814/410/48 813/411/48 811/409/47
f 814/410/48 816/412/49 815/413/49 813/411/48
f 816/412/49 818/414/50 817/415/50 815/413/49
f 818/414/50 820/416/51 819/417/51 817/415/50
f 820/416/51 822/418/52 821/419/52 819/417/51
f 822/418/52 824/420/53 823/421/53 821/419/52
f 824/420/53 826/422/54 825/97/54 823/421/53
f 826/422/54 828/423/55 827/424/55 825/97/54
f 828/423/55 830/425/56 829/426/56 827/424/55
f 830/425/56 832/427/57 831/428/57 829/426/56
f 832/427/57 834/429/58 833/430/58 831/428/57
f 834/429/58 836/431/59 835/432/59 833/430/58
f 836/431/59 838/433/60 837/434/60 835/432/59
f 838/433/60 840/435/61 839/436/61 837/434/60
f 840/435/61 842/437/62 841/438/62 839/436/61
f 842/437/62 844/439/63 843/440/63 841/438/62
f 844/439/63 846/441/64 845/442/64 843/440/63
f 846/441/64 848/443/65 847/444/65 845/442/64
f 848/443/65 850/445/66 849/446/66 847/444/65
f 850/445/66 852/447/67 851/448/67 849/446/66
f 852/447/67 854/449/68 853/450/68 851/448/67
f 854/449/68 856/451/69 855/452/69 853/450/68
f 856/451/69 858/453/70 857/454/70 855/452/69
f 858/453/70 860/455/71 859/50/71 857/454/70
f 860/455/71 862/456/72 861/457/72 859/50/71
f 862/456/72 864/458/73 863/459/73 861/457/72
f 864/458/73 866/460/74 865/461/74 863/459/73
f 866/460/74 868/462/75 867/463/75 865/461/74
f 868/462/75 870/464/76 869/465/76 867/463/75
f 870/464/76 872/466/77 871/467/77 869/465/76
f 872/466/77 874/468/78 873/469/78 871/467/77
f 874/468/78 876/470/79 875/471/79 873/469/78
f 876/470/79 878/472/80 877/473/80 875/471/79
f 878/472/80 880/474/81 879/475/81 877/473/80
f 880/474/81 882/476/82 881/477/82 879/475/81
f 882/476/82 884/478/83 883/479/83 881/477/82
f 884/478/83 886/480/84 885/481/84 883/479/83
f 886/480/84 888/482/85 887/483/85 885/481/84
f 888/482/85 890/484/86 889/485/86 887/483/85
f 890/484/86 892/486/87 891/487/87 889/485/86
f 892/486/87 894/488/88 893/489/88 891/487/87
f 894/488/88 896/490/89 895/491/89 893/489/88
f 896/490/89 898/492/90 897/493/90 895/491/89
f 898/492/90 900/494/91 899/495/91 897/493/90
f 900/494/91 902/496/92 901/497/92 899/495/91
f 902/496/92 904/498/93 903/499/93 901/497/92
f 904/498/93 906/500/94 905/501/94 903/499/93
f 906/500/94 908/502/95 907/503/95 905/501/94
f 908/502/95 910/504/96 909/505/96 907/503/95
f 910/504/96 912/506/97 911/507/97 909/505/96
f 912/506/97 914/508/98 913/509/98 911/507/97
f 914/508/98 916/510/99 915/511/99 913/509/98
f 916/510/99 918/512/100 917/513/100 915/511/99
f 918/512/100 920/514/100 919/515/100 917/513/100
f 920/514/100 922/516/101 921/517/101 919/515/100
f 922/516/101 924/518/102 923/519/102 921/517/101
f 924/518/102 926/520/103 925/521/103 923/519/102
f 926/520/103 724/522/3 723/14/3 925/521/103
f 928/322/104 930/523/104 929/524/104 927/5/104
f 930/523/104 932/525/105 931/526/105 929/524/104
f 932/525/105 934/527/105 933/528/105 931/526/105
f 934/527/105 936/422/106 935/97/106 933/528/105
f 936/422/106 938/529/107 937/530/107 935/97/106
f 938/529/107 940/531/108 939/532/108 937/530/107
f 940/531/108 942/533/109 941/534/109 939/532/108
f 942/533/109 928/522/104 927/14/104 941/534/109
f 944/322/110 946/389/111 945/74/111 943/5/110
f 946/389/111 948/455/112 947/50/112 945/74/111
f 948/455/112 944/522/110 943/14/110 947/50/112
f 950/322/100 952/535/100 951/536/100 949/5/100
f 952/535/100 954/537/113 953/538/113 951/536/100
f 954/537/113 956/539/113 955/101/113 953/538/113
f 956/539/113 958/540/114 957/541/114 955/101/113
f 958/540/114 960/389/114 959/74/114 957/541/114
f 960/389/114 962/542/115 961/95/115 959/74/114
f 962/542/115 964/543/115 963/544/115 961/95/115
f 964/543/115 966/545/100 965/546/100 963/544/115
f 966/545/100 968/547/101 967/96/101 965/546/100
f 968/547/101 970/455/116 969/50/116 967/96/101
f 970/455/116 972/548/117 971/549/117 969/50/116
f 972/548/117 974/550/118 973/100/118 971/549/117
f 974/550/118 976/551/102 975/552/102 973/100/118
f 976/551/102 978/553/115 977/554/115 975/552/102
f 978/553/115 950/522/100 949/14/100 977/554/115
f 980/322/115 982/555/102 981/556/102 979/5/115
f 982/555/102 984/355/102 983/356/102 981/556/102
f 984/355/102 986/525/115 985/526/115 983/356/102
f 986/525/115 988/389/115 987/74/115 985/526/115
f 988/389/115 990/557/102 989/558/102 987/74/115
f 990/557/102 992/422/102 991/97/102 989/558/102
f 992/422/102 994/559/115 993/560/115 991/97/102
f 994/559/115 996/455/100 995/50/100 993/560/115
f 996/455/100 998/531/101 997/532/101 995/50/100
f 998/531/101 1000/488/102 999/489/102 997/532/101
f 1000/488/102 1002/561/115 1001/562/115 999/489/102
f 1002/561/115 980/522/115 979/14/115 1001/562/115
f 1004/322/119 1006/563/120 1005/564/120 1003/5/119
f 1006/563/120 1008/565/121 1007/566/121 1005/564/120
f 1008/565/121 1010/567/122 1009/568/122 1007/566/121
f 1010/567/122 1012/569/123 1011/570/123 1009/568/122
f 1012/569/123 1014/571/124 1013/572/124 1011/570/123
f 1014/571/124 1016/573/125 1015/574/125 1013/572/124
f 1016/573/125 1018/575/126 1017/219/126 1015/574/125
f 1018/575/126 1020/576/127 1019/577/127 1017/219/126
f 1020/576/127 1022/578/128 1021/579/128 1019/577/127
f 1022/578/128 1024/580/129 1023/581/129 1021/579/128
f 1024/580/129 1026/582/130 1025/583/130 1023/581/129
f 1026/582/130 1028/584/131 1027/585/131 1025/583/130
f 1028/584/131 1030/586/132 1029/587/132 1027/585/131
f 1030/586/132 1032/588/133 1031/218/133 1029/587/132
f 1032/588/133 1034/589/134 1033/590/134 1031/218/133
f 1034/589/134 1036/591/135 1035/592/135 1033/590/134
f 1036/591/135 1038/593/136 1037/594/136 1035/592/135
f 1038/593/136 1040/595/137 1039/596/137 1037/594/136
f 1040/595/137 1042/597/138 1041/598/138 1039/596/137
f 1042/597/138 1044/599/139 1043/600/139 1041/598/138
f 1044/599/139 1046/601/140 1045/221/140 1043/600/139
f 1046/601/140 1048/602/141 1047/603/141 1045/221/140
f 1048/602/141 1050/604/142 1049/605/142 1047/603/141
f 1050/604/142 1052/606/143 1051/607/143 1049/605/142
f 1052/606/143 1054/608/144 1053/609/144 1051/607/143
f 1054/608/144 1056/610/145 1055/611/145 1053/609/144
f 1056/610/145 1058/612/146 1057/613/146 1055/611/145
f 1058/612/146 1060/614/147 1059/220/147 1057/613/146
f 1060/614/147 1062/615/148 1061/616/148 1059/220/147
f 1062/615/148 1064/617/149 1063/618/149 1061/616/148
f 1064/617/149 1066/619/150 1065/620/150 1063/618/149
f 1066/619/150 1068/621/151 1067/622/151 1065/620/150
f 1068/621/151 1070/623/152 1069/624/152 1067/622/151
f 1070/623/152 1072/625/153 1071/626/153 1069/624/152
f 1072/625/153 1074/627/154 1073/214/154 1071/626/153
f 1074/627/154 1076/628/155 1075/629/155 1073/214/154
f 1076/628/155 1078/630/156 1077/631/156 1075/629/155
f 1078/630/156 1080/632/157 1079/633/157 1077/631/156
f 1080/632/157 1082/634/158 1081/635/158 1079/633/157
f 1082/634/158 1084/636/159 1083/637/159 1081/635/158
f 1084/636/159 1086/638/160 1085/639/160 1083/637/159
f 1086/638/160 1088/640/161 1087/213/161 1085/639/160
f 1088/640/161 1090/641/162 1089/642/162 1087/213/161
f 1090/641/162 1092/643/163 1091/644/163 1089/642/162
f 1092/643/163 1094/645/164 1093/646/164 1091/644/163
f 1094/645/164 1096/647/165 1095/648/165 1093/646/164
f 1096/647/165 1098/649/166 1097/650/166 1095/648/165
f 1098/649/166 1100/651/167 1099/652/167 1097/650/166
f 1100/651/167 1102/422/168 1101/97/168 1099/652/167
f 1102/422/168 1104/653/169 1103/654/169 1101/97/168
f 1104/653/169 1106/655/170 1105/656/170 1103/654/169
f 1106/655/170 1108/657/171 1107/658/171 1105/656/170
f 1108/657/171 1110/659/172 1109/660/172 1107/658/171
f 1110/659/172 1112/661/173 1111/662/173 1109/660/172
f 1112/661/173 1114/663/174 1113/664/174 1111/662/173
f 1114/663/174 1116/665/175 1115/210/175 1113/664/174
f 1116/665/175 1118/666/176 1117/667/176 1115/210/175
f 1118/666/176 1120/668/177 1119/669/177 1117/667/176
f 1120/668/177 1122/670/178 1121/671/178 1119/669/177
f 1122/670/178 1124/672/179 1123/673/179 1121/671/178
f 1124/672/179 1126/674/180 1125/675/180 1123/673/179
f 1126/674/180 1128/676/181 1127/677/181 1125/675/180
f 1128/676/181 1130/678/182 1129/212/182 1127/677/181
f 1130/678/182 1132/679/183 1131/680/183 1129/212/182
f 1132/679/183 1134/681/184 1133/682/184 1131/680/183
f 1134/681/184 1136/683/185 1135/684/185 1133/682/184
f 1136/683/185 1138/685/186 1137/686/186 1135/684/185
f 1138/685/186 1140/687/187 1139/688/187 1137/686/186
f 1140/687/187 1142/689/188 1141/690/188 1139/688/187
f 1142/689/188 1144/691/189 1143/211/189 1141/690/188
f 1144/691/189 1146/692/190 1145/693/190 1143/211/189
f 1146/692/190 1148/694/191 1147/695/191 1145/693/190
f 1148/694/191 1150/696/192 1149/697/192 1147/695/191
f 1150/696/192 1152/698/193 1151/699/193 1149/697/192
f 1152/698/193 1154/700/194 1153/701/194 1151/699/193
f 1154/700/194 1156/702/195 1155/703/195 1153/701/194
f 1156/702/195 1158/704/196 1157/215/196 1155/703/195
f 1158/704/196 1160/705/197 1159/706/197 1157/215/196
f 1160/705/197 1162/707/198 1161/708/198 1159/706/197
f 1162/707/198 1164/709/199 1163/710/199 1161/708/198
f 1164/709/199 1166/711/200 1165/712/200 1163/710/199
f 1166/711/200 1168/713/201 1167/714/201 1165/712/200
f 1168/713/201 1170/715/202 1169/716/202 1167/714/201
f 1170/715/202 1172/717/203 1171/217/203 1169/716/202
f 1172/717/203 1174/718/204 1173/719/204 1171/217/203
f 1174/718/204 1176/720/205 1175/721/205 1173/719/204
f 1176/720/205 1178/722/206 1177/723/206 1175/721/205
f 1178/722/206 1180/724/207 1179/725/207 1177/723/206
f 1180/724/207 1182/726/208 1181/727/208 1179/725/207
f 1182/726/208 1184/728/209 1183/729/209 1181/727/208
f 1184/728/209 1186/730/210 1185/216/210 1183/729/209
f 1186/730/210 1188/731/211 1187/732/211 1185/216/210
f 1188/731/211 1190/733/212 1189/734/212 1187/732/211
f 1190/733/212 1192/735/213 1191/736/213 1189/734/212
f 1192/735/213 1194/737/214 1193/738/214 1191/736/213
f 1194/737/214 1196/739/215 1195/740/215 1193/738/214
f 1196/739/215 1198/741/216 1197/742/216 1195/740/215
f 1198/741/216 1004/522/119 1003/14/119 1197/742/216
f 1200/322/102 1202/355/115 1201/356/115 1199/5/102
f 1202/355/115 1204/389/100 1203/74/100 1201/356/115
f 1204/389/100 1206/422/101 1205/97/101 1203/74/100
f 1206/422/101 1208/455/102 1207/50/102 1205/97/101
f 1208/455/102 1210/488/102 1209/489/102 1207/50/102
f 1210/488/102 1200/522/102 1199/14/102 1209/489/102
f 1212/322/115 1214/555/102 1213/556/102 1211/5/115
f 1214/555/102 1216/355/102 1215/356/102 1213/556/102
f 1216/355/102 1218/525/115 1217/526/115 1215/356/102
f 1218/525/115 1220/389/115 1219/74/115 1217/526/115
f 1220/389/115 1222/557/102 1221/558/102 1219/74/115
f 1222/557/102 1224/422/102 1223/97/102 1221/558/102
f 1224/422/102 1226/559/115 1225/560/115 1223/97/102
f 1226/559/115 1228/455/100 1227/50/100 1225/560/115
f 1228/455/100 1230/531/101 1229/532/101 1227/50/100
f 1230/531/101 1232/488/102 1231/489/102 1229/532/101
f 1232/488/102 1234/561/115 1233/562/115 1231/489/102
f 1234/561/115 1212/522/115 1211/14/115 1233/562/115
f 1236/322/104 1238/523/104 1237/524/104 1235/5/104
f 1238/523/104 1240/525/105 1239/526/105 1237/524/104
f 1240/525/105 1242/527/105 1241/528/105 1239/526/105
f 1242/527/105 1244/422/106 1243/97/106 1241/528/105
f 1244/422/106 1246/529/107 1245/530/107 1243/97/106
f 1246/529/107 1248/531/108 1247/532/108 1245/530/107
f 1248/531/108 1250/533/109 1249/534/109 1247/532/108
f 1250/533/109 1236/522/104 1235/14/104 1249/534/109
f 1252/322/110 1254/389/111 1253/74/111 1251/5/110
f 1254/389/111 1256/455/112 1255/50/112 1253/74/111
f 1256/455/112 1252/522/110 1251/14/110 1255/50/112
f 1258/322/217 1260/743/218 1259/744/218 1257/5/217
f 1260/743/218 1262/745/219 1261/746/219 1259/744/218
f 1262/745/219 1264/747/220 1263/748/220 1261/746/219
f 1264/747/220 1266/749/221 1265/750/221 1263/748/220
f 1266/749/221 1268/751/222 1267/752/222 1265/750/221
f 1268/751/222 1270/753/223 1269/754/223 1267/752/222
f 1270/753/223 1272/755/224 1271/756/224 1269/754/223
f 1272/755/224 1274/757/225 1273/758/225 1271/756/224
f 1274/757/225 1276/759/226 1275/760/226 1273/758/225
f 1276/759/226 1278/761/227 1277/762/227 1275/760/226
f 1278/761/227 1280/763/228 1279/764/228 1277/762/227
f 1280/763/228 1282/765/229 1281/766/229 1279/764/228
f 1282/765/229 1284/767/230 1283/768/230 1281/766/229
f 1284/767/230 1286/769/231 1285/770/231 1283/768/230
f 1286/769/231 1288/771/232 1287/772/232 1285/770/231
f 1288/771/232 1290/773/233 1289/774/233 1287/772/232
f 1290/773/233 1292/775/234 1291/776/234 1289/774/233
f 1292/775/234 1294/777/235 1293/778/235 1291/776/234
f 1294/777/235 1296/779/236 1295/780/236 1293/778/235
f 1296/779/236 1298/781/237 1297/782/237 1295/780/236
f 1298/781/237 1300/783/238 1299/784/238 1297/782/237
f 1300/783/238 1302/785/239 1301/786/239 1299/784/238
f 1302/785/239 1304/787/240 1303/788/240 1301/786/239
f 1304/787/240 1306/789/241 1305/790/241 1303/788/240
f 1306/789/241 1308/791/242 1307/792/242 1305/790/241
f 1308/791/242 1310/793/243 1309/794/243 1307/792/242
f 1310/793/243 1312/795/244 1311/796/244 1309/794/243
f 1312/795/244 1314/797/245 1313/798/245 1311/796/244
f 1314/797/245 1316/799/246 1315/800/246 1313/798/245
f 1316/799/246 1318/801/247 1317/802/247 1315/800/246
f 1318/801/247 1320/803/248 1319/804/248 1317/802/247
f 1320/803/248 1322/805/249 1321/806/249 1319/804/248
f 1322/805/249 1324/807/250 1323/808/250 1321/806/249
f 1324/807/250 1326/809/251 1325/810/251 1323/808/250
f 1326/809/251 1328/811/252 1327/812/252 1325/810/251
f 1328/811/252 1330/813/253 1329/814/253 1327/812/252
f 1330/813/253 1332/815/254 1331/816/254 1329/814/253
f 1332/815/254 1334/817/255 1333/818/255 1331/816/254
f 1334/817/255 1336/819/256 1335/820/256 1333/818/255
f 1336/819/256 1338/821/257 1337/822/257 1335/820/256
f 1338/821/257 1340/823/258 1339/824/258 1337/822/257
f 1340/823/258 1342/825/259 1341/826/259 1339/824/258
f 1342/825/259 1344/827/260 1343/828/260 1341/826/259
f 1344/827/260 1346/829/261 1345/830/261 1343/828/260
f 1346/829/261 1348/831/262 1347/832/262 1345/830/261
f 1348/831/262 1350/833/263 1349/834/263 1347/832/262
f 1350/833/263 1352/835/264 1351/836/264 1349/834/263
f 1352/835/264 1354/837/265 1353/838/265 1351/836/264
f 1354/837/265 1356/839/266 1355/840/266 1353/838/265
f 1356/839/266 1358/841/267 1357/842/267 1355/840/266
f 1358/841/267 1360/843/268 1359/844/268 1357/842/267
f 1360/843/268 1362/845/269 1361/846/269 1359/844/268
f 1362/845/269 1364/847/270 1363/848/270 1361/846/269
f 1364/847/270 1366/849/271 1365/850/271 1363/848/270
f 1366/849/271 1368/851/272 1367/852/272 1365/850/271
f 1368/851/272 1370/853/273 1369/854/273 1367/852/272
f 1370/853/273 1372/855/274 1371/856/274 1369/854/273
f 1372/855/274 1374/857/275 1373/858/275 1371/856/274
f 1374/857/275 1376/859/276 1375/860/276 1373/858/275
f 1376/859/276 1378/861/277 1377/862/277 1375/860/276
f 1378/861/277 1380/863/278 1379/864/278 1377/862/277
f 1380/863/278 1382/865/115 1381/866/115 1379/864/278
f 1382/865/115 1384/867/115 1383/868/115 1381/866/115
f 1384/867/115 1386/869/100 1385/870/100 1383/868/115
f 1386/869/100 1388/871/101 1387/872/101 1385/870/100
f 1388/871/101 1390/873/279 1389/874/279 1387/872/101
f 1390/873/279 1258/522/217 1257/14/217 1389/874/279
f 1392/322/280 1394/875/281 1393/876/281 1391/5/280
f 1394/875/281 1396/877/282 1395/878/282 1393/876/281
f 1396/877/282 1398/879/283 1397/880/283 1395/878/282
f 1398/879/283 1400/881/284 1399/882/284 1397/880/283
f 1400/881/284 1402/883/285 1401/884/285 1399/882/284
f 1402/883/285 1404/885/286 1403/886/286 1401/884/285
f 1404/885/286 1406/887/287 1405/888/287 1403/886/286
f 1406/887/287 1408/889/288 1407/890/288 1405/888/287
f 1408/889/288 1410/389/289 1409/74/289 1407/890/288
f 1410/389/289 1412/891/290 1411/892/290 1409/74/289
f 1412/891/290 1414/893/291 1413/894/291 1411/892/290
f 1414/893/291 1416/895/292 1415/896/292 1413/894/291
f 1416/895/292 1418/897/293 1417/898/293 1415/896/292
f 1418/897/293 1420/899/294 1419/900/294 1417/898/293
f 1420/899/294 1422/901/295 1421/902/295 1419/900/294
f 1422/901/295 1424/903/296 1423/904/296 1421/902/295
f 1424/903/296 1426/905/297 1425/906/297 1423/904/296
f 1426/905/297 1428/455/298 1427/50/298 1425/906/297
f 1428/455/298 1430/907/299 1429/908/299 1427/50/298
f 1430/907/299 1432/909/300 1431/910/300 1429/908/299
f 1432/909/300 1434/911/301 1433/912/301 1431/910/300
f 1434/911/301 1436/913/302 1435/914/302 1433/912/301
f 1436/913/302 1438/915/303 1437/916/303 1435/914/302
f 1438/915/303 1440/917/304 1439/918/304 1437/916/303
f 1440/917/304 1442/919/115 1441/920/115 1439/918/304
f 1442/919/115 1444/921/102 1443/922/102 1441/920/115
f 1444/921/102 1392/522/280 1391/14/280 1443/922/102
